product_id,title,source,platform,original_url,final_url,http_code,issue_type,is_active,notes
seeded-hatari-t16m4,Hatari พัดลมตั้งโต๊ะ 16 นิ้ว รุ่น HT-T16M4 ปรับแรงลม 3 ระดับ มอเตอร์ระบบรองลื่น บอล แบริ่ง รับประกัน 3 ปี,seeded-catalog,shopee,https://shopee.co.th/product/10156942/204981144,https://shopee.co.th/product/10156942/204981144,200,Valid Link,True,Verified authentic product link
seeded-xiaomi-air4c,Xiaomi Smart Air Purifier 4 Compact เครื่องฟอกอากาศอัจฉริยะ กรองฝุ่น PM2.5 เสียงเงียบ รองรับ Mi Home,seeded-catalog,shopee,https://shopee.co.th/product/43892711/18921829104,https://shopee.co.th/product/43892711/18921829104,200,Valid Link,True,Verified authentic product link
seeded-anker-ace45w,Anker 313 Charger (Ace 45W) หัวชาร์จเร็ว รองรับ Samsung Super Fast Charging 2.0 / iPhone PD เทคโนโลยี GaN,seeded-catalog,shopee,https://shopee.co.th/product/12948190/18291048291,https://shopee.co.th/product/12948190/18291048291,200,Valid Link,True,Verified authentic product link
seeded-tefal-sochef28,Tefal กระทะก้นลึก So Chef ขนาด 28 ซม. รุ่น G1351995 ผิวเคลือบกันติด ไทเทเนียม จุดเธอร์โมซิกนัล ใช้ได้กับเตาทุกประเภท,seeded-catalog,shopee,https://shopee.co.th/product/23910291/8921029182,https://shopee.co.th/product/23910291/8921029182,200,Valid Link,True,Verified authentic product link
seeded-logitech-m331,Logitech M331 Silent Plus เม้าส์ไร้สาย ไร้เสียงคลิก ลดเสียงรบกวน 90% แบตเตอรี่ใช้งานได้นาน 24 เดือน,seeded-catalog,shopee,https://shopee.co.th/product/18291048/3921029182,https://shopee.co.th/product/18291048/3921029182,200,Valid Link,True,Verified authentic product link
seeded-drpong-kpowder,Dr.PONG ZERO PORE Blurring K Powder แป้งพัฟเบลอรูขุมขน คุมมัน ปกปิดเนียนสนิท MADE IN KOREA,seeded-catalog,shopee,https://shopee.co.th/product/29104829/4910291829,https://shopee.co.th/product/29104829/4910291829,200,Valid Link,True,Verified authentic product link
seeded-baseus-bowiee3,Baseus Bowie E3 หูฟังบลูทูธ 5.3 ไร้สาย True Wireless เสียงเบสแน่น ชาร์จไว Flash Charge แบตอึด 25 ชั่วโมง,seeded-catalog,shopee,https://shopee.co.th/product/19204918/5910291829,https://shopee.co.th/product/19204918/5910291829,200,Valid Link,True,Verified authentic product link
seeded-dreame-pocket,"Dreame Pocket ไดร์เป่าผมความเร็วสูง พับได้ พกพาสะดวก ลมแรง 110,000 รอบ/นาที ไอออนลบ 300 ล้านตัว ดูแลเส้นผม",seeded-catalog,shopee,https://shopee.co.th/product/28104829/6910291829,https://shopee.co.th/product/28104829/6910291829,200,Valid Link,True,Verified authentic product link
seeded-philips-hd9200,Philips Essential Airfryer หม้อทอดไร้น้ำมัน รุ่น HD9200/91 ขนาด 4.1 ลิตร,seeded-catalog,shopee,https://shopee.co.th/product/16654877/5973347915,https://shopee.co.th/product/16654877/5973347915,200,Valid Link,True,Verified authentic product link
seeded-simplus-fryer,Simplus หม้อทอดไร้น้ำมัน 4L มองเห็นอาหาร สัมผัสทัชสกรีนอัจฉริยะ,seeded-catalog,shopee,https://shopee.co.th/product/549112938/12093847561,https://shopee.co.th/product/549112938/12093847561,200,Valid Link,True,Verified authentic product link
seeded-locknlock-tumbler,LocknLock แก้วเก็บอุณหภูมิ Metro Mug 475ml สแตนเลส 304 เก็บเย็นนาน 18 ชม.,seeded-catalog,shopee,https://shopee.co.th/product/38927491/7958372910,https://shopee.co.th/product/38927491/7958372910,200,Valid Link,True,Verified authentic product link
seeded-dettol-hygiene,เดทตอล สเปรย์ฆ่าเชื้อโรค ดิสอินเฟคแทนท์ คริสป์บรีซ 450 มล.,seeded-catalog,shopee,https://shopee.co.th/product/43430503/1293847192,https://shopee.co.th/product/43430503/1293847192,200,Valid Link,True,Verified authentic product link
seeded-marshall-emberton,Marshall Emberton II ลำโพงบลูทูธพกพา กันน้ำ IP67 แบตเตอรี่ 30+ ชั่วโมง,seeded-catalog,shopee,https://shopee.co.th/product/91827364/18273645192,https://shopee.co.th/product/91827364/18273645192,200,Valid Link,True,Verified authentic product link
partner-tiktok-1736175027002639954,SIPIAO กระดาษครัว 240 แผ่น (SPC7003-5),partner-catalog,tiktok,https://vt.tiktok.com/ZS9SbQHtMFSq9-wWpS8/,https://vt.tiktok.com/ZS9SbQHtMFSq9-wWpS8/,200,Valid Link,True,Verified authentic product link
partner-lazada-1404464662-3596186331,SYSTEMA แปรงสีฟัน ซิสเท็มมา รุ่นหัวแปรงขนาดกลาง (แพ็ค 6),partner-catalog,lazada,https://s.lazada.co.th/s.ZjP8AJ?c=w,https://s.lazada.co.th/s.ZjP8AJ?c=w,200,Valid Link,True,Verified authentic product link
shopee-feed-422755086-42357917810,SUPERMOM l LUMI MATTE FOUNDATION รองพื้นเนื้อแมตต์ ติดทน ปกปิดระดับปานกลาง Made in korea Vegan,shopee-feed-catalog,shopee,https://shope.ee/an_redir?origin_link=https%3A%2F%2Fshopee.co.th%2Fproduct%2F422755086%2F42357917810,https://shope.ee/an_redir?origin_link=https%3A%2F%2Fshopee.co.th%2Fproduct%2F422755086%2F42357917810,200,Valid Link,True,Verified authentic product link
shopee-feed-131489224-1977415134,Dna ดีน่า นมถั่วเหลืองยูเอชที สูตรงาดำ 2 เท่า 180 มล. x 48 กล่อง,shopee-feed-catalog,shopee,https://shope.ee/an_redir?origin_link=https%3A%2F%2Fshopee.co.th%2Fproduct%2F131489224%2F1977415134,https://shope.ee/an_redir?origin_link=https%3A%2F%2Fshopee.co.th%2Fproduct%2F131489224%2F1977415134,200,Valid Link,True,Verified authentic product link
shopee-feed-12404764-26526049221,ใหม่! BabyLove Toy Pants กางเกงผ้าอ้อมเด็กเบบี้เลิฟ ทอยส์แพ้นท์ ซื้อ 1 แพ็ค แถม 1 แพ็ค ไซส์ M/L/XL/XXL (2แพ็ค),shopee-feed-catalog,shopee,https://shope.ee/an_redir?origin_link=https%3A%2F%2Fshopee.co.th%2Fproduct%2F12404764%2F26526049221,https://shope.ee/an_redir?origin_link=https%3A%2F%2Fshopee.co.th%2Fproduct%2F12404764%2F26526049221,200,Valid Link,True,Verified authentic product link
shopee-feed-45222406-54104282573,ไฮยีน เอ็กซ์เพิร์ท แคร์ น้ำยาปรับผ้านุ่มสูตรเข้มข้นพิเศษ 1000 มล.,shopee-feed-catalog,shopee,https://shope.ee/an_redir?origin_link=https%3A%2F%2Fshopee.co.th%2Fproduct%2F45222406%2F54104282573,https://shope.ee/an_redir?origin_link=https%3A%2F%2Fshopee.co.th%2Fproduct%2F45222406%2F54104282573,200,Valid Link,True,Verified authentic product link
shopee-feed-1265018458-41169412108,มาสคาร่าปัดขนคิ้ว มาสคาร่า ล็อคคิ้วแน่น เคลือบขนคิ้วให้เรียงตัวและจัดทรงได้ง่ายขึ้น mascara กันน้ำ มาสคาร่าคิ้ว B161,shopee-feed-catalog,shopee,https://shope.ee/an_redir?origin_link=https%3A%2F%2Fshopee.co.th%2Fproduct%2F1265018458%2F41169412108,https://shope.ee/an_redir?origin_link=https%3A%2F%2Fshopee.co.th%2Fproduct%2F1265018458%2F41169412108,200,Valid Link,True,Verified authentic product link
shopee-feed-58418206-42601768145,"คอตตอนแคนดี้ บรีส น้ำยาซักผ้า 1,100-1,200 มล. และ คอมฟอร์ท บิวตี้เพอร์ฟูม น้ำยาปรับผ้านุ่ม 1,050 มล.",shopee-feed-catalog,shopee,https://shope.ee/an_redir?origin_link=https%3A%2F%2Fshopee.co.th%2Fproduct%2F58418206%2F42601768145,https://shope.ee/an_redir?origin_link=https%3A%2F%2Fshopee.co.th%2Fproduct%2F58418206%2F42601768145,200,Valid Link,True,Verified authentic product link
shopee-feed-1469616290-42671600648,COLORKEY PINK MATTE CUSHION LONG LASTING FLAWLESS BRIGHTENING SPF50+PA++++ คุชชั่น เนือแมตต์ กันน้ำกันเหงื่อ กันแดด,shopee-feed-catalog,shopee,https://shope.ee/an_redir?origin_link=https%3A%2F%2Fshopee.co.th%2Fproduct%2F1469616290%2F42671600648,https://shope.ee/an_redir?origin_link=https%3A%2F%2Fshopee.co.th%2Fproduct%2F1469616290%2F42671600648,200,Valid Link,True,Verified authentic product link
shopee-feed-986280014-49214370612,LOVE POTION MAGIC CHARM GLASSY LIP เลิฟ โพชั่น เมจิก ชาร์ม กลาสซี่ลิป,shopee-feed-catalog,shopee,https://shope.ee/an_redir?origin_link=https%3A%2F%2Fshopee.co.th%2Fproduct%2F986280014%2F49214370612,https://shope.ee/an_redir?origin_link=https%3A%2F%2Fshopee.co.th%2Fproduct%2F986280014%2F49214370612,200,Valid Link,True,Verified authentic product link
shopee-feed-973865329-26916753150,Terry Watery Bomb กันแดดหน้าสำหรับคนเป็นสิว เนื้อฟลูอิด Hybrid‑Fluid SPF50+ PA++++ 20ml กันแดดหนมปัง,shopee-feed-catalog,shopee,https://shope.ee/an_redir?origin_link=https%3A%2F%2Fshopee.co.th%2Fproduct%2F973865329%2F26916753150,https://shope.ee/an_redir?origin_link=https%3A%2F%2Fshopee.co.th%2Fproduct%2F973865329%2F26916753150,200,Valid Link,True,Verified authentic product link
shopee-feed-6583190-20753476086,Dr.PONG ZERO PORE Blurring K Powder แป้งพัฟเบลอรูขุมขน ปกปิด คุมมัน MADE IN KOREA จากเกาหลี,shopee-feed-catalog,shopee,https://shope.ee/an_redir?origin_link=https%3A%2F%2Fshopee.co.th%2Fproduct%2F6583190%2F20753476086,https://shope.ee/an_redir?origin_link=https%3A%2F%2Fshopee.co.th%2Fproduct%2F6583190%2F20753476086,200,Valid Link,True,Verified authentic product link
shopee-feed-422755086-23779550145,SUPERMOM l Marshmallow Puff (พัฟมาชเมลโล่),shopee-feed-catalog,shopee,https://shope.ee/an_redir?origin_link=https%3A%2F%2Fshopee.co.th%2Fproduct%2F422755086%2F23779550145,https://shope.ee/an_redir?origin_link=https%3A%2F%2Fshopee.co.th%2Fproduct%2F422755086%2F23779550145,200,Valid Link,True,Verified authentic product link
shopee-feed-762689085-20173248802,DAZZLE ME Fruit Justice Lip Balm ลิปบาล์ม บํารุงริมฝีปากให้ชุ่มชื้น ลดความหมองคล้ำ เปลี่ยนสีตามค่าPH,shopee-feed-catalog,shopee,https://shope.ee/an_redir?origin_link=https%3A%2F%2Fshopee.co.th%2Fproduct%2F762689085%2F20173248802,https://shope.ee/an_redir?origin_link=https%3A%2F%2Fshopee.co.th%2Fproduct%2F762689085%2F20173248802,200,Valid Link,True,Verified authentic product link
shopee-feed-70802054-6025315504,MizuMi Extra Mild Facial Cleanser 500ml เจลล้างหน้า สูตรอ่อนโยนพิเศษ (หัวปั้ม) ผิวแพ้ง่าย ผิวเป็นสิว ผิวแห้ง,shopee-feed-catalog,shopee,https://shope.ee/an_redir?origin_link=https%3A%2F%2Fshopee.co.th%2Fproduct%2F70802054%2F6025315504,https://shope.ee/an_redir?origin_link=https%3A%2F%2Fshopee.co.th%2Fproduct%2F70802054%2F6025315504,200,Valid Link,True,Verified authentic product link
shopee-feed-73931604-26238547704,กางเกงทำงานทรงขากระบอกกลาง มีหูใส่เข็มขัด ตะขอหน้า เอวสูง ผ้าไอด้า เกรด Premium [B9],shopee-feed-catalog,shopee,https://shope.ee/an_redir?origin_link=https%3A%2F%2Fshopee.co.th%2Fproduct%2F73931604%2F26238547704,https://shope.ee/an_redir?origin_link=https%3A%2F%2Fshopee.co.th%2Fproduct%2F73931604%2F26238547704,200,Valid Link,True,Verified authentic product link
shopee-feed-56542501-19393499774,ลา โรช-โพเซย์ La Roche-Posay Effaclar DUO+M ครีมบำรุงหน้ามอยซ์เจอไรเซอร์บำรุงผิวเป็นสิว 40ml,shopee-feed-catalog,shopee,https://shope.ee/an_redir?origin_link=https%3A%2F%2Fshopee.co.th%2Fproduct%2F56542501%2F19393499774,https://shope.ee/an_redir?origin_link=https%3A%2F%2Fshopee.co.th%2Fproduct%2F56542501%2F19393499774,200,Valid Link,True,Verified authentic product link
shopee-feed-294976233-8158815497,Diamond Grains กราโนล่า พรีกซ์ครันชี่ มีหลายรสชาติให้เลือก ขนาด 400 กรัม ไดมอนด์เกรนส์,shopee-feed-catalog,shopee,https://shope.ee/an_redir?origin_link=https%3A%2F%2Fshopee.co.th%2Fproduct%2F294976233%2F8158815497,https://shope.ee/an_redir?origin_link=https%3A%2F%2Fshopee.co.th%2Fproduct%2F294976233%2F8158815497,200,Valid Link,True,Verified authentic product link
shopee-feed-88650802-7217791570,Tawan ตะวัน ขนาด 5 บาท (เลือกรสได้),shopee-feed-catalog,shopee,https://shope.ee/an_redir?origin_link=https%3A%2F%2Fshopee.co.th%2Fproduct%2F88650802%2F7217791570,https://shope.ee/an_redir?origin_link=https%3A%2F%2Fshopee.co.th%2Fproduct%2F88650802%2F7217791570,200,Valid Link,True,Verified authentic product link
shopee-feed-72690591-25963301698,PinPinไซรัปหญ้าหวาน 29 รสชาติ ไซรัปคีโต 0 kcal ไม่มีน้ำตาล,shopee-feed-catalog,shopee,https://shope.ee/an_redir?origin_link=https%3A%2F%2Fshopee.co.th%2Fproduct%2F72690591%2F25963301698,https://shope.ee/an_redir?origin_link=https%3A%2F%2Fshopee.co.th%2Fproduct%2F72690591%2F25963301698,200,Valid Link,True,Verified authentic product link
shopee-feed-426143063-18681531157,Xiaomi Mi Smart Camera C201/C302/C301/C400/C500/C701 Home Security Camera กล้องวงจรปิดไร้สาย2K กล้องวงจรปิด พาโนรามา360°,shopee-feed-catalog,shopee,https://shope.ee/an_redir?origin_link=https%3A%2F%2Fshopee.co.th%2Fproduct%2F426143063%2F18681531157,https://shope.ee/an_redir?origin_link=https%3A%2F%2Fshopee.co.th%2Fproduct%2F426143063%2F18681531157,200,Valid Link,True,Verified authentic product link
shopee-feed-108157692-2272862001,อาท สเปรย์ไล่หนู 300 มล. สูตรใหม่,shopee-feed-catalog,shopee,https://shope.ee/an_redir?origin_link=https%3A%2F%2Fshopee.co.th%2Fproduct%2F108157692%2F2272862001,https://shope.ee/an_redir?origin_link=https%3A%2F%2Fshopee.co.th%2Fproduct%2F108157692%2F2272862001,200,Valid Link,True,Verified authentic product link
shopee-feed-378293230-19132103315,Eucerin OMEGA ATO-CALMING FACE CREAM 50 ML ยูเซอริน ครีมบำรุงผิวสำหรับผิวแพ้ง่าย ลดผิวแห้ง ผิวอักเสบ แดง ระคาย,shopee-feed-catalog,shopee,https://shope.ee/an_redir?origin_link=https%3A%2F%2Fshopee.co.th%2Fproduct%2F378293230%2F19132103315,https://shope.ee/an_redir?origin_link=https%3A%2F%2Fshopee.co.th%2Fproduct%2F378293230%2F19132103315,200,Valid Link,True,Verified authentic product link
shopee-feed-1213423807-28550755977,iQIYI STANDARD VIP มาตรฐาน 1 เดือน แอปดูหนัง/ซีรีส์ แบบซับไทยและพากย์ไทย,shopee-feed-catalog,shopee,https://shope.ee/an_redir?origin_link=https%3A%2F%2Fshopee.co.th%2Fproduct%2F1213423807%2F28550755977,https://shope.ee/an_redir?origin_link=https%3A%2F%2Fshopee.co.th%2Fproduct%2F1213423807%2F28550755977,200,Valid Link,True,Verified authentic product link
shopee-feed-1745201752-48609685673,MILAIขนตาปลอมกาวในตัว เรียงเส้น ติดง่าย ไม่ง้อกาว ธรรมชาติ มีครบทุกสไตล์,shopee-feed-catalog,shopee,https://shope.ee/an_redir?origin_link=https%3A%2F%2Fshopee.co.th%2Fproduct%2F1745201752%2F48609685673,https://shope.ee/an_redir?origin_link=https%3A%2F%2Fshopee.co.th%2Fproduct%2F1745201752%2F48609685673,200,Valid Link,True,Verified authentic product link
shopee-feed-970093388-20077039517,อกไก่เต๋า ขนมฟรีซดราย อกไก่ฟรีซดราย ขนมแมว ฟรีซดรายแมว ไก่ฟรีซดราย ขนมฟรีซดรายแมว ไก่ฟรีซดรายแมว 100%ฟู้ดเกรด,shopee-feed-catalog,shopee,https://shope.ee/an_redir?origin_link=https%3A%2F%2Fshopee.co.th%2Fproduct%2F970093388%2F20077039517,https://shope.ee/an_redir?origin_link=https%3A%2F%2Fshopee.co.th%2Fproduct%2F970093388%2F20077039517,200,Valid Link,True,Verified authentic product link
shopee-feed-6617518-24763597402,Odbo Eye Blush Crush Palette โอดีบีโอ อายบลัช ครัช พาเลท ODS04 ขนาด 6 กรัม,shopee-feed-catalog,shopee,https://shope.ee/an_redir?origin_link=https%3A%2F%2Fshopee.co.th%2Fproduct%2F6617518%2F24763597402,https://shope.ee/an_redir?origin_link=https%3A%2F%2Fshopee.co.th%2Fproduct%2F6617518%2F24763597402,200,Valid Link,True,Verified authentic product link
shopee-feed-711553165-17724141317,YJM แผ่นกันลื่น 60-90x120cm หนา6mm แผ่นยางกันลื่น ในห้องน้ํา ห้องครัว พื้นกระเบื้อง PVC Mat,shopee-feed-catalog,shopee,https://shope.ee/an_redir?origin_link=https%3A%2F%2Fshopee.co.th%2Fproduct%2F711553165%2F17724141317,https://shope.ee/an_redir?origin_link=https%3A%2F%2Fshopee.co.th%2Fproduct%2F711553165%2F17724141317,200,Valid Link,True,Verified authentic product link
shopee-feed-53866678-888934079,เซตาฟิล Cetaphil Gentle Skin Cleanser คลีนเซอร์ เจลทำความสะอาดผิวหน้าและผิวกาย สำหรับผิวแห้ง ผิวบอบบางแพ้ง่าย 118ml,shopee-feed-catalog,shopee,https://shope.ee/an_redir?origin_link=https%3A%2F%2Fshopee.co.th%2Fproduct%2F53866678%2F888934079,https://shope.ee/an_redir?origin_link=https%3A%2F%2Fshopee.co.th%2Fproduct%2F53866678%2F888934079,200,Valid Link,True,Verified authentic product link
shopee-feed-50823336-29484747340,ทิชชู่เปียก Welcare Mini Hygienic Wet Wipes 8 ห่อ/แพ็ก ทำความสะอาดผิว สูตรไฮจีนิคไวพส์,shopee-feed-catalog,shopee,https://shope.ee/an_redir?origin_link=https%3A%2F%2Fshopee.co.th%2Fproduct%2F50823336%2F29484747340,https://shope.ee/an_redir?origin_link=https%3A%2F%2Fshopee.co.th%2Fproduct%2F50823336%2F29484747340,200,Valid Link,True,Verified authentic product link
shopee-feed-224882570-29244796662,โทนเนอร์แพดดำ ผิวเนียน กระชับ รูขุมขน HER HYNESS INSTANT PORE REFINE TONER PAD 80 PADS,shopee-feed-catalog,shopee,https://shope.ee/an_redir?origin_link=https%3A%2F%2Fshopee.co.th%2Fproduct%2F224882570%2F29244796662,https://shope.ee/an_redir?origin_link=https%3A%2F%2Fshopee.co.th%2Fproduct%2F224882570%2F29244796662,200,Valid Link,True,Verified authentic product link
shopee-feed-116327475-44218313547,Apple iPhone 17 Pro Max | iStudio by copperwired,shopee-feed-catalog,shopee,https://shope.ee/an_redir?origin_link=https%3A%2F%2Fshopee.co.th%2Fproduct%2F116327475%2F44218313547,https://shope.ee/an_redir?origin_link=https%3A%2F%2Fshopee.co.th%2Fproduct%2F116327475%2F44218313547,200,Valid Link,True,Verified authentic product link
shopee-feed-1295360166-26521617547,ผ้าปูที่นอน 6ฟุต/5ฟุต/3.5ฟุต/3ฟุต ผ้าปูเสริมใยขนาด ผ้าปูที่นอนกันไรฝุ่น ดมุม 360° องศา หนาลายการ์ตูนน่ารั,shopee-feed-catalog,shopee,https://shope.ee/an_redir?origin_link=https%3A%2F%2Fshopee.co.th%2Fproduct%2F1295360166%2F26521617547,https://shope.ee/an_redir?origin_link=https%3A%2F%2Fshopee.co.th%2Fproduct%2F1295360166%2F26521617547,200,Valid Link,True,Verified authentic product link
shopee-feed-501584281-42157880868,KONG⚡️ติดง่าย⚡️PVT ฟิล์มกระจกเต็มจอ 🔥 กันมองกันเสือกใส 🔥 for iPhone 17 Pro Max/Air/16E 15 14 13 11 12/8/7 Plus/XR/XS Max,shopee-feed-catalog,shopee,https://shope.ee/an_redir?origin_link=https%3A%2F%2Fshopee.co.th%2Fproduct%2F501584281%2F42157880868,https://shope.ee/an_redir?origin_link=https%3A%2F%2Fshopee.co.th%2Fproduct%2F501584281%2F42157880868,200,Valid Link,True,Verified authentic product link
shopee-feed-1547136150-41027741727,คีมปอกสายไฟมัลติฟังก์ชั่น คีมเอนกประสงค์วัสดุเหล็กโลหะ คีมปอกสายไฟ 12in 1 แบบพับได้ ช่างไฟฟ้า คีมช่าง คีมอเนกประสงค์ COD,shopee-feed-catalog,shopee,https://shope.ee/an_redir?origin_link=https%3A%2F%2Fshopee.co.th%2Fproduct%2F1547136150%2F41027741727,https://shope.ee/an_redir?origin_link=https%3A%2F%2Fshopee.co.th%2Fproduct%2F1547136150%2F41027741727,200,Valid Link,True,Verified authentic product link
shopee-feed-80699995-24735956162,SRICHAND ไรซ์ แอนด์ ไชน์ พลัมปิ้ง ลิปสติก Rise & Shine Plumping Lipstick 3g,shopee-feed-catalog,shopee,https://shope.ee/an_redir?origin_link=https%3A%2F%2Fshopee.co.th%2Fproduct%2F80699995%2F24735956162,https://shope.ee/an_redir?origin_link=https%3A%2F%2Fshopee.co.th%2Fproduct%2F80699995%2F24735956162,200,Valid Link,True,Verified authentic product link
shopee-feed-401778392-24984524142,กระเป๋าใส่ทะเบียนรถ ทะเบียนบ้าน ทะเบียนรถ ทะเบียนบ้าน สมุดเก็บเงิน,shopee-feed-catalog,shopee,https://shope.ee/an_redir?origin_link=https%3A%2F%2Fshopee.co.th%2Fproduct%2F401778392%2F24984524142,https://shope.ee/an_redir?origin_link=https%3A%2F%2Fshopee.co.th%2Fproduct%2F401778392%2F24984524142,200,Valid Link,True,Verified authentic product link
shopee-feed-6583190-3790183455,สบู่ลดสิวสูตรอ่อนโยน Dr.PONG Natural Volcanic Sulphur 3% Soap with BHA 2% ดอกเตอร์พงศ์ สำหรับคนเป็นสิว,shopee-feed-catalog,shopee,https://shope.ee/an_redir?origin_link=https%3A%2F%2Fshopee.co.th%2Fproduct%2F6583190%2F3790183455,https://shope.ee/an_redir?origin_link=https%3A%2F%2Fshopee.co.th%2Fproduct%2F6583190%2F3790183455,200,Valid Link,True,Verified authentic product link
shopee-feed-1459654235-25643698002,SKINTIFIC 2pcs moisturizer 5เอ็กซ์ เซราไมด์ มอยส์เจอร์ ครีมทาหน้า ไนอาซินาไมด์ โทนอัพ มอยเจอร์ไรเซอร์,shopee-feed-catalog,shopee,https://shope.ee/an_redir?origin_link=https%3A%2F%2Fshopee.co.th%2Fproduct%2F1459654235%2F25643698002,https://shope.ee/an_redir?origin_link=https%3A%2F%2Fshopee.co.th%2Fproduct%2F1459654235%2F25643698002,200,Valid Link,True,Verified authentic product link
shopee-feed-1090969565-25383455917,Tomin™ Vitamin C1000 MG ( 60แคปซูล/60วัน) วิตาซี พลัส วิตามินดี ซิงก์ เสริมภูมิ ป้องกันหวัด ผิวขาวใส,shopee-feed-catalog,shopee,https://shope.ee/an_redir?origin_link=https%3A%2F%2Fshopee.co.th%2Fproduct%2F1090969565%2F25383455917,https://shope.ee/an_redir?origin_link=https%3A%2F%2Fshopee.co.th%2Fproduct%2F1090969565%2F25383455917,200,Valid Link,True,Verified authentic product link
shopee-feed-29668843-2480891506,MAYBELLINE FIT ME MATTE & PORELESS LIQUID FOUNDATION เมย์เบลลีน รองพื้นคุมมัน ฟิต มี แมท แอนด์ พอร์เลส,shopee-feed-catalog,shopee,https://shope.ee/an_redir?origin_link=https%3A%2F%2Fshopee.co.th%2Fproduct%2F29668843%2F2480891506,https://shope.ee/an_redir?origin_link=https%3A%2F%2Fshopee.co.th%2Fproduct%2F29668843%2F2480891506,200,Valid Link,True,Verified authentic product link
shopee-feed-88075264-25491531535,Lola & Co อาหารเปียกแมวรหัส 07 สูตร Complete & Balance ขนาด 80 กรัม,shopee-feed-catalog,shopee,https://shope.ee/an_redir?origin_link=https%3A%2F%2Fshopee.co.th%2Fproduct%2F88075264%2F25491531535,https://shope.ee/an_redir?origin_link=https%3A%2F%2Fshopee.co.th%2Fproduct%2F88075264%2F25491531535,200,Valid Link,True,Verified authentic product link
shopee-feed-53478807-29702868180,นมกล่อง เอส 26 ยูเอชที โกลด์โปร สูตร 3 (108 กล่อง) ยกลัง x4 S-26 Gold Pro UHT Formula3 x4 cases,shopee-feed-catalog,shopee,https://shope.ee/an_redir?origin_link=https%3A%2F%2Fshopee.co.th%2Fproduct%2F53478807%2F29702868180,https://shope.ee/an_redir?origin_link=https%3A%2F%2Fshopee.co.th%2Fproduct%2F53478807%2F29702868180,200,Valid Link,True,Verified authentic product link
shopee-feed-943456793-29405064922,Hello Polo รองเท้าแฟชั่นผู้หญิง รองเท้าแตะลําลอง แบบหนีบ ทนต่อการสึกหรอ กันลื่น แฟชั่น ทนต่อการสึกหรอ เบาสบาย HP8038,shopee-feed-catalog,shopee,https://shope.ee/an_redir?origin_link=https%3A%2F%2Fshopee.co.th%2Fproduct%2F943456793%2F29405064922,https://shope.ee/an_redir?origin_link=https%3A%2F%2Fshopee.co.th%2Fproduct%2F943456793%2F29405064922,200,Valid Link,True,Verified authentic product link
shopee-feed-23325172-1182523765,นมกล่อง เอนฟาโกร ยูเอชที ซุพีเรียร์ สูตร3 (24 กล่อง) Enfagrow UHT Superior Stage3 (24 boxes),shopee-feed-catalog,shopee,https://shope.ee/an_redir?origin_link=https%3A%2F%2Fshopee.co.th%2Fproduct%2F23325172%2F1182523765,https://shope.ee/an_redir?origin_link=https%3A%2F%2Fshopee.co.th%2Fproduct%2F23325172%2F1182523765,200,Valid Link,True,Verified authentic product link
shopee-feed-527892985-11355481227,"Dreamy Milky Cream ครีมเทียมกลิ่นนม ขนาด 1,000 กรัม (แพ็ก 12 ยกลัง)",shopee-feed-catalog,shopee,https://shope.ee/an_redir?origin_link=https%3A%2F%2Fshopee.co.th%2Fproduct%2F527892985%2F11355481227,https://shope.ee/an_redir?origin_link=https%3A%2F%2Fshopee.co.th%2Fproduct%2F527892985%2F11355481227,200,Valid Link,True,Verified authentic product link
shopee-feed-175143402-24332402022,VENITA ครีมกันแดดเวนิต้า Venita Anti-Acne Care Sunscreen SPF50/PA+++ plus 30gเนื้อครีมเจลซึมเร็ว,shopee-feed-catalog,shopee,https://shope.ee/an_redir?origin_link=https%3A%2F%2Fshopee.co.th%2Fproduct%2F175143402%2F24332402022,https://shope.ee/an_redir?origin_link=https%3A%2F%2Fshopee.co.th%2Fproduct%2F175143402%2F24332402022,200,Valid Link,True,Verified authentic product link
shopee-feed-70802054-53557097963,MizuMi UV Sport Body Serum 100g กันแดดตัวสูตรกันน้ำ กันเหงื่อ เขย่าก่อนใช้ ยิ่งโดนน้ำ ยิ่งปกป้อง เนื้อบางเบา สบายผิว,shopee-feed-catalog,shopee,https://shope.ee/an_redir?origin_link=https%3A%2F%2Fshopee.co.th%2Fproduct%2F70802054%2F53557097963,https://shope.ee/an_redir?origin_link=https%3A%2F%2Fshopee.co.th%2Fproduct%2F70802054%2F53557097963,200,Valid Link,True,Verified authentic product link
shopee-feed-609885819-28374372599,ครีมกำจัดขน COSMIC คอสมิค ครีมกำจัดขน 5นาทีขนหาย ผิวเนียน ไร้ขน ไม่เป็นตอ ไม่แสบไม่คัน (ของแท้เจ้าของแบรนด์),shopee-feed-catalog,shopee,https://shope.ee/an_redir?origin_link=https%3A%2F%2Fshopee.co.th%2Fproduct%2F609885819%2F28374372599,https://shope.ee/an_redir?origin_link=https%3A%2F%2Fshopee.co.th%2Fproduct%2F609885819%2F28374372599,200,Valid Link,True,Verified authentic product link
shopee-feed-284570749-6853925961,น้ำผึ้งเดือนห้าแท้ ขวดพลาสติก ผึ้ง 3 ตัว 🐝🐝🐝1000g,shopee-feed-catalog,shopee,https://shope.ee/an_redir?origin_link=https%3A%2F%2Fshopee.co.th%2Fproduct%2F284570749%2F6853925961,https://shope.ee/an_redir?origin_link=https%3A%2F%2Fshopee.co.th%2Fproduct%2F284570749%2F6853925961,200,Valid Link,True,Verified authentic product link
shopee-feed-1305822681-55154381658,ซันซิล ไชน์ แชมพู 425มล x2 (เลือกสูตรด้านใน),shopee-feed-catalog,shopee,https://shope.ee/an_redir?origin_link=https%3A%2F%2Fshopee.co.th%2Fproduct%2F1305822681%2F55154381658,https://shope.ee/an_redir?origin_link=https%3A%2F%2Fshopee.co.th%2Fproduct%2F1305822681%2F55154381658,200,Valid Link,True,Verified authentic product link
shopee-feed-607043280-22751217656,บ๊อกเซอร์แพ็กสุดคุ้มเริ่มต้น10ตัว199,shopee-feed-catalog,shopee,https://shope.ee/an_redir?origin_link=https%3A%2F%2Fshopee.co.th%2Fproduct%2F607043280%2F22751217656,https://shope.ee/an_redir?origin_link=https%3A%2F%2Fshopee.co.th%2Fproduct%2F607043280%2F22751217656,200,Valid Link,True,Verified authentic product link
shopee-feed-386379296-22218918918,น้ำดื่มคริสตัลขนาด (1500 มล. x 6 ขวด) 15แพ็ค 90 ขวด Crystal Drinking Water1500 ml,shopee-feed-catalog,shopee,https://shope.ee/an_redir?origin_link=https%3A%2F%2Fshopee.co.th%2Fproduct%2F386379296%2F22218918918,https://shope.ee/an_redir?origin_link=https%3A%2F%2Fshopee.co.th%2Fproduct%2F386379296%2F22218918918,200,Valid Link,True,Verified authentic product link
shopee-feed-63669256-1058793965,คลีน แอนด์ เคลียร์ โฟมล้างหน้า เซลฟ์โฟมมิ่ง เฟเชียล วอช Clean & Clear Essentials Self Foaming Facial Wash,shopee-feed-catalog,shopee,https://shope.ee/an_redir?origin_link=https%3A%2F%2Fshopee.co.th%2Fproduct%2F63669256%2F1058793965,https://shope.ee/an_redir?origin_link=https%3A%2F%2Fshopee.co.th%2Fproduct%2F63669256%2F1058793965,200,Valid Link,True,Verified authentic product link
shopee-feed-12701671-56151304959,"Sensodyne Clinical White Stain Protector, 2 shades whiter, 24/7 sensitivity protection",shopee-feed-catalog,shopee,https://shope.ee/an_redir?origin_link=https%3A%2F%2Fshopee.co.th%2Fproduct%2F12701671%2F56151304959,https://shope.ee/an_redir?origin_link=https%3A%2F%2Fshopee.co.th%2Fproduct%2F12701671%2F56151304959,200,Valid Link,True,Verified authentic product link
shopee-feed-418292429-45000864661,Y8 Melix14 spot corrector cream เจลลดฝ้า กระ จุดด่างดำ และรอยสิวบนใบหน้าอย่างอ่อนโยน,shopee-feed-catalog,shopee,https://shope.ee/an_redir?origin_link=https%3A%2F%2Fshopee.co.th%2Fproduct%2F418292429%2F45000864661,https://shope.ee/an_redir?origin_link=https%3A%2F%2Fshopee.co.th%2Fproduct%2F418292429%2F45000864661,200,Valid Link,True,Verified authentic product link
shopee-feed-193305997-4651743143,กัปตันไตรโค ไตรโคเดอร์ม่า สายพันธุ์คู่ สูตรเข้มข้น แบบผง(500กรัม) ปลอดภัย 100 %,shopee-feed-catalog,shopee,https://shope.ee/an_redir?origin_link=https%3A%2F%2Fshopee.co.th%2Fproduct%2F193305997%2F4651743143,https://shope.ee/an_redir?origin_link=https%3A%2F%2Fshopee.co.th%2Fproduct%2F193305997%2F4651743143,200,Valid Link,True,Verified authentic product link
shopee-feed-177936653-16714013998,Supurra Calcium L-Threonate แคลเซียมแอลทรีโอเนต ตราสุเพอร์ร่า [C14],shopee-feed-catalog,shopee,https://shope.ee/an_redir?origin_link=https%3A%2F%2Fshopee.co.th%2Fproduct%2F177936653%2F16714013998,https://shope.ee/an_redir?origin_link=https%3A%2F%2Fshopee.co.th%2Fproduct%2F177936653%2F16714013998,200,Valid Link,True,Verified authentic product link
shopee-feed-203532834-6710575645,ซิลค์ คอตตอน 24 ม้วน Zilk Kotton 24'R ทิชชู๋ม้วน Toilet Tissue,shopee-feed-catalog,shopee,https://shope.ee/an_redir?origin_link=https%3A%2F%2Fshopee.co.th%2Fproduct%2F203532834%2F6710575645,https://shope.ee/an_redir?origin_link=https%3A%2F%2Fshopee.co.th%2Fproduct%2F203532834%2F6710575645,200,Valid Link,True,Verified authentic product link
shopee-feed-681318028-23037842753,เสื้อคลุมกันแดด กันแสงแดด UV UPF50 NOUV BRANDS เสื้อฮู้ด by ซ้อบรีม sapaichina,shopee-feed-catalog,shopee,https://shope.ee/an_redir?origin_link=https%3A%2F%2Fshopee.co.th%2Fproduct%2F681318028%2F23037842753,https://shope.ee/an_redir?origin_link=https%3A%2F%2Fshopee.co.th%2Fproduct%2F681318028%2F23037842753,200,Valid Link,True,Verified authentic product link
shopee-feed-1505570169-24646028508,GOOJODOQ Gfs007 พัดลมพกพา 4000mah Type C พร้อมจอแสดงผล พัดลมไอเย็น 100 ระดับ พัดลมมือถือ,shopee-feed-catalog,shopee,https://shope.ee/an_redir?origin_link=https%3A%2F%2Fshopee.co.th%2Fproduct%2F1505570169%2F24646028508,https://shope.ee/an_redir?origin_link=https%3A%2F%2Fshopee.co.th%2Fproduct%2F1505570169%2F24646028508,200,Valid Link,True,Verified authentic product link
shopee-feed-1445457852-24490268546,ตะกร้าบริษัท [ขนาด 30 g.] PALA รองพื้น SPF50+ PA+++ Soft Mist Long-Lasting Liquid Foundation มี อ.ย.,shopee-feed-catalog,shopee,https://shope.ee/an_redir?origin_link=https%3A%2F%2Fshopee.co.th%2Fproduct%2F1445457852%2F24490268546,https://shope.ee/an_redir?origin_link=https%3A%2F%2Fshopee.co.th%2Fproduct%2F1445457852%2F24490268546,200,Valid Link,True,Verified authentic product link
shopee-feed-1580565697-40267237532,วอลเปเปอร์แบบมีกาวในตัว ลายไม้ ขนาดกว้าง พีวีซีลายไม้สติกเกอร์สติกเกอร์ตู้เสื้อผ้าสติกเกอร์ตก 60cmx5m,shopee-feed-catalog,shopee,https://shope.ee/an_redir?origin_link=https%3A%2F%2Fshopee.co.th%2Fproduct%2F1580565697%2F40267237532,https://shope.ee/an_redir?origin_link=https%3A%2F%2Fshopee.co.th%2Fproduct%2F1580565697%2F40267237532,200,Valid Link,True,Verified authentic product link
shopee-feed-30318389-408776628,PAO Silver Nano ผงซักฟอก เปา ซิลเวอร์ นาโน 2400-2500 กรัม,shopee-feed-catalog,shopee,https://shope.ee/an_redir?origin_link=https%3A%2F%2Fshopee.co.th%2Fproduct%2F30318389%2F408776628,https://shope.ee/an_redir?origin_link=https%3A%2F%2Fshopee.co.th%2Fproduct%2F30318389%2F408776628,200,Valid Link,True,Verified authentic product link
shopee-feed-28265861-760511314,PURINA FRISKIES อาหารเม็ดแมว เลือกรสชาติได้ 2.5 กก. (เพียวริน่า ฟริสกี้ส์),shopee-feed-catalog,shopee,https://shope.ee/an_redir?origin_link=https%3A%2F%2Fshopee.co.th%2Fproduct%2F28265861%2F760511314,https://shope.ee/an_redir?origin_link=https%3A%2F%2Fshopee.co.th%2Fproduct%2F28265861%2F760511314,200,Valid Link,True,Verified authentic product link
shopee-feed-378293230-9716944694,Eucerin DERMOPURE CLINICAL AMINO CLEANSING FOAM 150 ML โฟมล้างหน้า ลดปัญหาสิว ลดผิวมัน รอยดำ รอยแดง,shopee-feed-catalog,shopee,https://shope.ee/an_redir?origin_link=https%3A%2F%2Fshopee.co.th%2Fproduct%2F378293230%2F9716944694,https://shope.ee/an_redir?origin_link=https%3A%2F%2Fshopee.co.th%2Fproduct%2F378293230%2F9716944694,200,Valid Link,True,Verified authentic product link
shopee-feed-52792555-24169805872,ข้าวตังหมูหยอง แพ็ค 3 ถุง 75 - 80 กรัม (เลือกรสชาติ),shopee-feed-catalog,shopee,https://shope.ee/an_redir?origin_link=https%3A%2F%2Fshopee.co.th%2Fproduct%2F52792555%2F24169805872,https://shope.ee/an_redir?origin_link=https%3A%2F%2Fshopee.co.th%2Fproduct%2F52792555%2F24169805872,200,Valid Link,True,Verified authentic product link
shopee-feed-615665137-15213652536,☑️ชาช่า เมล็ดทานตะวัน [แบบลัง] รส 5รส และรสมะพร้าว ทุกขนาด( Chacha ) กรอบ หอม อร่อย เหมาะกับทุกโอกาส,shopee-feed-catalog,shopee,https://shope.ee/an_redir?origin_link=https%3A%2F%2Fshopee.co.th%2Fproduct%2F615665137%2F15213652536,https://shope.ee/an_redir?origin_link=https%3A%2F%2Fshopee.co.th%2Fproduct%2F615665137%2F15213652536,200,Valid Link,True,Verified authentic product link
shopee-feed-1414523656-27721097174,The Ordinary Hyaluronic Acid 2% + B5 | เซรั่มเพื่อผิวชุ่มชื้น อิ่มเอิบ เปล่งปลั่ง เรียบเนียน,shopee-feed-catalog,shopee,https://shope.ee/an_redir?origin_link=https%3A%2F%2Fshopee.co.th%2Fproduct%2F1414523656%2F27721097174,https://shope.ee/an_redir?origin_link=https%3A%2F%2Fshopee.co.th%2Fproduct%2F1414523656%2F27721097174,200,Valid Link,True,Verified authentic product link
shopee-feed-1309880911-25833903280,ผงอี้เหวิน ผงชาไข่มุก ผงชานม ขนาด 450g,shopee-feed-catalog,shopee,https://shope.ee/an_redir?origin_link=https%3A%2F%2Fshopee.co.th%2Fproduct%2F1309880911%2F25833903280,https://shope.ee/an_redir?origin_link=https%3A%2F%2Fshopee.co.th%2Fproduct%2F1309880911%2F25833903280,200,Valid Link,True,Verified authentic product link
shopee-feed-944560235-23627016470,Nekko เน็กโกะ อาหารเปียกแมว ครบสูตร ขนาด 70 กรัม,shopee-feed-catalog,shopee,https://shope.ee/an_redir?origin_link=https%3A%2F%2Fshopee.co.th%2Fproduct%2F944560235%2F23627016470,https://shope.ee/an_redir?origin_link=https%3A%2F%2Fshopee.co.th%2Fproduct%2F944560235%2F23627016470,200,Valid Link,True,Verified authentic product link
shopee-feed-254767643-44253396513,พร้อมส่ง สมุด ปากกาลูกลื่น สีน้ำเงิน มีหลายลาย เขียนง่าย ใช้สะดวก post it,shopee-feed-catalog,shopee,https://shope.ee/an_redir?origin_link=https%3A%2F%2Fshopee.co.th%2Fproduct%2F254767643%2F44253396513,https://shope.ee/an_redir?origin_link=https%3A%2F%2Fshopee.co.th%2Fproduct%2F254767643%2F44253396513,200,Valid Link,True,Verified authentic product link
shopee-feed-1113836137-27967308122,Pampee กางเกงผ้าอ้อมเด็ก 100 ชิ้น Size S-XXXL Baby Diapers Pants นุ่ม บางเบา ใส่สบาย,shopee-feed-catalog,shopee,https://shope.ee/an_redir?origin_link=https%3A%2F%2Fshopee.co.th%2Fproduct%2F1113836137%2F27967308122,https://shope.ee/an_redir?origin_link=https%3A%2F%2Fshopee.co.th%2Fproduct%2F1113836137%2F27967308122,200,Valid Link,True,Verified authentic product link
shopee-feed-41596381-4053762174,"CIAO ชูหรุ ขนมแมวเลีย 14 กรัม x 50 ชิ้น/กระปุก (1 กระปุก) - TSC-11T/TSC-12T,TSC-13T/TSC-14T,USA-657T",shopee-feed-catalog,shopee,https://shope.ee/an_redir?origin_link=https%3A%2F%2Fshopee.co.th%2Fproduct%2F41596381%2F4053762174,https://shope.ee/an_redir?origin_link=https%3A%2F%2Fshopee.co.th%2Fproduct%2F41596381%2F4053762174,200,Valid Link,True,Verified authentic product link
shopee-feed-1485671971-54156837267,Seagull เครื่องทำน้ำเต้าหู้โถแก้ว รุ่น อีซี่ ไลฟ์ 1.5 ลิตร (ครีม) Easy Life Soy Milk Maker 1.5 L (Cream),shopee-feed-catalog,shopee,https://shope.ee/an_redir?origin_link=https%3A%2F%2Fshopee.co.th%2Fproduct%2F1485671971%2F54156837267,https://shope.ee/an_redir?origin_link=https%3A%2F%2Fshopee.co.th%2Fproduct%2F1485671971%2F54156837267,200,Valid Link,True,Verified authentic product link
shopee-feed-915112553-21577210899,เบอร์ทอลลี่ เอ็กซ์ตร้า ไลท์ เทสติ้ง น้ำมัน​มะกอก 250 มล. │ Bertolli Extra Light Tasting 250 mL,shopee-feed-catalog,shopee,https://shope.ee/an_redir?origin_link=https%3A%2F%2Fshopee.co.th%2Fproduct%2F915112553%2F21577210899,https://shope.ee/an_redir?origin_link=https%3A%2F%2Fshopee.co.th%2Fproduct%2F915112553%2F21577210899,200,Valid Link,True,Verified authentic product link
shopee-feed-240723932-51013693886,Yuedpao Ultra-Fit Socks 2026 Collection ถุงเท้าข้อสั้น-ข้อยาว ยืดแต่ไม่ย้วย ผ้านุ่มใส่สบาย ระบายอากาศ ลดกลิ่นอับ (30 สี),shopee-feed-catalog,shopee,https://shope.ee/an_redir?origin_link=https%3A%2F%2Fshopee.co.th%2Fproduct%2F240723932%2F51013693886,https://shope.ee/an_redir?origin_link=https%3A%2F%2Fshopee.co.th%2Fproduct%2F240723932%2F51013693886,200,Valid Link,True,Verified authentic product link
shopee-feed-33549208-25318082541,iMI Mini Powerbank 10000mAh พาวเวอร์แบงค์มินิ สายในตัว ชาร์จเร็ว 22.5W ขึ้นเครื่องบินได้ แขวนกระเป๋าได้ พกพาง่าย,shopee-feed-catalog,shopee,https://shope.ee/an_redir?origin_link=https%3A%2F%2Fshopee.co.th%2Fproduct%2F33549208%2F25318082541,https://shope.ee/an_redir?origin_link=https%3A%2F%2Fshopee.co.th%2Fproduct%2F33549208%2F25318082541,200,Valid Link,True,Verified authentic product link
shopee-feed-73931604-25145629152,กางเกงทำงานทรงขากระบอกกลาง ซิปข้าง เอวสูง ผ้าไมโคร Premium [A9],shopee-feed-catalog,shopee,https://shope.ee/an_redir?origin_link=https%3A%2F%2Fshopee.co.th%2Fproduct%2F73931604%2F25145629152,https://shope.ee/an_redir?origin_link=https%3A%2F%2Fshopee.co.th%2Fproduct%2F73931604%2F25145629152,200,Valid Link,True,Verified authentic product link
shopee-feed-47679608-6493920616,"Solomon ที่นอนสปริง รุ่น Cornflaks หนา 9 นิ้ว ยอดขายกว่า 180,000+ หลัง",shopee-feed-catalog,shopee,https://shope.ee/an_redir?origin_link=https%3A%2F%2Fshopee.co.th%2Fproduct%2F47679608%2F6493920616,https://shope.ee/an_redir?origin_link=https%3A%2F%2Fshopee.co.th%2Fproduct%2F47679608%2F6493920616,200,Valid Link,True,Verified authentic product link
shopee-feed-476696400-26252198415,XNU Mass Soy Protein Gainer 900g แมสซอยโปรตีน โปรตีนเพิ่มมวล โปรตีนสร้างกล้ามเนื้อ รสช็อกโกแลต,shopee-feed-catalog,shopee,https://shope.ee/an_redir?origin_link=https%3A%2F%2Fshopee.co.th%2Fproduct%2F476696400%2F26252198415,https://shope.ee/an_redir?origin_link=https%3A%2F%2Fshopee.co.th%2Fproduct%2F476696400%2F26252198415,200,Valid Link,True,Verified authentic product link
shopee-feed-483409382-15918642349,Haxon Boar-Bristle Hairbrush หวีขนหมูป่าแท้ ขนหมูอัดแน่น หวีลดผมร่วง ช่วยให้ผมเงางาม แก้ผมพันกัน นวดหนังศีรษะ,shopee-feed-catalog,shopee,https://shope.ee/an_redir?origin_link=https%3A%2F%2Fshopee.co.th%2Fproduct%2F483409382%2F15918642349,https://shope.ee/an_redir?origin_link=https%3A%2F%2Fshopee.co.th%2Fproduct%2F483409382%2F15918642349,200,Valid Link,True,Verified authentic product link
shopee-feed-37557538-2809065705,[แพ็คคู่] อีฟ โรเช Yves Rocher Anti-Hair Loss Shampoo 300ml แชมพูลดผมร่วง - ดูแลปัญหาผมหลุดร่วง,shopee-feed-catalog,shopee,https://shope.ee/an_redir?origin_link=https%3A%2F%2Fshopee.co.th%2Fproduct%2F37557538%2F2809065705,https://shope.ee/an_redir?origin_link=https%3A%2F%2Fshopee.co.th%2Fproduct%2F37557538%2F2809065705,200,Valid Link,True,Verified authentic product link
shopee-feed-250722446-5453525072,Nutella นูเทลล่า เฮเซลนัทบดผสมโกโก้ 200 g.,shopee-feed-catalog,shopee,https://shope.ee/an_redir?origin_link=https%3A%2F%2Fshopee.co.th%2Fproduct%2F250722446%2F5453525072,https://shope.ee/an_redir?origin_link=https%3A%2F%2Fshopee.co.th%2Fproduct%2F250722446%2F5453525072,200,Valid Link,True,Verified authentic product link
shopee-feed-29668843-1438282399,MAYBELLINE HYPERCURL WATERPROOF MASCARA เมย์เบลลีน มาสคาร่ากันน้ำ ไฮเปอร์เคิร์ล,shopee-feed-catalog,shopee,https://shope.ee/an_redir?origin_link=https%3A%2F%2Fshopee.co.th%2Fproduct%2F29668843%2F1438282399,https://shope.ee/an_redir?origin_link=https%3A%2F%2Fshopee.co.th%2Fproduct%2F29668843%2F1438282399,200,Valid Link,True,Verified authentic product link
shopee-feed-1574305223-43732284098,JSNB รองเท้า รองเท้าแมรี่เจน รองเท้าคัชชู ส้นแบน 2cm พื้นนุ่มนิ่ม ดีไซน์สายรัดสไตล์วินเทจเกาหลี 36-43 [LN3991],shopee-feed-catalog,shopee,https://shope.ee/an_redir?origin_link=https%3A%2F%2Fshopee.co.th%2Fproduct%2F1574305223%2F43732284098,https://shope.ee/an_redir?origin_link=https%3A%2F%2Fshopee.co.th%2Fproduct%2F1574305223%2F43732284098,200,Valid Link,True,Verified authentic product link
shopee-feed-628267390-22987314620,ANKER Soundcore R50i NC/R50i หูฟังบลูทูธ Bluetooth TWS AI แปลภาษาได้ ANC 45H BassUp บลูทูธ 5.4 IP54 A3959/A3949,shopee-feed-catalog,shopee,https://shope.ee/an_redir?origin_link=https%3A%2F%2Fshopee.co.th%2Fproduct%2F628267390%2F22987314620,https://shope.ee/an_redir?origin_link=https%3A%2F%2Fshopee.co.th%2Fproduct%2F628267390%2F22987314620,200,Valid Link,True,Verified authentic product link
shopee-feed-45222406-25978723766,วิซ น้ำยาทำความสะอาดพื้น 5200 มล.,shopee-feed-catalog,shopee,https://shope.ee/an_redir?origin_link=https%3A%2F%2Fshopee.co.th%2Fproduct%2F45222406%2F25978723766,https://shope.ee/an_redir?origin_link=https%3A%2F%2Fshopee.co.th%2Fproduct%2F45222406%2F25978723766,200,Valid Link,True,Verified authentic product link
shopee-feed-71389382-28224036962,ถุงซิป Food Grade แพ็ค 1 KG มีหลายขนาด เนื้อใส หนา,shopee-feed-catalog,shopee,https://shope.ee/an_redir?origin_link=https%3A%2F%2Fshopee.co.th%2Fproduct%2F71389382%2F28224036962,https://shope.ee/an_redir?origin_link=https%3A%2F%2Fshopee.co.th%2Fproduct%2F71389382%2F28224036962,200,Valid Link,True,Verified authentic product link
shopee-feed-876738438-25379361443,ใหม่!! พอนด์ส ทรานส์ลูเซนท์ คอมแพค พาวเดอร์ (แป้งตลับ)แป้งฟิลเตอร์หน้าเป๊ะ คุมมันติดทน 12 ชม.ใช้ได้ทุกสีผิว 4.5ก แพ็คคู่,shopee-feed-catalog,shopee,https://shope.ee/an_redir?origin_link=https%3A%2F%2Fshopee.co.th%2Fproduct%2F876738438%2F25379361443,https://shope.ee/an_redir?origin_link=https%3A%2F%2Fshopee.co.th%2Fproduct%2F876738438%2F25379361443,200,Valid Link,True,Verified authentic product link
shopee-feed-213163642-29569864673,Sixnineแกลลอน แท้100%มีอย.ถูกต้องตามกฎหมาย,shopee-feed-catalog,shopee,https://shope.ee/an_redir?origin_link=https%3A%2F%2Fshopee.co.th%2Fproduct%2F213163642%2F29569864673,https://shope.ee/an_redir?origin_link=https%3A%2F%2Fshopee.co.th%2Fproduct%2F213163642%2F29569864673,200,Valid Link,True,Verified authentic product link
shopee-feed-165004669-2665822343,จิราพร กล้วยตาก เคลือบช็อคโกแลต (ขนาด 250g.) - JIRAPORNFOOD,shopee-feed-catalog,shopee,https://shope.ee/an_redir?origin_link=https%3A%2F%2Fshopee.co.th%2Fproduct%2F165004669%2F2665822343,https://shope.ee/an_redir?origin_link=https%3A%2F%2Fshopee.co.th%2Fproduct%2F165004669%2F2665822343,200,Valid Link,True,Verified authentic product link
shopee-feed-996675217-24918920308,yoyopet : ถุงมือสปา อาบน้ำแมว สุนัข ทำความสะอาดสัตว์เลี้ยง ใช้งานง่าย กลิ่นหอม ไม่ระคายเคืองผิว,shopee-feed-catalog,shopee,https://shope.ee/an_redir?origin_link=https%3A%2F%2Fshopee.co.th%2Fproduct%2F996675217%2F24918920308,https://shope.ee/an_redir?origin_link=https%3A%2F%2Fshopee.co.th%2Fproduct%2F996675217%2F24918920308,200,Valid Link,True,Verified authentic product link
shopee-feed-1083592286-45157078081,Cocolly Coffee กาแฟดำ คุมหิว เพิ่มการเผาผลาญ บำรุงผิวพรรณ ขาวกระจ่างใส,shopee-feed-catalog,shopee,https://shope.ee/an_redir?origin_link=https%3A%2F%2Fshopee.co.th%2Fproduct%2F1083592286%2F45157078081,https://shope.ee/an_redir?origin_link=https%3A%2F%2Fshopee.co.th%2Fproduct%2F1083592286%2F45157078081,200,Valid Link,True,Verified authentic product link
shopee-feed-52999629-57110792150,SpinnyHouse เสื้อแขนยาว เสื้อคอปก เสื้อกันหนาว พร้อมส่ง สาวอวบใส่ได้ ผ้าร่องยืด ยืดตามตัว รุ่น ปกดาว,shopee-feed-catalog,shopee,https://shope.ee/an_redir?origin_link=https%3A%2F%2Fshopee.co.th%2Fproduct%2F52999629%2F57110792150,https://shope.ee/an_redir?origin_link=https%3A%2F%2Fshopee.co.th%2Fproduct%2F52999629%2F57110792150,200,Valid Link,True,Verified authentic product link
shopee-feed-1421461793-41574501510,Love Angel เจลลี่บรา บราไร้ขอบ ไร้โครงใส่สบายเนื้อผ้านิ่ม เก็บทรงดี ไม่ปลิ้น Bra บราดูมๆดันทรง M-2XL 898,shopee-feed-catalog,shopee,https://shope.ee/an_redir?origin_link=https%3A%2F%2Fshopee.co.th%2Fproduct%2F1421461793%2F41574501510,https://shope.ee/an_redir?origin_link=https%3A%2F%2Fshopee.co.th%2Fproduct%2F1421461793%2F41574501510,200,Valid Link,True,Verified authentic product link
shopee-feed-239529041-19055263507,แบรนด์ซุปไก่สกัด สูตรต้นตำรับ 42 มล. แพค 9 ขวด,shopee-feed-catalog,shopee,https://shope.ee/an_redir?origin_link=https%3A%2F%2Fshopee.co.th%2Fproduct%2F239529041%2F19055263507,https://shope.ee/an_redir?origin_link=https%3A%2F%2Fshopee.co.th%2Fproduct%2F239529041%2F19055263507,200,Valid Link,True,Verified authentic product link
shopee-feed-1269894681-41406003092,ซื้อ1แถม1! SKYMI เจลไลเนอร์+รีฟิล กันน้ำ กันเหงื่อ ติดทน ไม่เลอะ ไม่แพนด้า หัวบาง3มม. กรีดแม่นยำ มีอย.รับรอง พร้อมส่ง,shopee-feed-catalog,shopee,https://shope.ee/an_redir?origin_link=https%3A%2F%2Fshopee.co.th%2Fproduct%2F1269894681%2F41406003092,https://shope.ee/an_redir?origin_link=https%3A%2F%2Fshopee.co.th%2Fproduct%2F1269894681%2F41406003092,200,Valid Link,True,Verified authentic product link
shopee-feed-201488045-54906356824,Dodolove กระปุกเก็บนมผง กระปุกแบ่งนม กล่องเก็บนมผง ป้องกันความชื้น อเนกประสงค์ แบบใช้ที่บ้าน และ แบบพกพา,shopee-feed-catalog,shopee,https://shope.ee/an_redir?origin_link=https%3A%2F%2Fshopee.co.th%2Fproduct%2F201488045%2F54906356824,https://shope.ee/an_redir?origin_link=https%3A%2F%2Fshopee.co.th%2Fproduct%2F201488045%2F54906356824,200,Valid Link,True,Verified authentic product link
shopee-feed-543682742-24520942998,Jollynn Joy Cotton Lace Bra บราลูกไม้ไร้โครง เต้าสามเหลี่ยม ดีไซน์ทรง V โชว์ร่องอก ตะขอหลัง ฟองบาง ระบายอากาศได้ดีเยี่ยม,shopee-feed-catalog,shopee,https://shope.ee/an_redir?origin_link=https%3A%2F%2Fshopee.co.th%2Fproduct%2F543682742%2F24520942998,https://shope.ee/an_redir?origin_link=https%3A%2F%2Fshopee.co.th%2Fproduct%2F543682742%2F24520942998,200,Valid Link,True,Verified authentic product link
shopee-feed-1148135098-45164861097,ของเล่นพวงกุญแจ Keycap คีย์แคป มินิการ์ตูนน่ารัก Cute Mini Keycap คีย์บอร์ดปุ่มกด ของเล่นปุ่มกด พวงกุญแจของเล่น,shopee-feed-catalog,shopee,https://shope.ee/an_redir?origin_link=https%3A%2F%2Fshopee.co.th%2Fproduct%2F1148135098%2F45164861097,https://shope.ee/an_redir?origin_link=https%3A%2F%2Fshopee.co.th%2Fproduct%2F1148135098%2F45164861097,200,Valid Link,True,Verified authentic product link
shopee-feed-1283418366-40969373749,ปลอกแขนกันแดด ผ้าละเอียด กันแสง UV 99% ระบายอากาศดี สัมผัสนุ่มใส่สบาย ใส่ได้ทั้งชายและหญิง free size,shopee-feed-catalog,shopee,https://shope.ee/an_redir?origin_link=https%3A%2F%2Fshopee.co.th%2Fproduct%2F1283418366%2F40969373749,https://shope.ee/an_redir?origin_link=https%3A%2F%2Fshopee.co.th%2Fproduct%2F1283418366%2F40969373749,200,Valid Link,True,Verified authentic product link
shopee-feed-1326924285-29961338577,สีขาวนม Fu Bing ผ้าไหม Yamamoto กางเกงผู้หญิงฤดูร้อนบาง 2026 ความรู้สึกกล้ามเนื้อใหม่เดินโค้งสบาย ๆ กางเกงขายาวกรดอะซิติ,shopee-feed-catalog,shopee,https://shope.ee/an_redir?origin_link=https%3A%2F%2Fshopee.co.th%2Fproduct%2F1326924285%2F29961338577,https://shope.ee/an_redir?origin_link=https%3A%2F%2Fshopee.co.th%2Fproduct%2F1326924285%2F29961338577,200,Valid Link,True,Verified authentic product link
shopee-feed-683705825-10387559484,Bigen One Push ปริมาณ (มล.) 40 จุดเด่นผลิตภัณฑ์ 1ปิดผมขาวเนียนสนิท,shopee-feed-catalog,shopee,https://shope.ee/an_redir?origin_link=https%3A%2F%2Fshopee.co.th%2Fproduct%2F683705825%2F10387559484,https://shope.ee/an_redir?origin_link=https%3A%2F%2Fshopee.co.th%2Fproduct%2F683705825%2F10387559484,200,Valid Link,True,Verified authentic product link
shopee-feed-61801865-50959606170,Smooth E NAD+ Cream 30 ml. & Sun Wrinkle Spot Serum เซ็ตครีมและเซรั่มลดเลือนริ้วรอย จุดด่างดำ,shopee-feed-catalog,shopee,https://shope.ee/an_redir?origin_link=https%3A%2F%2Fshopee.co.th%2Fproduct%2F61801865%2F50959606170,https://shope.ee/an_redir?origin_link=https%3A%2F%2Fshopee.co.th%2Fproduct%2F61801865%2F50959606170,200,Valid Link,True,Verified authentic product link
shopee-feed-121969451-7341976211,"Fineline ไฟน์ไลน์ผลิตภัณฑ์ซักผ้าพลัส ซันนี่โกลด์ แกลลอน 2,800 มล. x1, สีทอง, สูตรลดกลิ่นอับชื้น",shopee-feed-catalog,shopee,https://shope.ee/an_redir?origin_link=https%3A%2F%2Fshopee.co.th%2Fproduct%2F121969451%2F7341976211,https://shope.ee/an_redir?origin_link=https%3A%2F%2Fshopee.co.th%2Fproduct%2F121969451%2F7341976211,200,Valid Link,True,Verified authentic product link
shopee-feed-12701671-25164275014,CENTRUM ACTIVE DIETARY SUPPLEMENT 108s เซนทรัม ผลิตภัณฑ์เสริมอาหาร วิตามินรวม สำหรับทุกคน 108 เม็ด แพ็ค 1,shopee-feed-catalog,shopee,https://shope.ee/an_redir?origin_link=https%3A%2F%2Fshopee.co.th%2Fproduct%2F12701671%2F25164275014,https://shope.ee/an_redir?origin_link=https%3A%2F%2Fshopee.co.th%2Fproduct%2F12701671%2F25164275014,200,Valid Link,True,Verified authentic product link
shopee-feed-398382624-27330943915,ทิชชู่ Inspire ใหญ่พิเศษ หนา 2 ชั้น 178 แผ่นลายราชาหมี bear king ใหญ้พิเศษ สะอาด ซึมซับดี ไม่เป็นขุย,shopee-feed-catalog,shopee,https://shope.ee/an_redir?origin_link=https%3A%2F%2Fshopee.co.th%2Fproduct%2F398382624%2F27330943915,https://shope.ee/an_redir?origin_link=https%3A%2F%2Fshopee.co.th%2Fproduct%2F398382624%2F27330943915,200,Valid Link,True,Verified authentic product link
shopee-feed-219276588-28351939084,Topslim ถุงน่องขาเนียน ขาดไม่รั้น กันแดด,shopee-feed-catalog,shopee,https://shope.ee/an_redir?origin_link=https%3A%2F%2Fshopee.co.th%2Fproduct%2F219276588%2F28351939084,https://shope.ee/an_redir?origin_link=https%3A%2F%2Fshopee.co.th%2Fproduct%2F219276588%2F28351939084,200,Valid Link,True,Verified authentic product link
shopee-feed-82732896-47012048940,AUKEY PA-F2T หัวชาร์จเร็ว SWIFT 22.5W PD USB-C PD + USB-A Wall Charger with GaN Technology,shopee-feed-catalog,shopee,https://shope.ee/an_redir?origin_link=https%3A%2F%2Fshopee.co.th%2Fproduct%2F82732896%2F47012048940,https://shope.ee/an_redir?origin_link=https%3A%2F%2Fshopee.co.th%2Fproduct%2F82732896%2F47012048940,200,Valid Link,True,Verified authentic product link
shopee-feed-770604218-28360992905,INGU Nio-Glow Tripeptide Balm SPF 50+ PA++++ ลิปบาล์มบำรุงริมฝีปาก ชุ่มชื้นยาวนาน,shopee-feed-catalog,shopee,https://shope.ee/an_redir?origin_link=https%3A%2F%2Fshopee.co.th%2Fproduct%2F770604218%2F28360992905,https://shope.ee/an_redir?origin_link=https%3A%2F%2Fshopee.co.th%2Fproduct%2F770604218%2F28360992905,200,Valid Link,True,Verified authentic product link
shopee-feed-144046792-8649404656,บีไนซ์ ครีมอาบน้ำ รีฟิล ขนาด 400 มล. BENICE DOUBLE FIRMING SHOWER CREAM REFILL 400 ML.,shopee-feed-catalog,shopee,https://shope.ee/an_redir?origin_link=https%3A%2F%2Fshopee.co.th%2Fproduct%2F144046792%2F8649404656,https://shope.ee/an_redir?origin_link=https%3A%2F%2Fshopee.co.th%2Fproduct%2F144046792%2F8649404656,200,Valid Link,True,Verified authentic product link
shopee-feed-527892985-10455469772,Dreamy Cream Cheese Powder ผงครีมชีส ขนาด 400 กรัม (แพ็ก 12 ยกลัง),shopee-feed-catalog,shopee,https://shope.ee/an_redir?origin_link=https%3A%2F%2Fshopee.co.th%2Fproduct%2F527892985%2F10455469772,https://shope.ee/an_redir?origin_link=https%3A%2F%2Fshopee.co.th%2Fproduct%2F527892985%2F10455469772,200,Valid Link,True,Verified authentic product link
shopee-feed-1414152476-50907623330,โปร 1 แถม 1 รับประกันสินค้า น้ำหอมแจนยัวร์ Janua Perfume คอลเลคชั่นเกิร์ลแมททีเรียล ขนาด 30ml แถม 30ml,shopee-feed-catalog,shopee,https://shope.ee/an_redir?origin_link=https%3A%2F%2Fshopee.co.th%2Fproduct%2F1414152476%2F50907623330,https://shope.ee/an_redir?origin_link=https%3A%2F%2Fshopee.co.th%2Fproduct%2F1414152476%2F50907623330,200,Valid Link,True,Verified authentic product link
shopee-feed-270094930-14524236220,Onetouch เจลหล่อลื่น กลิ่นสตรอเบอร์รี่ ขนาด 75 มล. 1 ชิ้น,shopee-feed-catalog,shopee,https://shope.ee/an_redir?origin_link=https%3A%2F%2Fshopee.co.th%2Fproduct%2F270094930%2F14524236220,https://shope.ee/an_redir?origin_link=https%3A%2F%2Fshopee.co.th%2Fproduct%2F270094930%2F14524236220,200,Valid Link,True,Verified authentic product link
shopee-feed-1191453921-42765236076,ที่วางฝักบัวแบบปรับหมุนได้ ติดตั้งง่าย ไม่ต้องเจาะผนัง,shopee-feed-catalog,shopee,https://shope.ee/an_redir?origin_link=https%3A%2F%2Fshopee.co.th%2Fproduct%2F1191453921%2F42765236076,https://shope.ee/an_redir?origin_link=https%3A%2F%2Fshopee.co.th%2Fproduct%2F1191453921%2F42765236076,200,Valid Link,True,Verified authentic product link
shopee-feed-22705985-53401671410,PAYI HEALTH CARE แท้ 100% แผ่นกันรองเท้ากัด ป้องกันรองเท้ากัด แบบใสไม่เห็นรอยลดเสียดสี,shopee-feed-catalog,shopee,https://shope.ee/an_redir?origin_link=https%3A%2F%2Fshopee.co.th%2Fproduct%2F22705985%2F53401671410,https://shope.ee/an_redir?origin_link=https%3A%2F%2Fshopee.co.th%2Fproduct%2F22705985%2F53401671410,200,Valid Link,True,Verified authentic product link
shopee-feed-16621457-53659602764,วาสลีน เบบี้ เพียวเจลลี่ แพ็ค 50-100 มล.,shopee-feed-catalog,shopee,https://shope.ee/an_redir?origin_link=https%3A%2F%2Fshopee.co.th%2Fproduct%2F16621457%2F53659602764,https://shope.ee/an_redir?origin_link=https%3A%2F%2Fshopee.co.th%2Fproduct%2F16621457%2F53659602764,200,Valid Link,True,Verified authentic product link
shopee-feed-29667634-40402709605,สินค้าสมนาคุณงดจำหน่าย UVD AQUAFUSION 1.5ml x10_EC,shopee-feed-catalog,shopee,https://shope.ee/an_redir?origin_link=https%3A%2F%2Fshopee.co.th%2Fproduct%2F29667634%2F40402709605,https://shope.ee/an_redir?origin_link=https%3A%2F%2Fshopee.co.th%2Fproduct%2F29667634%2F40402709605,200,Valid Link,True,Verified authentic product link
shopee-feed-713499361-42217468888,Yotex เครื่องกำจัดขนไฟฟ้า ที่กันจอนขนแบบพกพาไฟฟ้า 2ใน1 ชาร์จType-C ดีไซน์สองหัว ใช้ได้ทั้งตัว ที่ถอนขนไฟฟ้า,shopee-feed-catalog,shopee,https://shope.ee/an_redir?origin_link=https%3A%2F%2Fshopee.co.th%2Fproduct%2F713499361%2F42217468888,https://shope.ee/an_redir?origin_link=https%3A%2F%2Fshopee.co.th%2Fproduct%2F713499361%2F42217468888,200,Valid Link,True,Verified authentic product link
shopee-feed-904296383-52462649721,CathyDollxMaeng เบบี้ดอลล์บอดี้โทนอัพโลชั่น ขนาด 60ml/150ml เคที่ดอลล์,shopee-feed-catalog,shopee,https://shope.ee/an_redir?origin_link=https%3A%2F%2Fshopee.co.th%2Fproduct%2F904296383%2F52462649721,https://shope.ee/an_redir?origin_link=https%3A%2F%2Fshopee.co.th%2Fproduct%2F904296383%2F52462649721,200,Valid Link,True,Verified authentic product link
shopee-feed-125219443-23527019625,4U2 PRO SKIN LONGWEAR FOUNDATION POWDER SPF50+ PA++++ แป้งผสมรองพื้น4U2 แป้งผสมกันแดด ปกปิดสูง กันน้ำ กันเหงื่อ,shopee-feed-catalog,shopee,https://shope.ee/an_redir?origin_link=https%3A%2F%2Fshopee.co.th%2Fproduct%2F125219443%2F23527019625,https://shope.ee/an_redir?origin_link=https%3A%2F%2Fshopee.co.th%2Fproduct%2F125219443%2F23527019625,200,Valid Link,True,Verified authentic product link
shopee-feed-287201971-20328690763,Petcho โฟมอาบน้ำแห้งสัตว์เลี้ยง แชมพูแมว สบู่อาบน้ําหมา แชมพูสุนัข กลิ่นหอม สูตรอ่อนโยน สะอาด ดับกลิ่น 400ml,shopee-feed-catalog,shopee,https://shope.ee/an_redir?origin_link=https%3A%2F%2Fshopee.co.th%2Fproduct%2F287201971%2F20328690763,https://shope.ee/an_redir?origin_link=https%3A%2F%2Fshopee.co.th%2Fproduct%2F287201971%2F20328690763,200,Valid Link,True,Verified authentic product link
shopee-feed-88650802-4182868726,Cheetos ชีโตส ขนาด 20 บาท (เลือกรสได้),shopee-feed-catalog,shopee,https://shope.ee/an_redir?origin_link=https%3A%2F%2Fshopee.co.th%2Fproduct%2F88650802%2F4182868726,https://shope.ee/an_redir?origin_link=https%3A%2F%2Fshopee.co.th%2Fproduct%2F88650802%2F4182868726,200,Valid Link,True,Verified authentic product link
shopee-feed-1495503280-29195494310,Time Phoria Star Print Bag,shopee-feed-catalog,shopee,https://shope.ee/an_redir?origin_link=https%3A%2F%2Fshopee.co.th%2Fproduct%2F1495503280%2F29195494310,https://shope.ee/an_redir?origin_link=https%3A%2F%2Fshopee.co.th%2Fproduct%2F1495503280%2F29195494310,200,Valid Link,True,Verified authentic product link
shopee-feed-615889419-55810778317,Rabito ผลิตภัณฑ์ทำความสะอาดกระเบื้อง 2 โหมด (สเปรย์ละออง/โฟม)，500มล C3,shopee-feed-catalog,shopee,https://shope.ee/an_redir?origin_link=https%3A%2F%2Fshopee.co.th%2Fproduct%2F615889419%2F55810778317,https://shope.ee/an_redir?origin_link=https%3A%2F%2Fshopee.co.th%2Fproduct%2F615889419%2F55810778317,200,Valid Link,True,Verified authentic product link
shopee-feed-369799942-58103919596,Charmiss ACNE CLEANSING GEL เจลล้างหน้าสูตรคุมมัน เหมาะผิวเป็นสิว,shopee-feed-catalog,shopee,https://shope.ee/an_redir?origin_link=https%3A%2F%2Fshopee.co.th%2Fproduct%2F369799942%2F58103919596,https://shope.ee/an_redir?origin_link=https%3A%2F%2Fshopee.co.th%2Fproduct%2F369799942%2F58103919596,200,Valid Link,True,Verified authentic product link
shopee-feed-378293230-22869031877,Eucerin UREA REPAIR PLUS 5% UREA LOTION 48H LONG-LASTING HYDRATION 400 ML ยูเซอริน โลชั่นกู้ผิวแห้งมาก ลอกขุย,shopee-feed-catalog,shopee,https://shope.ee/an_redir?origin_link=https%3A%2F%2Fshopee.co.th%2Fproduct%2F378293230%2F22869031877,https://shope.ee/an_redir?origin_link=https%3A%2F%2Fshopee.co.th%2Fproduct%2F378293230%2F22869031877,200,Valid Link,True,Verified authentic product link
shopee-feed-702014460-43801511744,Alechaung แก้วชงชา เหยือกชงกาแฟ french press 350ml 600ml 800ml 1000ml ใช้งานง่าย สะดวก,shopee-feed-catalog,shopee,https://shope.ee/an_redir?origin_link=https%3A%2F%2Fshopee.co.th%2Fproduct%2F702014460%2F43801511744,https://shope.ee/an_redir?origin_link=https%3A%2F%2Fshopee.co.th%2Fproduct%2F702014460%2F43801511744,200,Valid Link,True,Verified authentic product link
shopee-feed-1256676370-41622760746,JOYSEE D80-4G SIM โซล่าเซลล์ แบตเตอรี่พลังงานแสงอาทิตย์ หมุนติดตามอัตโนมัติ 2 เลนส์ 2 ภาพ 4K HD 360° คุณภาพสูง,shopee-feed-catalog,shopee,https://shope.ee/an_redir?origin_link=https%3A%2F%2Fshopee.co.th%2Fproduct%2F1256676370%2F41622760746,https://shope.ee/an_redir?origin_link=https%3A%2F%2Fshopee.co.th%2Fproduct%2F1256676370%2F41622760746,200,Valid Link,True,Verified authentic product link
shopee-feed-145334961-27637729559,ลิสเตอรีน คูลมินต์ พ็อกเก็ตมิสท์ 7.7 มล. LISTERINE Coolmint Pocket Mist 7.7ML x2,shopee-feed-catalog,shopee,https://shope.ee/an_redir?origin_link=https%3A%2F%2Fshopee.co.th%2Fproduct%2F145334961%2F27637729559,https://shope.ee/an_redir?origin_link=https%3A%2F%2Fshopee.co.th%2Fproduct%2F145334961%2F27637729559,200,Valid Link,True,Verified authentic product link
shopee-feed-229031061-24052088246,AIS ซิมเน็ตมาราธอน Max ซิมเน็ตรายปี จ่ายครั้งเดียวจบ รับเน็ตเร็ว 15Mbps จำนวน 50GB/เดือน เฉลี่ยเดือนละ 183 บาท,shopee-feed-catalog,shopee,https://shope.ee/an_redir?origin_link=https%3A%2F%2Fshopee.co.th%2Fproduct%2F229031061%2F24052088246,https://shope.ee/an_redir?origin_link=https%3A%2F%2Fshopee.co.th%2Fproduct%2F229031061%2F24052088246,200,Valid Link,True,Verified authentic product link
shopee-feed-26978286-17317315961,เมอร์รี่ส์ ผ้าอ้อมชนิดกางเกง ขนาด M - XXL x 3 แพ็ค,shopee-feed-catalog,shopee,https://shope.ee/an_redir?origin_link=https%3A%2F%2Fshopee.co.th%2Fproduct%2F26978286%2F17317315961,https://shope.ee/an_redir?origin_link=https%3A%2F%2Fshopee.co.th%2Fproduct%2F26978286%2F17317315961,200,Valid Link,True,Verified authentic product link
shopee-feed-78895131-9919857625,WHISKAS วิสกัส อาหารแมวเปียก Tasty Mix ลูกแมว แมวโต เลือกรสชาติได้ 70 ก. (28 ซอง),shopee-feed-catalog,shopee,https://shope.ee/an_redir?origin_link=https%3A%2F%2Fshopee.co.th%2Fproduct%2F78895131%2F9919857625,https://shope.ee/an_redir?origin_link=https%3A%2F%2Fshopee.co.th%2Fproduct%2F78895131%2F9919857625,200,Valid Link,True,Verified authentic product link
shopee-feed-121969451-19251825488,"Fineline ไฟน์ไลน์ ผลิตภัณฑ์ซักผ้า สูตรเข้มข้น ออร์แกนิค อโล เวร่า 2,800 มล.x2, สีเขียว, กลิ่นหอมอ่อนโยน",shopee-feed-catalog,shopee,https://shope.ee/an_redir?origin_link=https%3A%2F%2Fshopee.co.th%2Fproduct%2F121969451%2F19251825488,https://shope.ee/an_redir?origin_link=https%3A%2F%2Fshopee.co.th%2Fproduct%2F121969451%2F19251825488,200,Valid Link,True,Verified authentic product link
shopee-feed-817196883-23471614121,Classic Shower Filter ฝักบัวกรองน้ำ + รับฟรี Cotton Micro Filter ไส้กรองฝักบัว 5 ชิ้น,shopee-feed-catalog,shopee,https://shope.ee/an_redir?origin_link=https%3A%2F%2Fshopee.co.th%2Fproduct%2F817196883%2F23471614121,https://shope.ee/an_redir?origin_link=https%3A%2F%2Fshopee.co.th%2Fproduct%2F817196883%2F23471614121,200,Valid Link,True,Verified authentic product link
shopee-feed-61795905-22133341181,Dentiste' Premium Kids Set สำหรับเด็ก 2-6 ปี ยาสีฟันแปรงแห้งเด็ก สูตร Strawberry 60g. + แปรงสีฟันเด็ก ขนแปรงนุ่มพิเศษ,shopee-feed-catalog,shopee,https://shope.ee/an_redir?origin_link=https%3A%2F%2Fshopee.co.th%2Fproduct%2F61795905%2F22133341181,https://shope.ee/an_redir?origin_link=https%3A%2F%2Fshopee.co.th%2Fproduct%2F61795905%2F22133341181,200,Valid Link,True,Verified authentic product link
shopee-feed-325262295-15532514697,Vaseline Healthy Bright SPF 50+ PA++++ Sun+Pollution Protection Concentrate Brightening Serum 300ml วาสลีน ครีม,shopee-feed-catalog,shopee,https://shope.ee/an_redir?origin_link=https%3A%2F%2Fshopee.co.th%2Fproduct%2F325262295%2F15532514697,https://shope.ee/an_redir?origin_link=https%3A%2F%2Fshopee.co.th%2Fproduct%2F325262295%2F15532514697,200,Valid Link,True,Verified authentic product link
shopee-feed-70802054-25474665207,MizuMi UV Jelly Aqua Fresh SPF50+ PA++++40gกันแดดเจลลี่น้ำ เซตตัวไว ผิวฉ่ำโกลว์ปกป้องสูงสุด,shopee-feed-catalog,shopee,https://shope.ee/an_redir?origin_link=https%3A%2F%2Fshopee.co.th%2Fproduct%2F70802054%2F25474665207,https://shope.ee/an_redir?origin_link=https%3A%2F%2Fshopee.co.th%2Fproduct%2F70802054%2F25474665207,200,Valid Link,True,Verified authentic product link
shopee-feed-1086742330-46757632282,CLEAR NOSE Dark Spot Bright Solution Serum Concentrate 28g เคลียร์โนส เซรั่มลดเลือนรอยดำ รอยสิว ผิวกระจ่างใส.,shopee-feed-catalog,shopee,https://shope.ee/an_redir?origin_link=https%3A%2F%2Fshopee.co.th%2Fproduct%2F1086742330%2F46757632282,https://shope.ee/an_redir?origin_link=https%3A%2F%2Fshopee.co.th%2Fproduct%2F1086742330%2F46757632282,200,Valid Link,True,Verified authentic product link
shopee-feed-280185024-6141244594,ราวม่าน รางม่านตาไก่ ประกอบชุดหัวจุกสูง พร้อมอุปกรณ์ติดตั้งครบชุด,shopee-feed-catalog,shopee,https://shope.ee/an_redir?origin_link=https%3A%2F%2Fshopee.co.th%2Fproduct%2F280185024%2F6141244594,https://shope.ee/an_redir?origin_link=https%3A%2F%2Fshopee.co.th%2Fproduct%2F280185024%2F6141244594,200,Valid Link,True,Verified authentic product link
shopee-feed-164953651-57161586521,Charmy Crew Top เสื้อคอกลมแขนยาว,shopee-feed-catalog,shopee,https://shope.ee/an_redir?origin_link=https%3A%2F%2Fshopee.co.th%2Fproduct%2F164953651%2F57161586521,https://shope.ee/an_redir?origin_link=https%3A%2F%2Fshopee.co.th%2Fproduct%2F164953651%2F57161586521,200,Valid Link,True,Verified authentic product link
shopee-feed-45222406-51253308622,ไฮยีน เอ็กซ์เพิร์ท แคร์ เนเจอร์ เวลเนส น้ำยาปรับผ้านุ่มสูตรเข้มข้นพิเศษ 1000 มล.,shopee-feed-catalog,shopee,https://shope.ee/an_redir?origin_link=https%3A%2F%2Fshopee.co.th%2Fproduct%2F45222406%2F51253308622,https://shope.ee/an_redir?origin_link=https%3A%2F%2Fshopee.co.th%2Fproduct%2F45222406%2F51253308622,200,Valid Link,True,Verified authentic product link
shopee-feed-797023464-26828661772,กางเกงขายาวแฟชั่น กางเกงลำลองขายาว ลายทาง เอวยางยืด พร้อมส่ง มีหลายไซส์ให้เลือก สาวอวบใส่ได้,shopee-feed-catalog,shopee,https://shope.ee/an_redir?origin_link=https%3A%2F%2Fshopee.co.th%2Fproduct%2F797023464%2F26828661772,https://shope.ee/an_redir?origin_link=https%3A%2F%2Fshopee.co.th%2Fproduct%2F797023464%2F26828661772,200,Valid Link,True,Verified authentic product link
shopee-feed-57205325-1185942533,OLAY Regenerist Micro Sculpting Day Cream + Night Cream ครีมลดเลือนริ้วรอย สกินแคร์ niacinamide,shopee-feed-catalog,shopee,https://shope.ee/an_redir?origin_link=https%3A%2F%2Fshopee.co.th%2Fproduct%2F57205325%2F1185942533,https://shope.ee/an_redir?origin_link=https%3A%2F%2Fshopee.co.th%2Fproduct%2F57205325%2F1185942533,200,Valid Link,True,Verified authentic product link
shopee-feed-6583190-53457945686,DR.PONG GLUTA 250 SL 5Tablets กลูตาไธโอนเพื่อผิวกระจ่างใส สูตร Sublingual,shopee-feed-catalog,shopee,https://shope.ee/an_redir?origin_link=https%3A%2F%2Fshopee.co.th%2Fproduct%2F6583190%2F53457945686,https://shope.ee/an_redir?origin_link=https%3A%2F%2Fshopee.co.th%2Fproduct%2F6583190%2F53457945686,200,Valid Link,True,Verified authentic product link
shopee-feed-467289564-22155823916,Suraphon : ที่นอนเด็กอ่อน ที่นอนเด็กแรกเกิด เช็ท 3 ชิ้น (แบบเย็บติด),shopee-feed-catalog,shopee,https://shope.ee/an_redir?origin_link=https%3A%2F%2Fshopee.co.th%2Fproduct%2F467289564%2F22155823916,https://shope.ee/an_redir?origin_link=https%3A%2F%2Fshopee.co.th%2Fproduct%2F467289564%2F22155823916,200,Valid Link,True,Verified authentic product link
shopee-feed-26975933-1394671956,Dunlopillo ที่นอนยางพาราแท้ 100% ช่วยลดอาการปวดหลัง รองรับสรีระ กระจายน้ำหนัก ยางพารานำเข้าจากอังกฤษ ส่งฟรี,shopee-feed-catalog,shopee,https://shope.ee/an_redir?origin_link=https%3A%2F%2Fshopee.co.th%2Fproduct%2F26975933%2F1394671956,https://shope.ee/an_redir?origin_link=https%3A%2F%2Fshopee.co.th%2Fproduct%2F26975933%2F1394671956,200,Valid Link,True,Verified authentic product link
shopee-feed-1371531771-56803154173,ใหม่! Dearny น้ำยาซักผ้าเดียร์นี่ แบบซอง กลิ่น ลัชบลูม 500มล.X5 กลิ่นหอมจากดอกไม้นานาพรรณ,shopee-feed-catalog,shopee,https://shope.ee/an_redir?origin_link=https%3A%2F%2Fshopee.co.th%2Fproduct%2F1371531771%2F56803154173,https://shope.ee/an_redir?origin_link=https%3A%2F%2Fshopee.co.th%2Fproduct%2F1371531771%2F56803154173,200,Valid Link,True,Verified authentic product link
shopee-feed-69337514-51252939687,Leaf Let Aime experience Tell us your Aime Experience,shopee-feed-catalog,shopee,https://shope.ee/an_redir?origin_link=https%3A%2F%2Fshopee.co.th%2Fproduct%2F69337514%2F51252939687,https://shope.ee/an_redir?origin_link=https%3A%2F%2Fshopee.co.th%2Fproduct%2F69337514%2F51252939687,200,Valid Link,True,Verified authentic product link
shopee-feed-294954656-28173593424,Samyang Buldak Ramen | ซัมยัง บูลดัก ราเมง บะหมีกึ่งสำเร็จรูป แบบ 4 แพ็ก (รวม 20 ซอง) เลือกรสชาติ,shopee-feed-catalog,shopee,https://shope.ee/an_redir?origin_link=https%3A%2F%2Fshopee.co.th%2Fproduct%2F294954656%2F28173593424,https://shope.ee/an_redir?origin_link=https%3A%2F%2Fshopee.co.th%2Fproduct%2F294954656%2F28173593424,200,Valid Link,True,Verified authentic product link
shopee-feed-180188941-57607740022,realme C100i (4+128GB) มือถือแบตอึด 7000mAh | จอ 120Hz | กันน้ำ IP64 | ราคาคุ้ม เล่นลื่น,shopee-feed-catalog,shopee,https://shope.ee/an_redir?origin_link=https%3A%2F%2Fshopee.co.th%2Fproduct%2F180188941%2F57607740022,https://shope.ee/an_redir?origin_link=https%3A%2F%2Fshopee.co.th%2Fproduct%2F180188941%2F57607740022,200,Valid Link,True,Verified authentic product link
shopee-feed-123188354-2146238632,จายา บะหมี่ซองรสต้มยำ กล่อง 30 ซอง (มีเครื่องหมายฮาลาล),shopee-feed-catalog,shopee,https://shope.ee/an_redir?origin_link=https%3A%2F%2Fshopee.co.th%2Fproduct%2F123188354%2F2146238632,https://shope.ee/an_redir?origin_link=https%3A%2F%2Fshopee.co.th%2Fproduct%2F123188354%2F2146238632,200,Valid Link,True,Verified authentic product link
shopee-feed-666178603-23089510049,Magiclean Floor Cleaner Natural essence&Bacteria Killer 1700ml น้ำยาถูพื้นเชอรัล เอสเซ้นท์ และ แบคทีเรียคิลเลอร์ 1700มล,shopee-feed-catalog,shopee,https://shope.ee/an_redir?origin_link=https%3A%2F%2Fshopee.co.th%2Fproduct%2F666178603%2F23089510049,https://shope.ee/an_redir?origin_link=https%3A%2F%2Fshopee.co.th%2Fproduct%2F666178603%2F23089510049,200,Valid Link,True,Verified authentic product link
shopee-feed-943008921-44911745436,ฟลอราเซร่า เคโอริช FLORACERA [ เต็มโดส 5 ฟังก์ชั่น] Vitc -ส้มเลือด -ซากุระ -เซลาไมด์ -กลูต้ารีดิ้ว,shopee-feed-catalog,shopee,https://shope.ee/an_redir?origin_link=https%3A%2F%2Fshopee.co.th%2Fproduct%2F943008921%2F44911745436,https://shope.ee/an_redir?origin_link=https%3A%2F%2Fshopee.co.th%2Fproduct%2F943008921%2F44911745436,200,Valid Link,True,Verified authentic product link
shopee-feed-45222406-16006954013,ไฮยีน เอ็กซ์เพิร์ท แคร์ น้ำยาปรับผ้านุ่มสูตรเข้มข้นพิเศษ ขนาด 480 มล (เลือกสูตรได้),shopee-feed-catalog,shopee,https://shope.ee/an_redir?origin_link=https%3A%2F%2Fshopee.co.th%2Fproduct%2F45222406%2F16006954013,https://shope.ee/an_redir?origin_link=https%3A%2F%2Fshopee.co.th%2Fproduct%2F45222406%2F16006954013,200,Valid Link,True,Verified authentic product link
shopee-feed-185844020-50767131162,KANIVA x BUS Buddy Box พร้อม Mini Standee Acrylic KANIVA x BUS (สุ่ม 1 จาก 12 ลาย ไม่สามารถเลือกลายได้),shopee-feed-catalog,shopee,https://shope.ee/an_redir?origin_link=https%3A%2F%2Fshopee.co.th%2Fproduct%2F185844020%2F50767131162,https://shope.ee/an_redir?origin_link=https%3A%2F%2Fshopee.co.th%2Fproduct%2F185844020%2F50767131162,200,Valid Link,True,Verified authentic product link
shopee-feed-1459654235-49760843451,SKINTIFIC PDRN BRIGHT & SMOOTH SERUM เซรั่ม PDRN บูสต์ผิวดูอิ่มฟู จุดด่างดำดูจาง อัปผิวดูกระจ่างใส มอบผิวดูนุ่มเด้ง,shopee-feed-catalog,shopee,https://shope.ee/an_redir?origin_link=https%3A%2F%2Fshopee.co.th%2Fproduct%2F1459654235%2F49760843451,https://shope.ee/an_redir?origin_link=https%3A%2F%2Fshopee.co.th%2Fproduct%2F1459654235%2F49760843451,200,Valid Link,True,Verified authentic product link
shopee-feed-939658291-24543645832,WINK WHITE แอปเปิ้ลไซเดอร์เวเนก้า ลดบวม ขับโซเดียม ลดคอเลสเตอรอล ความดัน (1 แพ็ค 100 กรัม),shopee-feed-catalog,shopee,https://shope.ee/an_redir?origin_link=https%3A%2F%2Fshopee.co.th%2Fproduct%2F939658291%2F24543645832,https://shope.ee/an_redir?origin_link=https%3A%2F%2Fshopee.co.th%2Fproduct%2F939658291%2F24543645832,200,Valid Link,True,Verified authentic product link
shopee-feed-344676577-16114002127,ICHITAN อิชิตัน น้ำด่าง ผสมวิตามินดี และกิงโกะ ขนาดใหญ่ 550 ml. 1 ลัง (24 ขวด) รวมจัดส่ง,shopee-feed-catalog,shopee,https://shope.ee/an_redir?origin_link=https%3A%2F%2Fshopee.co.th%2Fproduct%2F344676577%2F16114002127,https://shope.ee/an_redir?origin_link=https%3A%2F%2Fshopee.co.th%2Fproduct%2F344676577%2F16114002127,200,Valid Link,True,Verified authentic product link
shopee-feed-217203441-26085438304,ถ้วยคราฟท์ใส่อาหาร + ฝาใส OPS (300ชุด/ลัง) 500ml 750ml 1000ml 1300ml ไม่ขึ้นฝ้า ไม่เป็นไอน้ำ เหมาะใส่อาหารร้อน,shopee-feed-catalog,shopee,https://shope.ee/an_redir?origin_link=https%3A%2F%2Fshopee.co.th%2Fproduct%2F217203441%2F26085438304,https://shope.ee/an_redir?origin_link=https%3A%2F%2Fshopee.co.th%2Fproduct%2F217203441%2F26085438304,200,Valid Link,True,Verified authentic product link
shopee-feed-296628379-19314784493,Ovaltine โอวัลติน ช็อคโกสูตร3 1000 กรัม x 3 แพค,shopee-feed-catalog,shopee,https://shope.ee/an_redir?origin_link=https%3A%2F%2Fshopee.co.th%2Fproduct%2F296628379%2F19314784493,https://shope.ee/an_redir?origin_link=https%3A%2F%2Fshopee.co.th%2Fproduct%2F296628379%2F19314784493,200,Valid Link,True,Verified authentic product link
shopee-feed-147189270-26773655167,odbo (ของแท้ ส่งตรงจากแบรนด์ 100%) ICONIC EYESHADOW PALETTE - OD2029 #พาเลทไอโคนิค,shopee-feed-catalog,shopee,https://shope.ee/an_redir?origin_link=https%3A%2F%2Fshopee.co.th%2Fproduct%2F147189270%2F26773655167,https://shope.ee/an_redir?origin_link=https%3A%2F%2Fshopee.co.th%2Fproduct%2F147189270%2F26773655167,200,Valid Link,True,Verified authentic product link
shopee-feed-6583190-17565875993,เซรั่มสูตรใหม่! Gen2 Dr.PONG MC1 melas clear activein serum เซรั่มลดเลือนฝ้า กระ จุดด่างดำ,shopee-feed-catalog,shopee,https://shope.ee/an_redir?origin_link=https%3A%2F%2Fshopee.co.th%2Fproduct%2F6583190%2F17565875993,https://shope.ee/an_redir?origin_link=https%3A%2F%2Fshopee.co.th%2Fproduct%2F6583190%2F17565875993,200,Valid Link,True,Verified authentic product link
shopee-feed-1086742330-23684424236,CLEAR NOSE เคลียร์โนส UV Sun Serum SPF50+ PA++++ กันแดดบูสเตอร์ 80ml.,shopee-feed-catalog,shopee,https://shope.ee/an_redir?origin_link=https%3A%2F%2Fshopee.co.th%2Fproduct%2F1086742330%2F23684424236,https://shope.ee/an_redir?origin_link=https%3A%2F%2Fshopee.co.th%2Fproduct%2F1086742330%2F23684424236,200,Valid Link,True,Verified authentic product link
shopee-feed-121969451-9494456942,"Fineline ไฟน์ไลน์ ผลิตภัณฑ์ซักผ้า สูตรเข้มข้น ดีลักซ์ เพอร์ฟูม มิดไนท์ แฟนซี แกลลอน 2,800 มล.x1, สีดำ",shopee-feed-catalog,shopee,https://shope.ee/an_redir?origin_link=https%3A%2F%2Fshopee.co.th%2Fproduct%2F121969451%2F9494456942,https://shope.ee/an_redir?origin_link=https%3A%2F%2Fshopee.co.th%2Fproduct%2F121969451%2F9494456942,200,Valid Link,True,Verified authentic product link
shopee-feed-53085910-40604123955,Seagull เครื่องบดสับอาหาร แบบไฟฟ้า ขนาด 2 ลิตร (ครีม) Electric Food Chopper,shopee-feed-catalog,shopee,https://shope.ee/an_redir?origin_link=https%3A%2F%2Fshopee.co.th%2Fproduct%2F53085910%2F40604123955,https://shope.ee/an_redir?origin_link=https%3A%2F%2Fshopee.co.th%2Fproduct%2F53085910%2F40604123955,200,Valid Link,True,Verified authentic product link
shopee-feed-661159138-29140298115,Molfix กางเกงผ้าอ้อมเด็กโมลฟิกซ์ สวีต ดรีมส์ แพ้นส์ เดย์ & ไนท์ ไซซ์ XL34+2 ชิ้น,shopee-feed-catalog,shopee,https://shope.ee/an_redir?origin_link=https%3A%2F%2Fshopee.co.th%2Fproduct%2F661159138%2F29140298115,https://shope.ee/an_redir?origin_link=https%3A%2F%2Fshopee.co.th%2Fproduct%2F661159138%2F29140298115,200,Valid Link,True,Verified authentic product link
shopee-feed-29667634-22740900348,ลอรีอัล ปารีส L'Oréal Paris Color Riche Intense Volume Matte ลิปแมทเนื้อนุ่มผสานไฮยาลูรอนให้ปากชุ่มชื้น ติดทน16ชม.,shopee-feed-catalog,shopee,https://shope.ee/an_redir?origin_link=https%3A%2F%2Fshopee.co.th%2Fproduct%2F29667634%2F22740900348,https://shope.ee/an_redir?origin_link=https%3A%2F%2Fshopee.co.th%2Fproduct%2F29667634%2F22740900348,200,Valid Link,True,Verified authentic product link
shopee-feed-32706050-21958054156,WARRIX เสื้อแจ็คเก็ตกันลม Herit Woven Jacket (WA-223JKACL36),shopee-feed-catalog,shopee,https://shope.ee/an_redir?origin_link=https%3A%2F%2Fshopee.co.th%2Fproduct%2F32706050%2F21958054156,https://shope.ee/an_redir?origin_link=https%3A%2F%2Fshopee.co.th%2Fproduct%2F32706050%2F21958054156,200,Valid Link,True,Verified authentic product link
shopee-feed-1280278100-42568139797,SURE 4in1 ผงซักฟอก ชัวร์ 7kg ฆ่าเชื้อ 99.9%➕ขจัดคราบสกปรก➕ ป้องกันการตกสีห➕อมสดชื่น 72 ชั่วโมง,shopee-feed-catalog,shopee,https://shope.ee/an_redir?origin_link=https%3A%2F%2Fshopee.co.th%2Fproduct%2F1280278100%2F42568139797,https://shope.ee/an_redir?origin_link=https%3A%2F%2Fshopee.co.th%2Fproduct%2F1280278100%2F42568139797,200,Valid Link,True,Verified authentic product link
shopee-feed-69426059-26653125551,เจอร์เกนส์ ออยล์-อินฟิวส์ ดีพ รีสโตร์ริ่ง 496 มล. JERGENS OIL-INFUSED DEEP RESTORING ARGAN 24-HOUR MOISTURIZER 496 ML,shopee-feed-catalog,shopee,https://shope.ee/an_redir?origin_link=https%3A%2F%2Fshopee.co.th%2Fproduct%2F69426059%2F26653125551,https://shope.ee/an_redir?origin_link=https%3A%2F%2Fshopee.co.th%2Fproduct%2F69426059%2F26653125551,200,Valid Link,True,Verified authentic product link
shopee-feed-801282331-12498601753,⚡ส่งจาก กทม⚡Jasoz อะแดปเตอร์ USB 3.0 to Type-C / Type-C to USB 3.0 Adapter Fast Data Transfer,shopee-feed-catalog,shopee,https://shope.ee/an_redir?origin_link=https%3A%2F%2Fshopee.co.th%2Fproduct%2F801282331%2F12498601753,https://shope.ee/an_redir?origin_link=https%3A%2F%2Fshopee.co.th%2Fproduct%2F801282331%2F12498601753,200,Valid Link,True,Verified authentic product link
shopee-feed-1309082139-27089718112,ไฟฉายแรงสูง ไฟฉายLED ไฟฉายพกพา ชาร์จUSB ส่องสว่างไกล ปรับได้5ระดับ,shopee-feed-catalog,shopee,https://shope.ee/an_redir?origin_link=https%3A%2F%2Fshopee.co.th%2Fproduct%2F1309082139%2F27089718112,https://shope.ee/an_redir?origin_link=https%3A%2F%2Fshopee.co.th%2Fproduct%2F1309082139%2F27089718112,200,Valid Link,True,Verified authentic product link
shopee-feed-1035807624-20994932770,"PINKKITTY กางเกงใน ""ผ้าไหมเย็น"" กางเกงในไร้ขอบ แห้งไว ยืดเยอะ บางเบา บรรจุภัณฑ์สวย Seamless",shopee-feed-catalog,shopee,https://shope.ee/an_redir?origin_link=https%3A%2F%2Fshopee.co.th%2Fproduct%2F1035807624%2F20994932770,https://shope.ee/an_redir?origin_link=https%3A%2F%2Fshopee.co.th%2Fproduct%2F1035807624%2F20994932770,200,Valid Link,True,Verified authentic product link
shopee-feed-64784822-8680856040,ARI SLIDE SANDALS - BLACK (AFW0002-11) รองเท้าแตะ อาริ SLIDE SANDALS สีดำ,shopee-feed-catalog,shopee,https://shope.ee/an_redir?origin_link=https%3A%2F%2Fshopee.co.th%2Fproduct%2F64784822%2F8680856040,https://shope.ee/an_redir?origin_link=https%3A%2F%2Fshopee.co.th%2Fproduct%2F64784822%2F8680856040,200,Valid Link,True,Verified authentic product link
shopee-feed-1221600347-29086178362,PALA กันแดด Watery Gentle Sunscreen SPF50+ PA+++ มีเซราไมด์5X 50ml. แบรนด์ไทย มี อ.ย.,shopee-feed-catalog,shopee,https://shope.ee/an_redir?origin_link=https%3A%2F%2Fshopee.co.th%2Fproduct%2F1221600347%2F29086178362,https://shope.ee/an_redir?origin_link=https%3A%2F%2Fshopee.co.th%2Fproduct%2F1221600347%2F29086178362,200,Valid Link,True,Verified authentic product link
shopee-feed-774564027-25652917635,Probiotic สำหรับผู้หญิง เคลือบ5ชั้น โพรไบโอติกงานวิจัยเฉพาะทาง Lacomi Camellia,shopee-feed-catalog,shopee,https://shope.ee/an_redir?origin_link=https%3A%2F%2Fshopee.co.th%2Fproduct%2F774564027%2F25652917635,https://shope.ee/an_redir?origin_link=https%3A%2F%2Fshopee.co.th%2Fproduct%2F774564027%2F25652917635,200,Valid Link,True,Verified authentic product link
shopee-feed-252925896-10906234911,Sofy โซฟี ถนอมผิว สลิม ผ้าอนามัยสำหรับกลางวัน/กลางคืน แบบมีปีก 23 - 35 ซม. (3 แพ็ค),shopee-feed-catalog,shopee,https://shope.ee/an_redir?origin_link=https%3A%2F%2Fshopee.co.th%2Fproduct%2F252925896%2F10906234911,https://shope.ee/an_redir?origin_link=https%3A%2F%2Fshopee.co.th%2Fproduct%2F252925896%2F10906234911,200,Valid Link,True,Verified authentic product link
shopee-feed-119131506-49556958226,Rohto Eye Drops Aqua 13 ml. โรห์โต้ อาย ดรอปส์ อควา 13 ml. Lubricating & Rewetting Drops,shopee-feed-catalog,shopee,https://shope.ee/an_redir?origin_link=https%3A%2F%2Fshopee.co.th%2Fproduct%2F119131506%2F49556958226,https://shope.ee/an_redir?origin_link=https%3A%2F%2Fshopee.co.th%2Fproduct%2F119131506%2F49556958226,200,Valid Link,True,Verified authentic product link
shopee-feed-448235616-49962102461,Simplus x Monchhichi หวีลมร้อน Mini 4in1 ผมตรง ม้วนลอน เพิ่มวอลลุ่ม ลมร้อน/ลมเย็น น้ำหนักเบา RFSH004MC,shopee-feed-catalog,shopee,https://shope.ee/an_redir?origin_link=https%3A%2F%2Fshopee.co.th%2Fproduct%2F448235616%2F49962102461,https://shope.ee/an_redir?origin_link=https%3A%2F%2Fshopee.co.th%2Fproduct%2F448235616%2F49962102461,200,Valid Link,True,Verified authentic product link
shopee-feed-137240930-45307290852,สเปรย์ดูแลผิวและขนสุนัขแมว ช่วยปลอบประโลมผิว ลดคันและกลิ่นไม่พึงประสงค์ 100 มล.,shopee-feed-catalog,shopee,https://shope.ee/an_redir?origin_link=https%3A%2F%2Fshopee.co.th%2Fproduct%2F137240930%2F45307290852,https://shope.ee/an_redir?origin_link=https%3A%2F%2Fshopee.co.th%2Fproduct%2F137240930%2F45307290852,200,Valid Link,True,Verified authentic product link
shopee-feed-29667634-41768216851,ลอรีอัล ปารีส L’Oréal Paris Elseve Glycolic Gloss Acidifier 100ml ทรีตเมนต์บำรุงผมแบบสเปรย์ เพื่อผมกลอส เงางาม ผมสวย,shopee-feed-catalog,shopee,https://shope.ee/an_redir?origin_link=https%3A%2F%2Fshopee.co.th%2Fproduct%2F29667634%2F41768216851,https://shope.ee/an_redir?origin_link=https%3A%2F%2Fshopee.co.th%2Fproduct%2F29667634%2F41768216851,200,Valid Link,True,Verified authentic product link
shopee-feed-269577646-3638135607,น้ำสลัดงาคั่วญี่ปุ่น คิวพี ขนาด 210 มล.,shopee-feed-catalog,shopee,https://shope.ee/an_redir?origin_link=https%3A%2F%2Fshopee.co.th%2Fproduct%2F269577646%2F3638135607,https://shope.ee/an_redir?origin_link=https%3A%2F%2Fshopee.co.th%2Fproduct%2F269577646%2F3638135607,200,Valid Link,True,Verified authentic product link
shopee-feed-1230428953-45854687024,Aolon Ring Gen 3T แหวนอัจฉริยะ 1.7g น้ำหนักเบาพิเศษ แหวนสุขภาพ กันน้ำระดับ IP69K วัดอัตราการเต้นหัวใจ แหวนออกกําลังกาย,shopee-feed-catalog,shopee,https://shope.ee/an_redir?origin_link=https%3A%2F%2Fshopee.co.th%2Fproduct%2F1230428953%2F45854687024,https://shope.ee/an_redir?origin_link=https%3A%2F%2Fshopee.co.th%2Fproduct%2F1230428953%2F45854687024,200,Valid Link,True,Verified authentic product link
shopee-feed-272215411-6637355156,Old Spice โรลออน กลิ่น Captain หอมสะอาด สดชื่น แฝงความอบอุ่น สไตล์ผู้ชายเฟรนลี่,shopee-feed-catalog,shopee,https://shope.ee/an_redir?origin_link=https%3A%2F%2Fshopee.co.th%2Fproduct%2F272215411%2F6637355156,https://shope.ee/an_redir?origin_link=https%3A%2F%2Fshopee.co.th%2Fproduct%2F272215411%2F6637355156,200,Valid Link,True,Verified authentic product link
shopee-feed-294784661-6147950610,บราทรงกลมไม่เสริม Cup AA-K ติดแน่นมาก ดันทรง อกชิดฟู กาวเหนียวแน่น กันน้ำ ไม่อ้า ใช้ได้ 30 ครั้ง | missBBgirl,shopee-feed-catalog,shopee,https://shope.ee/an_redir?origin_link=https%3A%2F%2Fshopee.co.th%2Fproduct%2F294784661%2F6147950610,https://shope.ee/an_redir?origin_link=https%3A%2F%2Fshopee.co.th%2Fproduct%2F294784661%2F6147950610,200,Valid Link,True,Verified authentic product link
shopee-feed-1255941759-28920874949,มีค่าสายตา Sweet Bubbles 0.00~-3.00 คอนแทคเลนส์ตาโต ตาหวาน คอนแทคเลนส์รายเดือน เลน์อ่อน ความส,shopee-feed-catalog,shopee,https://shope.ee/an_redir?origin_link=https%3A%2F%2Fshopee.co.th%2Fproduct%2F1255941759%2F28920874949,https://shope.ee/an_redir?origin_link=https%3A%2F%2Fshopee.co.th%2Fproduct%2F1255941759%2F28920874949,200,Valid Link,True,Verified authentic product link
shopee-feed-12634594-28364239716,GEE GEe' จีจี้ กลูต้าซี วิตต้า โทนอัพ เฟอร์ฟูม บอดี้โลชั่น เเอนด์ ซันสกรีน กันแดด แตกตัวเป็นน้ำ,shopee-feed-catalog,shopee,https://shope.ee/an_redir?origin_link=https%3A%2F%2Fshopee.co.th%2Fproduct%2F12634594%2F28364239716,https://shope.ee/an_redir?origin_link=https%3A%2F%2Fshopee.co.th%2Fproduct%2F12634594%2F28364239716,200,Valid Link,True,Verified authentic product link
shopee-feed-29667634-26201292421,GLYCO Melasyl SERUM 7.5ml x4 EC,shopee-feed-catalog,shopee,https://shope.ee/an_redir?origin_link=https%3A%2F%2Fshopee.co.th%2Fproduct%2F29667634%2F26201292421,https://shope.ee/an_redir?origin_link=https%3A%2F%2Fshopee.co.th%2Fproduct%2F29667634%2F26201292421,200,Valid Link,True,Verified authentic product link
shopee-feed-516545545-26722590335,แอร์บับเบิลกันกระแทกสีใส 65*100เมตร หนา40แกรม Airbubble ส่งในระบบ เร็วค่าส่งถูก,shopee-feed-catalog,shopee,https://shope.ee/an_redir?origin_link=https%3A%2F%2Fshopee.co.th%2Fproduct%2F516545545%2F26722590335,https://shope.ee/an_redir?origin_link=https%3A%2F%2Fshopee.co.th%2Fproduct%2F516545545%2F26722590335,200,Valid Link,True,Verified authentic product link
shopee-feed-1574305223-28238270214,JSNB ส่งฟรี รองเท้าผ้าใบแฟชั่น พร้อมส่ง รองเท้าผ้าใบผู้หญิง รองเท้าหนังกลับ ผ้าใบลำลอง น้ำหนักเบา นุ่มและกันลื่น [LN322],shopee-feed-catalog,shopee,https://shope.ee/an_redir?origin_link=https%3A%2F%2Fshopee.co.th%2Fproduct%2F1574305223%2F28238270214,https://shope.ee/an_redir?origin_link=https%3A%2F%2Fshopee.co.th%2Fproduct%2F1574305223%2F28238270214,200,Valid Link,True,Verified authentic product link
shopee-feed-763888697-27359015634,แชมพูจีเฮิร์บ + แฮร์โทนิคจีเฮิร์บ Jeeherb ลดผมร่วง ผมยาวไว ผมดกดำ,shopee-feed-catalog,shopee,https://shope.ee/an_redir?origin_link=https%3A%2F%2Fshopee.co.th%2Fproduct%2F763888697%2F27359015634,https://shope.ee/an_redir?origin_link=https%3A%2F%2Fshopee.co.th%2Fproduct%2F763888697%2F27359015634,200,Valid Link,True,Verified authentic product link
shopee-feed-257926112-51064659433,Sikadeer ข้าวบุก ชนิดแห้ง (SR02) 1000กรัม บุกเพื่อสุขภาพ Konjac Rice,shopee-feed-catalog,shopee,https://shope.ee/an_redir?origin_link=https%3A%2F%2Fshopee.co.th%2Fproduct%2F257926112%2F51064659433,https://shope.ee/an_redir?origin_link=https%3A%2F%2Fshopee.co.th%2Fproduct%2F257926112%2F51064659433,200,Valid Link,True,Verified authentic product link
shopee-feed-946511596-51455832927,Protriva Zinc Bisglycinate Plus โปรทริว่า ซิงค์ บิสไกลซีเนต พลัส สิว คุมมัน เล็บ ผม,shopee-feed-catalog,shopee,https://shope.ee/an_redir?origin_link=https%3A%2F%2Fshopee.co.th%2Fproduct%2F946511596%2F51455832927,https://shope.ee/an_redir?origin_link=https%3A%2F%2Fshopee.co.th%2Fproduct%2F946511596%2F51455832927,200,Valid Link,True,Verified authentic product link
shopee-feed-23325172-19761271216,นมกล่อง เอนฟาโกร ยูเอชที สูตร4 ชนิดจืด (36 กล่อง) x2 ลัง Enfagrow UHT Stage4 Plain (36 boxes) x2 cases,shopee-feed-catalog,shopee,https://shope.ee/an_redir?origin_link=https%3A%2F%2Fshopee.co.th%2Fproduct%2F23325172%2F19761271216,https://shope.ee/an_redir?origin_link=https%3A%2F%2Fshopee.co.th%2Fproduct%2F23325172%2F19761271216,200,Valid Link,True,Verified authentic product link
shopee-feed-991716094-54857965545,แป้งน้ำแต้มสิว อีลิท แคร์ แอนตี้ แอคเน่ โลชั่น Elite Care Anti Acne Lotion 15ml,shopee-feed-catalog,shopee,https://shope.ee/an_redir?origin_link=https%3A%2F%2Fshopee.co.th%2Fproduct%2F991716094%2F54857965545,https://shope.ee/an_redir?origin_link=https%3A%2F%2Fshopee.co.th%2Fproduct%2F991716094%2F54857965545,200,Valid Link,True,Verified authentic product link
shopee-feed-205474805-21695513118,Café Amazon คาเฟ่ อเมซอน เมล็ดกาแฟคั่ว 1 ถุง (250g./1ถุง),shopee-feed-catalog,shopee,https://shope.ee/an_redir?origin_link=https%3A%2F%2Fshopee.co.th%2Fproduct%2F205474805%2F21695513118,https://shope.ee/an_redir?origin_link=https%3A%2F%2Fshopee.co.th%2Fproduct%2F205474805%2F21695513118,200,Valid Link,True,Verified authentic product link
shopee-feed-83276818-42222641073,Samsung Galaxy Tab A11+ Wi-Fi 6/128GB Gray,shopee-feed-catalog,shopee,https://shope.ee/an_redir?origin_link=https%3A%2F%2Fshopee.co.th%2Fproduct%2F83276818%2F42222641073,https://shope.ee/an_redir?origin_link=https%3A%2F%2Fshopee.co.th%2Fproduct%2F83276818%2F42222641073,200,Valid Link,True,Verified authentic product link
shopee-feed-83587832-22822264874,SleepHappy ที่นอนยางพาราแท้ รุ่น Element Deluxe หนา 7 นิ้ว และ Element Lite หนา 6 นิ้ว และ 4 นิ้ว ที่นอนเพื่อสุขภาพ,shopee-feed-catalog,shopee,https://shope.ee/an_redir?origin_link=https%3A%2F%2Fshopee.co.th%2Fproduct%2F83587832%2F22822264874,https://shope.ee/an_redir?origin_link=https%3A%2F%2Fshopee.co.th%2Fproduct%2F83587832%2F22822264874,200,Valid Link,True,Verified authentic product link
shopee-feed-298225587-23854201127,Dr.Aum C8 MCT Oil Powder 200g สูตรไม่มีน้ำตาล | ผง เอ็มซีที ออยล์ ซี 8 จากมะพร้าว,shopee-feed-catalog,shopee,https://shope.ee/an_redir?origin_link=https%3A%2F%2Fshopee.co.th%2Fproduct%2F298225587%2F23854201127,https://shope.ee/an_redir?origin_link=https%3A%2F%2Fshopee.co.th%2Fproduct%2F298225587%2F23854201127,200,Valid Link,True,Verified authentic product link
shopee-feed-63388426-29183027007,Multy Dr.Althea 345 Relief Cream 50 ml.ครีมดูแลปัญหาผิวอักเสบจากสิวโดยเฉพาะ Resveratrol Post Acne ผิวอิ่มฟู,shopee-feed-catalog,shopee,https://shope.ee/an_redir?origin_link=https%3A%2F%2Fshopee.co.th%2Fproduct%2F63388426%2F29183027007,https://shope.ee/an_redir?origin_link=https%3A%2F%2Fshopee.co.th%2Fproduct%2F63388426%2F29183027007,200,Valid Link,True,Verified authentic product link
shopee-feed-125004679-48550876116,Official Store - ( ช้อปปี้การันตี ) ดีพราวด์ น้ำมันมะระขึ้นกสกัดเย็น (กระปุกละ 30 แคปซูล),shopee-feed-catalog,shopee,https://shope.ee/an_redir?origin_link=https%3A%2F%2Fshopee.co.th%2Fproduct%2F125004679%2F48550876116,https://shope.ee/an_redir?origin_link=https%3A%2F%2Fshopee.co.th%2Fproduct%2F125004679%2F48550876116,200,Valid Link,True,Verified authentic product link
shopee-feed-257926112-41912019348,Sikadeer น้ำจิ้มคีโต ซอสคีโต ขนาด 340กรัม น้ำจิ้มคลีน ไม่มีน้ำตาล โซเดียมต่ำ ไม่มีผงชูรส Keto Clean Sauce,shopee-feed-catalog,shopee,https://shope.ee/an_redir?origin_link=https%3A%2F%2Fshopee.co.th%2Fproduct%2F257926112%2F41912019348,https://shope.ee/an_redir?origin_link=https%3A%2F%2Fshopee.co.th%2Fproduct%2F257926112%2F41912019348,200,Valid Link,True,Verified authentic product link
shopee-feed-1203243249-29905930281,HIMAWARI丨ผ้าห่ม ผ้าห่มนาโน 4 ฟุต 5 ฟุต 6ฟุต ผ้าห่มขนแกะปะการัง ขน แกะ หนา ขนาด สีล้วนเนื้อผ้านุ่ม,shopee-feed-catalog,shopee,https://shope.ee/an_redir?origin_link=https%3A%2F%2Fshopee.co.th%2Fproduct%2F1203243249%2F29905930281,https://shope.ee/an_redir?origin_link=https%3A%2F%2Fshopee.co.th%2Fproduct%2F1203243249%2F29905930281,200,Valid Link,True,Verified authentic product link
shopee-feed-448235616-52212053097,Simplus x Monchhichi หวีเป่าผมลมร้อน 5in1 เปียกและแห้ง 450 ล้านไอออนลบ ผมตรง ม้วนลอน เพิ่มวอลลุ่ม RFSH005MC,shopee-feed-catalog,shopee,https://shope.ee/an_redir?origin_link=https%3A%2F%2Fshopee.co.th%2Fproduct%2F448235616%2F52212053097,https://shope.ee/an_redir?origin_link=https%3A%2F%2Fshopee.co.th%2Fproduct%2F448235616%2F52212053097,200,Valid Link,True,Verified authentic product link
shopee-feed-1176308469-43264965745,Kerastase Gloss Absolu Insta Glaze Conditioner 30ml,shopee-feed-catalog,shopee,https://shope.ee/an_redir?origin_link=https%3A%2F%2Fshopee.co.th%2Fproduct%2F1176308469%2F43264965745,https://shope.ee/an_redir?origin_link=https%3A%2F%2Fshopee.co.th%2Fproduct%2F1176308469%2F43264965745,200,Valid Link,True,Verified authentic product link
shopee-feed-1202886803-22189651519,บ้านสิบหลัง เมล็ดกาแฟอาราบิก้า100% 500g กาแฟดอยช้าง มี5ระดับคั่ว บดฟรี,shopee-feed-catalog,shopee,https://shope.ee/an_redir?origin_link=https%3A%2F%2Fshopee.co.th%2Fproduct%2F1202886803%2F22189651519,https://shope.ee/an_redir?origin_link=https%3A%2F%2Fshopee.co.th%2Fproduct%2F1202886803%2F22189651519,200,Valid Link,True,Verified authentic product link
shopee-feed-566763809-20838257424,TIMECAFE ถ้วยตวงแก้ว 350ซีซี 500ซีซี 1000ซีซี มีป้ายสเกลชัดเจน ทนความร้อนและทนทาน,shopee-feed-catalog,shopee,https://shope.ee/an_redir?origin_link=https%3A%2F%2Fshopee.co.th%2Fproduct%2F566763809%2F20838257424,https://shope.ee/an_redir?origin_link=https%3A%2F%2Fshopee.co.th%2Fproduct%2F566763809%2F20838257424,200,Valid Link,True,Verified authentic product link
shopee-feed-1495293106-40156811379,วิตามิน เก๊าท์ BLK ( 1แถม1 ) รับ 60 แคปซูล ผลิตภัณฑ์อาหารเสริม บีแอลเค นิวทรี วิสต้า สูตรกระดูก,shopee-feed-catalog,shopee,https://shope.ee/an_redir?origin_link=https%3A%2F%2Fshopee.co.th%2Fproduct%2F1495293106%2F40156811379,https://shope.ee/an_redir?origin_link=https%3A%2F%2Fshopee.co.th%2Fproduct%2F1495293106%2F40156811379,200,Valid Link,True,Verified authentic product link
shopee-feed-1285167875-26953222692,Diamond ชุดเครื่องมือ เครื่องมือช่าง ประแจ ชุดบล็อก 24 ชิ้น ขนาด 1/2 (4หุน) CR-V แท้,shopee-feed-catalog,shopee,https://shope.ee/an_redir?origin_link=https%3A%2F%2Fshopee.co.th%2Fproduct%2F1285167875%2F26953222692,https://shope.ee/an_redir?origin_link=https%3A%2F%2Fshopee.co.th%2Fproduct%2F1285167875%2F26953222692,200,Valid Link,True,Verified authentic product link
shopee-feed-85584002-43210351686,OMRON เครื่องวัดความดันโลหิตออมรอน แบบสายรัดข้อมือ รุ่น HEM-6161 (รับประกัน 3+2 ปี),shopee-feed-catalog,shopee,https://shope.ee/an_redir?origin_link=https%3A%2F%2Fshopee.co.th%2Fproduct%2F85584002%2F43210351686,https://shope.ee/an_redir?origin_link=https%3A%2F%2Fshopee.co.th%2Fproduct%2F85584002%2F43210351686,200,Valid Link,True,Verified authentic product link
shopee-feed-169542005-40825801074,WOODPANDAชั้นวางของมีล้อเลื่อน3ชั้น ชั้นมีล้อเลื่อนเคลื่อนที่ได้ง่าย สะดวกสบายใช้สำหรับห้องครัว ห้องนั่งเล่น ระเบียงบ้าน,shopee-feed-catalog,shopee,https://shope.ee/an_redir?origin_link=https%3A%2F%2Fshopee.co.th%2Fproduct%2F169542005%2F40825801074,https://shope.ee/an_redir?origin_link=https%3A%2F%2Fshopee.co.th%2Fproduct%2F169542005%2F40825801074,200,Valid Link,True,Verified authentic product link
shopee-feed-233332231-41301401925,ใจข้าว น้ำมันรำข้าว 1.9L x1 ขวด Jaikao Rice Bran Oil,shopee-feed-catalog,shopee,https://shope.ee/an_redir?origin_link=https%3A%2F%2Fshopee.co.th%2Fproduct%2F233332231%2F41301401925,https://shope.ee/an_redir?origin_link=https%3A%2F%2Fshopee.co.th%2Fproduct%2F233332231%2F41301401925,200,Valid Link,True,Verified authentic product link
shopee-feed-87642797-4435715049,Master art (มาสเตอร์อาร์ต) ดินสอสี สีไม้ แบบ 12 24 36 48 60สี มี แบบแท่งยาว 1หัว และ 2 หัว ( 1 กล่อง ),shopee-feed-catalog,shopee,https://shope.ee/an_redir?origin_link=https%3A%2F%2Fshopee.co.th%2Fproduct%2F87642797%2F4435715049,https://shope.ee/an_redir?origin_link=https%3A%2F%2Fshopee.co.th%2Fproduct%2F87642797%2F4435715049,200,Valid Link,True,Verified authentic product link
shopee-feed-897244389-28478000682,KAGE BUFFET มื้อสุดท้ายก่อน Bye | ฟิลเตอร์บลัช บลัชฝุ่น เบส คอนซีลเลอร์แบบแท่ง กันแดด,shopee-feed-catalog,shopee,https://shope.ee/an_redir?origin_link=https%3A%2F%2Fshopee.co.th%2Fproduct%2F897244389%2F28478000682,https://shope.ee/an_redir?origin_link=https%3A%2F%2Fshopee.co.th%2Fproduct%2F897244389%2F28478000682,200,Valid Link,True,Verified authentic product link
shopee-feed-80699995-28968124989,SRICHAND ศรีจันทร์ ซูเปอร์ ฟิกซ์ 18เอช ออย คอนโทรล ฟาวน์เดชั่น พาวเดอร์ เอสพีเอฟ35 พีเอ+++ Super Fix 18H Oil Control 6g,shopee-feed-catalog,shopee,https://shope.ee/an_redir?origin_link=https%3A%2F%2Fshopee.co.th%2Fproduct%2F80699995%2F28968124989,https://shope.ee/an_redir?origin_link=https%3A%2F%2Fshopee.co.th%2Fproduct%2F80699995%2F28968124989,200,Valid Link,True,Verified authentic product link
shopee-feed-716641222-43310061333,"BeNice บีไนซ์ผลิตภัณฑ์ครีมอาบน้ำ สูตรกระชับผิว ถุงเติม 400 มล. x3, สีเขียว, ผิวสวยเรียบเนียน",shopee-feed-catalog,shopee,https://shope.ee/an_redir?origin_link=https%3A%2F%2Fshopee.co.th%2Fproduct%2F716641222%2F43310061333,https://shope.ee/an_redir?origin_link=https%3A%2F%2Fshopee.co.th%2Fproduct%2F716641222%2F43310061333,200,Valid Link,True,Verified authentic product link
shopee-feed-38343378-29258751615,[เติมสต็อคแล้ว] Lollipop Onstyle Contact Lens Caramel Brown คอนแทคเลนส์,shopee-feed-catalog,shopee,https://shope.ee/an_redir?origin_link=https%3A%2F%2Fshopee.co.th%2Fproduct%2F38343378%2F29258751615,https://shope.ee/an_redir?origin_link=https%3A%2F%2Fshopee.co.th%2Fproduct%2F38343378%2F29258751615,200,Valid Link,True,Verified authentic product link
shopee-feed-272699112-4541938229,Fudo เลเยอร์เค็ก สอดไส้ครีม (ตราฟูโด้),shopee-feed-catalog,shopee,https://shope.ee/an_redir?origin_link=https%3A%2F%2Fshopee.co.th%2Fproduct%2F272699112%2F4541938229,https://shope.ee/an_redir?origin_link=https%3A%2F%2Fshopee.co.th%2Fproduct%2F272699112%2F4541938229,200,Valid Link,True,Verified authentic product link
shopee-feed-1431792862-29723644632,doudou เครื่องนึ่งขวดนมแบบพิเศษพร้อมระบบอบแห้ง 2-in-1 การฆ่าเชื้อด้วยไอน้ำอุณหภูมิสูง นึ่งและปรุงอาหารได้ ความจุขนาดใหญ่,shopee-feed-catalog,shopee,https://shope.ee/an_redir?origin_link=https%3A%2F%2Fshopee.co.th%2Fproduct%2F1431792862%2F29723644632,https://shope.ee/an_redir?origin_link=https%3A%2F%2Fshopee.co.th%2Fproduct%2F1431792862%2F29723644632,200,Valid Link,True,Verified authentic product link
shopee-feed-29952018-455057978,เอนชัวร์ โกลด์ แอดวานซ์โปร กลิ่นวานิลลา 380g 1 กระป๋อง Ensure Gold AdvancePro Vanilla 380g x1,shopee-feed-catalog,shopee,https://shope.ee/an_redir?origin_link=https%3A%2F%2Fshopee.co.th%2Fproduct%2F29952018%2F455057978,https://shope.ee/an_redir?origin_link=https%3A%2F%2Fshopee.co.th%2Fproduct%2F29952018%2F455057978,200,Valid Link,True,Verified authentic product link
shopee-feed-1113587801-27285989761,Glad2Glow Bright Moist & Smooth Body Serum เติมความชุ่มชื้น ผิวขาว หมองคล้ำ เรียบเนียน Body Lotion 300ml,shopee-feed-catalog,shopee,https://shope.ee/an_redir?origin_link=https%3A%2F%2Fshopee.co.th%2Fproduct%2F1113587801%2F27285989761,https://shope.ee/an_redir?origin_link=https%3A%2F%2Fshopee.co.th%2Fproduct%2F1113587801%2F27285989761,200,Valid Link,True,Verified authentic product link
shopee-feed-1311545922-55361077762,Gentle Colors x Monchhichi Makeup Tools Set เซตแปรงแต่งหน้า ใช้สำหรับแก้มและตา,shopee-feed-catalog,shopee,https://shope.ee/an_redir?origin_link=https%3A%2F%2Fshopee.co.th%2Fproduct%2F1311545922%2F55361077762,https://shope.ee/an_redir?origin_link=https%3A%2F%2Fshopee.co.th%2Fproduct%2F1311545922%2F55361077762,200,Valid Link,True,Verified authentic product link
shopee-feed-1551833371-41461566081,Maybuck เครื่องเป่าลม พัดลมเทอร์โบเจ็ท 500W กำลังสูง แบตเตอรี่ลิเธียมแท้ ส่งฟรีเก็บปลายทาง,shopee-feed-catalog,shopee,https://shope.ee/an_redir?origin_link=https%3A%2F%2Fshopee.co.th%2Fproduct%2F1551833371%2F41461566081,https://shope.ee/an_redir?origin_link=https%3A%2F%2Fshopee.co.th%2Fproduct%2F1551833371%2F41461566081,200,Valid Link,True,Verified authentic product link
shopee-feed-80699995-24569035044,SRICHAND ศรีจันทร์ ซุปเปอร์ ซี ไบร์ทเทนนิ่ง อินเทนซ์ เซรั่ม / Super C Brightening Intense Serum (10ml.),shopee-feed-catalog,shopee,https://shope.ee/an_redir?origin_link=https%3A%2F%2Fshopee.co.th%2Fproduct%2F80699995%2F24569035044,https://shope.ee/an_redir?origin_link=https%3A%2F%2Fshopee.co.th%2Fproduct%2F80699995%2F24569035044,200,Valid Link,True,Verified authentic product link
shopee-feed-20369468-26006715483,พร้อมส่ง Janua แพคเกจใหม่ น้ำหอม Janua 30ml,shopee-feed-catalog,shopee,https://shope.ee/an_redir?origin_link=https%3A%2F%2Fshopee.co.th%2Fproduct%2F20369468%2F26006715483,https://shope.ee/an_redir?origin_link=https%3A%2F%2Fshopee.co.th%2Fproduct%2F20369468%2F26006715483,200,Valid Link,True,Verified authentic product link
shopee-feed-288879043-6877294821,Super V เครื่องหนีบผม รีดผม ซุปเปอร์วี / Super V Inter Ionic Hair-Flatter,shopee-feed-catalog,shopee,https://shope.ee/an_redir?origin_link=https%3A%2F%2Fshopee.co.th%2Fproduct%2F288879043%2F6877294821,https://shope.ee/an_redir?origin_link=https%3A%2F%2Fshopee.co.th%2Fproduct%2F288879043%2F6877294821,200,Valid Link,True,Verified authentic product link
shopee-feed-172431741-15801503455,นีเวีย ไมเซล่า วอเตอร์ เดอร์มา แอคเน่ แคร์ 400 มล. NIVEA ไมเซล่าลดสิว คลีนซิ่งลดสิว,shopee-feed-catalog,shopee,https://shope.ee/an_redir?origin_link=https%3A%2F%2Fshopee.co.th%2Fproduct%2F172431741%2F15801503455,https://shope.ee/an_redir?origin_link=https%3A%2F%2Fshopee.co.th%2Fproduct%2F172431741%2F15801503455,200,Valid Link,True,Verified authentic product link
shopee-feed-1127510965-26537778506,อกไก่เต๋า 5มิล ปริมาณ 1-5กิโลกรัม เหมาะสำหรับสัตว์เลี้ยง 3 เดือนขึ้นไป นักเก็ตไก่ฟรีซดราย ขนมแมว ขนมสุนัข ขนมหมา,shopee-feed-catalog,shopee,https://shope.ee/an_redir?origin_link=https%3A%2F%2Fshopee.co.th%2Fproduct%2F1127510965%2F26537778506,https://shope.ee/an_redir?origin_link=https%3A%2F%2Fshopee.co.th%2Fproduct%2F1127510965%2F26537778506,200,Valid Link,True,Verified authentic product link
shopee-feed-847828608-24823247254,กล่องเก็บของตั้งโต๊ะ สำนักงานนักเรียน เครื่องสำอางเรียบง่าย กล่องเก็บของเบ็ดเตล็ด ตู้เก็บของพลาสติก,shopee-feed-catalog,shopee,https://shope.ee/an_redir?origin_link=https%3A%2F%2Fshopee.co.th%2Fproduct%2F847828608%2F24823247254,https://shope.ee/an_redir?origin_link=https%3A%2F%2Fshopee.co.th%2Fproduct%2F847828608%2F24823247254,200,Valid Link,True,Verified authentic product link
shopee-feed-101506559-1682756824,OOFOS Ooahh Black รองเท้าเพื่อการฟื้นฟู,shopee-feed-catalog,shopee,https://shope.ee/an_redir?origin_link=https%3A%2F%2Fshopee.co.th%2Fproduct%2F101506559%2F1682756824,https://shope.ee/an_redir?origin_link=https%3A%2F%2Fshopee.co.th%2Fproduct%2F101506559%2F1682756824,200,Valid Link,True,Verified authentic product link
shopee-feed-269577646-6739239688,มายองเนส ศรีราชา คิวพี ขนาด 900 กรัม,shopee-feed-catalog,shopee,https://shope.ee/an_redir?origin_link=https%3A%2F%2Fshopee.co.th%2Fproduct%2F269577646%2F6739239688,https://shope.ee/an_redir?origin_link=https%3A%2F%2Fshopee.co.th%2Fproduct%2F269577646%2F6739239688,200,Valid Link,True,Verified authentic product link
shopee-feed-15607060-1581432027,"3M™ Scotch® สก๊อตช์ กาวยาง, ติดแน่น ทนทาน เหมาะสำหรับการยึดวัสดุ, ขนาด 80 กรัม",shopee-feed-catalog,shopee,https://shope.ee/an_redir?origin_link=https%3A%2F%2Fshopee.co.th%2Fproduct%2F15607060%2F1581432027,https://shope.ee/an_redir?origin_link=https%3A%2F%2Fshopee.co.th%2Fproduct%2F15607060%2F1581432027,200,Valid Link,True,Verified authentic product link
shopee-feed-19699503-22469013113,[รวม48ม้วน]สก๊อตต์® คลีนแคร์ กระดาษชำระทิชชู่ หนา3ชั้น 3XL Scott® Clean Care Tissue 3Ply,shopee-feed-catalog,shopee,https://shope.ee/an_redir?origin_link=https%3A%2F%2Fshopee.co.th%2Fproduct%2F19699503%2F22469013113,https://shope.ee/an_redir?origin_link=https%3A%2F%2Fshopee.co.th%2Fproduct%2F19699503%2F22469013113,200,Valid Link,True,Verified authentic product link
shopee-feed-63669256-28155602108,คลีน แอนด์ เคลียร์ แอคเน่ สปอต เฟส วอช 100 มล X 2 Clean & Clear Acne spot Face Wash 100ml X 2,shopee-feed-catalog,shopee,https://shope.ee/an_redir?origin_link=https%3A%2F%2Fshopee.co.th%2Fproduct%2F63669256%2F28155602108,https://shope.ee/an_redir?origin_link=https%3A%2F%2Fshopee.co.th%2Fproduct%2F63669256%2F28155602108,200,Valid Link,True,Verified authentic product link
shopee-feed-261558286-5396737741,Physiogel ฟิสิโอเจล เดลี่ มอยซ์เจอร์ เธอราปี คลีนเซอร์ สำหรับผิวธรรมดาถึงผิวแห้งที่บอบบางแพ้ง่าย 50 มล.,shopee-feed-catalog,shopee,https://shope.ee/an_redir?origin_link=https%3A%2F%2Fshopee.co.th%2Fproduct%2F261558286%2F5396737741,https://shope.ee/an_redir?origin_link=https%3A%2F%2Fshopee.co.th%2Fproduct%2F261558286%2F5396737741,200,Valid Link,True,Verified authentic product link
shopee-feed-53478807-858528900,"นมผง S-26® SMA Smart Care 1™ (2,500g) นมผง เอส-26 เอสเอ็มเอ สูตร 1 (2500 กรัม)",shopee-feed-catalog,shopee,https://shope.ee/an_redir?origin_link=https%3A%2F%2Fshopee.co.th%2Fproduct%2F53478807%2F858528900,https://shope.ee/an_redir?origin_link=https%3A%2F%2Fshopee.co.th%2Fproduct%2F53478807%2F858528900,200,Valid Link,True,Verified authentic product link
shopee-feed-234064859-24491357421,ริซเซ่มาร์ค บูสเตอร์สกิน ปริมาณ 10 กรัม,shopee-feed-catalog,shopee,https://shope.ee/an_redir?origin_link=https%3A%2F%2Fshopee.co.th%2Fproduct%2F234064859%2F24491357421,https://shope.ee/an_redir?origin_link=https%3A%2F%2Fshopee.co.th%2Fproduct%2F234064859%2F24491357421,200,Valid Link,True,Verified authentic product link
shopee-feed-1557022410-49012153914,Candy Cutey รองเท้าแมรี่เจนสไตล์เกาหลี ผ้าซูเอดนุ่ม เบาะรองนุ่มสบาย ใส่สบายทั้งวัน สไตล์เรียบง่ายน่ารัก,shopee-feed-catalog,shopee,https://shope.ee/an_redir?origin_link=https%3A%2F%2Fshopee.co.th%2Fproduct%2F1557022410%2F49012153914,https://shope.ee/an_redir?origin_link=https%3A%2F%2Fshopee.co.th%2Fproduct%2F1557022410%2F49012153914,200,Valid Link,True,Verified authentic product link
shopee-feed-201047901-25735336894,MIDORI Home หมอนสุขภาพจัดกระดูกต้นคอและสันหลัง 40X70 ซม.,shopee-feed-catalog,shopee,https://shope.ee/an_redir?origin_link=https%3A%2F%2Fshopee.co.th%2Fproduct%2F201047901%2F25735336894,https://shope.ee/an_redir?origin_link=https%3A%2F%2Fshopee.co.th%2Fproduct%2F201047901%2F25735336894,200,Valid Link,True,Verified authentic product link
shopee-feed-58418206-3217589058,คอมฟอร์ทอัลตร้า เดย์ลี่เฟรช น้ำยาปรับผ้านุ่ม 1000 มล x4 & x6,shopee-feed-catalog,shopee,https://shope.ee/an_redir?origin_link=https%3A%2F%2Fshopee.co.th%2Fproduct%2F58418206%2F3217589058,https://shope.ee/an_redir?origin_link=https%3A%2F%2Fshopee.co.th%2Fproduct%2F58418206%2F3217589058,200,Valid Link,True,Verified authentic product link
shopee-feed-287201971-26380805419,Petcho ทรายแมวเต้าหู้ เกรดพรีเมียม ขนาดอนุภาคเล็ก 1.5 มม จับตัวเป็นก้อนเร็ว ดับกลิ่นดีเยี่ยม,shopee-feed-catalog,shopee,https://shope.ee/an_redir?origin_link=https%3A%2F%2Fshopee.co.th%2Fproduct%2F287201971%2F26380805419,https://shope.ee/an_redir?origin_link=https%3A%2F%2Fshopee.co.th%2Fproduct%2F287201971%2F26380805419,200,Valid Link,True,Verified authentic product link
shopee-feed-85629121-24818051988,ทิชชู่น้องหมีน่ารัก10ห่อ 2หิ้ว (หิ้ว 5 ห่อ) กระดาษทิชชู่แบบยาว ห่อใหญ่แน่นๆ หนา2ชั้น( 1ห่อ/168แผ่น),shopee-feed-catalog,shopee,https://shope.ee/an_redir?origin_link=https%3A%2F%2Fshopee.co.th%2Fproduct%2F85629121%2F24818051988,https://shope.ee/an_redir?origin_link=https%3A%2F%2Fshopee.co.th%2Fproduct%2F85629121%2F24818051988,200,Valid Link,True,Verified authentic product link
shopee-feed-448235616-43153359267,Simplus หวีเป่าผมลมร้อน 5in1 ใช้ได้ทั้งผมเปียกและแห้ง 450 ล้านไอออนลบ ลดผมชี้ฟู 32000rpm อุณหภูมิคงที่ RFSH005,shopee-feed-catalog,shopee,https://shope.ee/an_redir?origin_link=https%3A%2F%2Fshopee.co.th%2Fproduct%2F448235616%2F43153359267,https://shope.ee/an_redir?origin_link=https%3A%2F%2Fshopee.co.th%2Fproduct%2F448235616%2F43153359267,200,Valid Link,True,Verified authentic product link
shopee-feed-61801865-3109037886,Smooth E White Babyface CC Cream SPF 50 PA++++ 30g. ครีมกันแดด ปกปิดรอยดำ รอยแดง รอยสิว ผิวเรียบเนียน คุมความมัน,shopee-feed-catalog,shopee,https://shope.ee/an_redir?origin_link=https%3A%2F%2Fshopee.co.th%2Fproduct%2F61801865%2F3109037886,https://shope.ee/an_redir?origin_link=https%3A%2F%2Fshopee.co.th%2Fproduct%2F61801865%2F3109037886,200,Valid Link,True,Verified authentic product link
shopee-feed-1438302217-28673634825,ราคาถูก ปลอกหมอน（1คู่ ) ปลอกหมอนหนุน 17x27 นิ้ว (40 x 70 cm) นุ่มและมีสีสัน ไม่ซีดจาง เฉพาะปลอกหมอน,shopee-feed-catalog,shopee,https://shope.ee/an_redir?origin_link=https%3A%2F%2Fshopee.co.th%2Fproduct%2F1438302217%2F28673634825,https://shope.ee/an_redir?origin_link=https%3A%2F%2Fshopee.co.th%2Fproduct%2F1438302217%2F28673634825,200,Valid Link,True,Verified authentic product link
shopee-feed-20369468-26779603565,เฟ็ม FEM White Lily Deodorant Spray 100ml. - สเปรย์ระงับเหงื่อและกลิ่นกาย ปราศจากแอลกอฮอล์,shopee-feed-catalog,shopee,https://shope.ee/an_redir?origin_link=https%3A%2F%2Fshopee.co.th%2Fproduct%2F20369468%2F26779603565,https://shope.ee/an_redir?origin_link=https%3A%2F%2Fshopee.co.th%2Fproduct%2F20369468%2F26779603565,200,Valid Link,True,Verified authentic product link
shopee-feed-842163252-18685371851,30 ชิ้น เม็ดฟู่ล้างรีเทนเนอร์ เม็ดฟู่แช่ฟันปลอม ทำความสะอาดคราบหินปูน ช่วยให้กลิ่นหอมสดชื่น,shopee-feed-catalog,shopee,https://shope.ee/an_redir?origin_link=https%3A%2F%2Fshopee.co.th%2Fproduct%2F842163252%2F18685371851,https://shope.ee/an_redir?origin_link=https%3A%2F%2Fshopee.co.th%2Fproduct%2F842163252%2F18685371851,200,Valid Link,True,Verified authentic product link
shopee-feed-545507-45862002834,พร้อมส่ง เสื้อยืดแขนสั้น เสื้อครอป ขอบหยัก Lettuce Top l La maison,shopee-feed-catalog,shopee,https://shope.ee/an_redir?origin_link=https%3A%2F%2Fshopee.co.th%2Fproduct%2F545507%2F45862002834,https://shope.ee/an_redir?origin_link=https%3A%2F%2Fshopee.co.th%2Fproduct%2F545507%2F45862002834,200,Valid Link,True,Verified authentic product link
shopee-feed-213662475-50656723010,twentywendy | Be Kind to Cry Eyeliner ปลายพู่กันขนาด 0.01 มม. ควบคุมทิศทางได้ง่าย เส้นคม สวยต่อเนื่อง กันน้ํา กันเหงื่อ,shopee-feed-catalog,shopee,https://shope.ee/an_redir?origin_link=https%3A%2F%2Fshopee.co.th%2Fproduct%2F213662475%2F50656723010,https://shope.ee/an_redir?origin_link=https%3A%2F%2Fshopee.co.th%2Fproduct%2F213662475%2F50656723010,200,Valid Link,True,Verified authentic product link
shopee-feed-1305822681-45755484749,[เซ็ท2ขั้นตอน] เคลียร์ สกาล์ปซูติคอลส์ โปร แชมพู + เซรั่มบำรุงและขจัดรังแค 200มล.+50มล.x1,shopee-feed-catalog,shopee,https://shope.ee/an_redir?origin_link=https%3A%2F%2Fshopee.co.th%2Fproduct%2F1305822681%2F45755484749,https://shope.ee/an_redir?origin_link=https%3A%2F%2Fshopee.co.th%2Fproduct%2F1305822681%2F45755484749,200,Valid Link,True,Verified authentic product link
shopee-feed-31208415-25380829951,ENFANT (อองฟองต์) Natural Mozzie Guard Spray สเปรย์กันยุง กลิ่นตะไคร้หอม สำหรับเด็ก 6 เดือนขึ้นไป 50ml.,shopee-feed-catalog,shopee,https://shope.ee/an_redir?origin_link=https%3A%2F%2Fshopee.co.th%2Fproduct%2F31208415%2F25380829951,https://shope.ee/an_redir?origin_link=https%3A%2F%2Fshopee.co.th%2Fproduct%2F31208415%2F25380829951,200,Valid Link,True,Verified authentic product link
shopee-feed-1006157223-24819389400,Took Lae Dee โต๊ะญี่ปุ่น 40 x 60 เกรดเอ ผลิตในไทย อเนกประสงค์,shopee-feed-catalog,shopee,https://shope.ee/an_redir?origin_link=https%3A%2F%2Fshopee.co.th%2Fproduct%2F1006157223%2F24819389400,https://shope.ee/an_redir?origin_link=https%3A%2F%2Fshopee.co.th%2Fproduct%2F1006157223%2F24819389400,200,Valid Link,True,Verified authentic product link
shopee-feed-1215856555-27500723530,Gprinter ปืนยิงราคา พร้อมสติ๊กเกอร์ ที่ติดราคา ปืนยิงป้ายราคาสินค้า รุ่น MX-5500 เครื่องยิงราคา7หลัก,shopee-feed-catalog,shopee,https://shope.ee/an_redir?origin_link=https%3A%2F%2Fshopee.co.th%2Fproduct%2F1215856555%2F27500723530,https://shope.ee/an_redir?origin_link=https%3A%2F%2Fshopee.co.th%2Fproduct%2F1215856555%2F27500723530,200,Valid Link,True,Verified authentic product link
shopee-feed-201159757-24438533541,Torriden Dive In Hyaluronic Acid Toner (300ml) - ทอร์ริเดนโทนเนอร์ ไฮยาลูรอนิก เติมความชุ่มชื้นให้ผิว,shopee-feed-catalog,shopee,https://shope.ee/an_redir?origin_link=https%3A%2F%2Fshopee.co.th%2Fproduct%2F201159757%2F24438533541,https://shope.ee/an_redir?origin_link=https%3A%2F%2Fshopee.co.th%2Fproduct%2F201159757%2F24438533541,200,Valid Link,True,Verified authentic product link
shopee-feed-364780808-26584439372,เมล็ดกาแฟดอยช้างอาราบิก้า 100 % เกรดมาตรฐาน จากโรงคั่วบนดอยช้างจังหวัดเชียงราย,shopee-feed-catalog,shopee,https://shope.ee/an_redir?origin_link=https%3A%2F%2Fshopee.co.th%2Fproduct%2F364780808%2F26584439372,https://shope.ee/an_redir?origin_link=https%3A%2F%2Fshopee.co.th%2Fproduct%2F364780808%2F26584439372,200,Valid Link,True,Verified authentic product link
shopee-feed-29668384-25240502232,การ์นิเย่ คัลเลอร์ แนทเชอรัลส์ ขนาดกล่อง GARNIER COLOR NATURALS KIT,shopee-feed-catalog,shopee,https://shope.ee/an_redir?origin_link=https%3A%2F%2Fshopee.co.th%2Fproduct%2F29668384%2F25240502232,https://shope.ee/an_redir?origin_link=https%3A%2F%2Fshopee.co.th%2Fproduct%2F29668384%2F25240502232,200,Valid Link,True,Verified authentic product link
shopee-feed-21985649-47857321655,Withit Cardigan with Leather Patch คาร์ดิแกนสีพื้น - OTW20823,shopee-feed-catalog,shopee,https://shope.ee/an_redir?origin_link=https%3A%2F%2Fshopee.co.th%2Fproduct%2F21985649%2F47857321655,https://shope.ee/an_redir?origin_link=https%3A%2F%2Fshopee.co.th%2Fproduct%2F21985649%2F47857321655,200,Valid Link,True,Verified authentic product link
shopee-feed-163578962-52852475002,TRUE ซิมเน็ตพร้อมใช้ 15Mbps 100GB พร้อมโทรฟรี นาน 12เดือน,shopee-feed-catalog,shopee,https://shope.ee/an_redir?origin_link=https%3A%2F%2Fshopee.co.th%2Fproduct%2F163578962%2F52852475002,https://shope.ee/an_redir?origin_link=https%3A%2F%2Fshopee.co.th%2Fproduct%2F163578962%2F52852475002,200,Valid Link,True,Verified authentic product link
shopee-feed-56058230-19565869968,MAXMO กระดาษชำระ 48 แผ่น ทาวเวล (แพ็ค 6) |ZWG|,shopee-feed-catalog,shopee,https://shope.ee/an_redir?origin_link=https%3A%2F%2Fshopee.co.th%2Fproduct%2F56058230%2F19565869968,https://shope.ee/an_redir?origin_link=https%3A%2F%2Fshopee.co.th%2Fproduct%2F56058230%2F19565869968,200,Valid Link,True,Verified authentic product link
shopee-feed-43430503-685533044,Schwarzkopf TAFT POWER HAIR SPRAY สเปรย์จัดแต่งทรงผม สูตรพาวเวอร์สเปรย์ 250 มล.,shopee-feed-catalog,shopee,https://shope.ee/an_redir?origin_link=https%3A%2F%2Fshopee.co.th%2Fproduct%2F43430503%2F685533044,https://shope.ee/an_redir?origin_link=https%3A%2F%2Fshopee.co.th%2Fproduct%2F43430503%2F685533044,200,Valid Link,True,Verified authentic product link
shopee-feed-1771477788-46257085403,ILSO SUPER MELTING SEBUM SOFTENER 150 ml.,shopee-feed-catalog,shopee,https://shope.ee/an_redir?origin_link=https%3A%2F%2Fshopee.co.th%2Fproduct%2F1771477788%2F46257085403,https://shope.ee/an_redir?origin_link=https%3A%2F%2Fshopee.co.th%2Fproduct%2F1771477788%2F46257085403,200,Valid Link,True,Verified authentic product link
shopee-feed-133545424-53857571924,"Axon Mega Active Smart watch จอ Amoled 1.70"" โหมดกีฬา 100+ รับสาย คุยผ่านนาฬิกา IP68 กันน้ำ กันฝน รับประกัน 2 ปี",shopee-feed-catalog,shopee,https://shope.ee/an_redir?origin_link=https%3A%2F%2Fshopee.co.th%2Fproduct%2F133545424%2F53857571924,https://shope.ee/an_redir?origin_link=https%3A%2F%2Fshopee.co.th%2Fproduct%2F133545424%2F53857571924,200,Valid Link,True,Verified authentic product link
shopee-feed-119580644-8177522119,นมผง ดูมิลค์สูตร3 รสจืด 550 กรัม สำหรับเด็ก 1 ปีขึ้นไปและทุกคนในครอบครัว นมผง Dumilk นมผงดูมิลค์3,shopee-feed-catalog,shopee,https://shope.ee/an_redir?origin_link=https%3A%2F%2Fshopee.co.th%2Fproduct%2F119580644%2F8177522119,https://shope.ee/an_redir?origin_link=https%3A%2F%2Fshopee.co.th%2Fproduct%2F119580644%2F8177522119,200,Valid Link,True,Verified authentic product link
shopee-feed-80699995-29855035511,SRICHAND ศรีจันทร์ สกิน มอยส์เจอร์ เบิร์ส เซรั่ม 50 มล. Skin Moisture Burst Serum 50 ml,shopee-feed-catalog,shopee,https://shope.ee/an_redir?origin_link=https%3A%2F%2Fshopee.co.th%2Fproduct%2F80699995%2F29855035511,https://shope.ee/an_redir?origin_link=https%3A%2F%2Fshopee.co.th%2Fproduct%2F80699995%2F29855035511,200,Valid Link,True,Verified authentic product link
shopee-feed-70802054-53605006270,MizuMi 3-In-1 Melt Away Cleansing Balm Coconut 60 ml คลีนซิ่งบาล์มมะพร้าว เคลียร์ผิวสะอาดล้ำลึก สลายเมกอัพ บำรุงล้ำลึก,shopee-feed-catalog,shopee,https://shope.ee/an_redir?origin_link=https%3A%2F%2Fshopee.co.th%2Fproduct%2F70802054%2F53605006270,https://shope.ee/an_redir?origin_link=https%3A%2F%2Fshopee.co.th%2Fproduct%2F70802054%2F53605006270,200,Valid Link,True,Verified authentic product link
shopee-feed-61460869-22354635360,VFOODS วีฟู้ดส์ ขนมปังปี๊บขาไก่หลากรส 1.2-1.3 กิโลกรัม,shopee-feed-catalog,shopee,https://shope.ee/an_redir?origin_link=https%3A%2F%2Fshopee.co.th%2Fproduct%2F61460869%2F22354635360,https://shope.ee/an_redir?origin_link=https%3A%2F%2Fshopee.co.th%2Fproduct%2F61460869%2F22354635360,200,Valid Link,True,Verified authentic product link
shopee-feed-119131506-26342403312,Mentholatum Lip Perfector Serum Lip Gel - Vita Quad 8g เมนโทลาทั่ม ลิปเซรั่ม กู้ปากคล้ำให้อมชมพู X4 วิตามิน 8ก. 1หน่วย,shopee-feed-catalog,shopee,https://shope.ee/an_redir?origin_link=https%3A%2F%2Fshopee.co.th%2Fproduct%2F119131506%2F26342403312,https://shope.ee/an_redir?origin_link=https%3A%2F%2Fshopee.co.th%2Fproduct%2F119131506%2F26342403312,200,Valid Link,True,Verified authentic product link
shopee-feed-1376738-18983059258,Alcon Opti-Free Pure Moist น้ำยาแช่คอนแทคเลนส์,shopee-feed-catalog,shopee,https://shope.ee/an_redir?origin_link=https%3A%2F%2Fshopee.co.th%2Fproduct%2F1376738%2F18983059258,https://shope.ee/an_redir?origin_link=https%3A%2F%2Fshopee.co.th%2Fproduct%2F1376738%2F18983059258,200,Valid Link,True,Verified authentic product link
shopee-feed-82575383-10023165949,X-Fiber™ ผ้าไมโครไฟเบอร์ สีดำ – หนานุ่ม แห้งไว สำหรับร้านอาหาร-คาเฟ่ 40x40cm | Easyathome,shopee-feed-catalog,shopee,https://shope.ee/an_redir?origin_link=https%3A%2F%2Fshopee.co.th%2Fproduct%2F82575383%2F10023165949,https://shope.ee/an_redir?origin_link=https%3A%2F%2Fshopee.co.th%2Fproduct%2F82575383%2F10023165949,200,Valid Link,True,Verified authentic product link
shopee-feed-941025159-41203924164,Pink Office Limited Gift - Tint Ring,shopee-feed-catalog,shopee,https://shope.ee/an_redir?origin_link=https%3A%2F%2Fshopee.co.th%2Fproduct%2F941025159%2F41203924164,https://shope.ee/an_redir?origin_link=https%3A%2F%2Fshopee.co.th%2Fproduct%2F941025159%2F41203924164,200,Valid Link,True,Verified authentic product link
shopee-feed-161364381-40307764373,ผักเคลอบกรอบ 2 ถัง ออร์แกนิก ไขมันต่ำ ไม่ทอด กรอบอร่อย เคลถัง กินเพลิน ขนม ของกิน snackies,shopee-feed-catalog,shopee,https://shope.ee/an_redir?origin_link=https%3A%2F%2Fshopee.co.th%2Fproduct%2F161364381%2F40307764373,https://shope.ee/an_redir?origin_link=https%3A%2F%2Fshopee.co.th%2Fproduct%2F161364381%2F40307764373,200,Valid Link,True,Verified authentic product link
shopee-feed-156008447-26773496377,Veet วีท แว็กซ์ แผ่นแว็กซ์กำจัดขน Wax strips Shea สูตรอัลมอนด์ ออยด์และวิตามินอี ผิวบอบบาง 1 กล่อง (เลือกจำนวนด้านใน),shopee-feed-catalog,shopee,https://shope.ee/an_redir?origin_link=https%3A%2F%2Fshopee.co.th%2Fproduct%2F156008447%2F26773496377,https://shope.ee/an_redir?origin_link=https%3A%2F%2Fshopee.co.th%2Fproduct%2F156008447%2F26773496377,200,Valid Link,True,Verified authentic product link
shopee-feed-1583182154-41928845612,Pufflora เซ็ตโรลม้วนผมไร้ความร้อน ผ้าซาติน ทำลอนเกาหลี ถนอมเส้นผม ไม่ต้องใช้ความร้อน พร้อมกิ๊บและยางรัดผม,shopee-feed-catalog,shopee,https://shope.ee/an_redir?origin_link=https%3A%2F%2Fshopee.co.th%2Fproduct%2F1583182154%2F41928845612,https://shope.ee/an_redir?origin_link=https%3A%2F%2Fshopee.co.th%2Fproduct%2F1583182154%2F41928845612,200,Valid Link,True,Verified authentic product link
shopee-feed-203532834-24614438245,Dmp Baby Bath Goodtime Organic Ph5.5 450 ML + Refill 250 ML. (ดีเอ็มพี กู๊ดไทม์ 450 มล. ฟรี รีฟิล 250 มล. (สีม่วง)),shopee-feed-catalog,shopee,https://shope.ee/an_redir?origin_link=https%3A%2F%2Fshopee.co.th%2Fproduct%2F203532834%2F24614438245,https://shope.ee/an_redir?origin_link=https%3A%2F%2Fshopee.co.th%2Fproduct%2F203532834%2F24614438245,200,Valid Link,True,Verified authentic product link
shopee-feed-76673436-1420780792,"Royal Canin Sterilised 4kg อาหารเม็ดแมวโต ทำหมัน อายุ 1 ปีขึ้นไป (Dry Cat Food, โรยัล คานิน)",shopee-feed-catalog,shopee,https://shope.ee/an_redir?origin_link=https%3A%2F%2Fshopee.co.th%2Fproduct%2F76673436%2F1420780792,https://shope.ee/an_redir?origin_link=https%3A%2F%2Fshopee.co.th%2Fproduct%2F76673436%2F1420780792,200,Valid Link,True,Verified authentic product link
shopee-feed-240723932-51008114083,Yuedpao Smooth Skin (Unisex) - Set Dark Tone เสื้อยืดคอกลม ผ้านุ่มลื่น เบาสบาย ระบายอากาศดี เสื้อยืดพื้น,shopee-feed-catalog,shopee,https://shope.ee/an_redir?origin_link=https%3A%2F%2Fshopee.co.th%2Fproduct%2F240723932%2F51008114083,https://shope.ee/an_redir?origin_link=https%3A%2F%2Fshopee.co.th%2Fproduct%2F240723932%2F51008114083,200,Valid Link,True,Verified authentic product link
shopee-feed-72684059-4116059850,Koala the bear เจลปรับอากาศ 70 กรัม〔8 กลิ่น〕,shopee-feed-catalog,shopee,https://shope.ee/an_redir?origin_link=https%3A%2F%2Fshopee.co.th%2Fproduct%2F72684059%2F4116059850,https://shope.ee/an_redir?origin_link=https%3A%2F%2Fshopee.co.th%2Fproduct%2F72684059%2F4116059850,200,Valid Link,True,Verified authentic product link
shopee-feed-85601907-19992231582,"D-nee ดีนี่ น้ำยาปรับผ้านุ่มเด็ก สูตรเข้มข้น ออร์แกนิค 1,000 มล X 4",shopee-feed-catalog,shopee,https://shope.ee/an_redir?origin_link=https%3A%2F%2Fshopee.co.th%2Fproduct%2F85601907%2F19992231582,https://shope.ee/an_redir?origin_link=https%3A%2F%2Fshopee.co.th%2Fproduct%2F85601907%2F19992231582,200,Valid Link,True,Verified authentic product link
shopee-feed-1505570169-42461016880,GOOJODOQ Universal Stylus พร้อมจอแสดงผลแม่เหล็กความปลอดภัยอุปกรณ์เสริมทนทานและเปลี่ยนได้ For Android,shopee-feed-catalog,shopee,https://shope.ee/an_redir?origin_link=https%3A%2F%2Fshopee.co.th%2Fproduct%2F1505570169%2F42461016880,https://shope.ee/an_redir?origin_link=https%3A%2F%2Fshopee.co.th%2Fproduct%2F1505570169%2F42461016880,200,Valid Link,True,Verified authentic product link
shopee-feed-1510298325-42400952007,เบสท์ฟู้ดส์ ผงฟู สูตรดับเบิลแอ็คติง 1 กิโลกรัม Best foods Baking Powder Acting Formula 1 Kg,shopee-feed-catalog,shopee,https://shope.ee/an_redir?origin_link=https%3A%2F%2Fshopee.co.th%2Fproduct%2F1510298325%2F42400952007,https://shope.ee/an_redir?origin_link=https%3A%2F%2Fshopee.co.th%2Fproduct%2F1510298325%2F42400952007,200,Valid Link,True,Verified authentic product link
shopee-feed-59741420-29984630989,KATE อายแชโดว์พาเลท MELLOW BROWN EYES,shopee-feed-catalog,shopee,https://shope.ee/an_redir?origin_link=https%3A%2F%2Fshopee.co.th%2Fproduct%2F59741420%2F29984630989,https://shope.ee/an_redir?origin_link=https%3A%2F%2Fshopee.co.th%2Fproduct%2F59741420%2F29984630989,200,Valid Link,True,Verified authentic product link
shopee-feed-325262295-20438789405,Boots Vitamin C Advanced Brightening & Smoothing Body Serum 180Ml บู๊ทส์ วิตามินซี แอดวานซ์ ไบรท์เทนนิ่ง บอดี้ เซรั่ม,shopee-feed-catalog,shopee,https://shope.ee/an_redir?origin_link=https%3A%2F%2Fshopee.co.th%2Fproduct%2F325262295%2F20438789405,https://shope.ee/an_redir?origin_link=https%3A%2F%2Fshopee.co.th%2Fproduct%2F325262295%2F20438789405,200,Valid Link,True,Verified authentic product link
shopee-feed-53085910-40930437396,Seagull หม้อต้มวอริเออร์ Warrior Sauce Pot มีให้เลือก 3 ขนาด ขนาด 20 ซม./ 24 ซม./ 28 ซม. Warrior Sauce Pot,shopee-feed-catalog,shopee,https://shope.ee/an_redir?origin_link=https%3A%2F%2Fshopee.co.th%2Fproduct%2F53085910%2F40930437396,https://shope.ee/an_redir?origin_link=https%3A%2F%2Fshopee.co.th%2Fproduct%2F53085910%2F40930437396,200,Valid Link,True,Verified authentic product link
shopee-feed-73778613-28908347192,Donutt Brand อาหารเสริม Antioxidant ผิวแลดูสุขภาพดี แอล-กลูต้าไธโอน 250 mg. กลูต้า พลัส (30แคปซูล/กระปุก),shopee-feed-catalog,shopee,https://shope.ee/an_redir?origin_link=https%3A%2F%2Fshopee.co.th%2Fproduct%2F73778613%2F28908347192,https://shope.ee/an_redir?origin_link=https%3A%2F%2Fshopee.co.th%2Fproduct%2F73778613%2F28908347192,200,Valid Link,True,Verified authentic product link
shopee-feed-186176709-18376041860,BSC SUN AGE BLOC SERUM SPF50+ PA++++ บีเอสซี ซัน เอจ บล็อก เซรั่ม เอสพีเอฟ50+ พีเอ++++ ผลิตภัณฑ์เซรั่มกันแดด เกลี่ยง่าย,shopee-feed-catalog,shopee,https://shope.ee/an_redir?origin_link=https%3A%2F%2Fshopee.co.th%2Fproduct%2F186176709%2F18376041860,https://shope.ee/an_redir?origin_link=https%3A%2F%2Fshopee.co.th%2Fproduct%2F186176709%2F18376041860,200,Valid Link,True,Verified authentic product link
shopee-feed-485357469-9395233222,ชุดผ้าปูที่นอน 5 ชิ้น ขนาด 3.5/5/6 ฟุต รัดมุมแบบปกติ 4 มุม ผ้าคอตตอล ที่นอนสูงไม่เกิน 8 นิ้ว,shopee-feed-catalog,shopee,https://shope.ee/an_redir?origin_link=https%3A%2F%2Fshopee.co.th%2Fproduct%2F485357469%2F9395233222,https://shope.ee/an_redir?origin_link=https%3A%2F%2Fshopee.co.th%2Fproduct%2F485357469%2F9395233222,200,Valid Link,True,Verified authentic product link
shopee-feed-261558286-26585392106,PHYSIOGEL DAILY MOISTURE THERARY REGENERATIVE CREAM 100ML,shopee-feed-catalog,shopee,https://shope.ee/an_redir?origin_link=https%3A%2F%2Fshopee.co.th%2Fproduct%2F261558286%2F26585392106,https://shope.ee/an_redir?origin_link=https%3A%2F%2Fshopee.co.th%2Fproduct%2F261558286%2F26585392106,200,Valid Link,True,Verified authentic product link
shopee-feed-287137993-28011451546,Apple Airpods 4 I iStudio by SPVi,shopee-feed-catalog,shopee,https://shope.ee/an_redir?origin_link=https%3A%2F%2Fshopee.co.th%2Fproduct%2F287137993%2F28011451546,https://shope.ee/an_redir?origin_link=https%3A%2F%2Fshopee.co.th%2Fproduct%2F287137993%2F28011451546,200,Valid Link,True,Verified authentic product link
shopee-feed-53478807-858528895,"นมผง S-26® PROMIL Smart Care 2™ (2,500g) นมผง เอส-26 โปรมิล สูตร 2 (2500 กรัม)",shopee-feed-catalog,shopee,https://shope.ee/an_redir?origin_link=https%3A%2F%2Fshopee.co.th%2Fproduct%2F53478807%2F858528895,https://shope.ee/an_redir?origin_link=https%3A%2F%2Fshopee.co.th%2Fproduct%2F53478807%2F858528895,200,Valid Link,True,Verified authentic product link
shopee-feed-1542608589-44856549986,POPASKIN Vitamin C Brightening Boost Hydrating Mask มาสก์ไวท์เทนนิ่ง เติมความชุ่มชื้น เพิ่มความกระจ่างใส 25ML,shopee-feed-catalog,shopee,https://shope.ee/an_redir?origin_link=https%3A%2F%2Fshopee.co.th%2Fproduct%2F1542608589%2F44856549986,https://shope.ee/an_redir?origin_link=https%3A%2F%2Fshopee.co.th%2Fproduct%2F1542608589%2F44856549986,200,Valid Link,True,Verified authentic product link
shopee-feed-343713687-20556805984,คอนแทคเลนส์ Julia Light Brown / Brown / Gray (Kitty Kawaii) ขนาดมินิ 🌷 ลายฮิต สุดปังในเกาหลี,shopee-feed-catalog,shopee,https://shope.ee/an_redir?origin_link=https%3A%2F%2Fshopee.co.th%2Fproduct%2F343713687%2F20556805984,https://shope.ee/an_redir?origin_link=https%3A%2F%2Fshopee.co.th%2Fproduct%2F343713687%2F20556805984,200,Valid Link,True,Verified authentic product link
shopee-feed-32691638-41719188720,POSH แม็คพลัส พุงทะลาย 1 กล่อง กล่องละ 24 แคปซูล ของแท้ จัดส่งไว,shopee-feed-catalog,shopee,https://shope.ee/an_redir?origin_link=https%3A%2F%2Fshopee.co.th%2Fproduct%2F32691638%2F41719188720,https://shope.ee/an_redir?origin_link=https%3A%2F%2Fshopee.co.th%2Fproduct%2F32691638%2F41719188720,200,Valid Link,True,Verified authentic product link
shopee-feed-287201971-22871174553,Petcho สเปรย์ฉีดช่องปากสัตว์เลี้ยง น้ำยาบ้วนปากแมว น้ํายาดับกลิ่นปาก แมว สเปรย์ดับกลิ่นปากสุนัข ขจัดแบคทีเรีย 100ml,shopee-feed-catalog,shopee,https://shope.ee/an_redir?origin_link=https%3A%2F%2Fshopee.co.th%2Fproduct%2F287201971%2F22871174553,https://shope.ee/an_redir?origin_link=https%3A%2F%2Fshopee.co.th%2Fproduct%2F287201971%2F22871174553,200,Valid Link,True,Verified authentic product link
shopee-feed-39233325-1061398165,Bewell Roller Foam โฟมคลายกล้ามเนื้อ บรรเทาอาการปวดเมื่อย คลายกล้ามเนื้อก่อนและหลังออกกำลังกาย (รุ่น F-03),shopee-feed-catalog,shopee,https://shope.ee/an_redir?origin_link=https%3A%2F%2Fshopee.co.th%2Fproduct%2F39233325%2F1061398165,https://shope.ee/an_redir?origin_link=https%3A%2F%2Fshopee.co.th%2Fproduct%2F39233325%2F1061398165,200,Valid Link,True,Verified authentic product link
shopee-feed-45838542-29270234742,CUTE PRESS HYBRID WEIGHTLESS LOOSE POWDER SPF 15 PA+++ แป้งฝุ่นสกินแคร์เบลอผิว,shopee-feed-catalog,shopee,https://shope.ee/an_redir?origin_link=https%3A%2F%2Fshopee.co.th%2Fproduct%2F45838542%2F29270234742,https://shope.ee/an_redir?origin_link=https%3A%2F%2Fshopee.co.th%2Fproduct%2F45838542%2F29270234742,200,Valid Link,True,Verified authentic product link
shopee-feed-1090771459-28065767039,🐱🐱ลูกกลิ้งเก็บขน ขนาด24cm ที่กลิ้ง+10 ม้วนกาว ลูกกลิ้ง ลูกกลิ้งกระดาษกาว ลูกกลิ้งเก็บฝุ่น ลูกกลิ้งทําความสะอาด,shopee-feed-catalog,shopee,https://shope.ee/an_redir?origin_link=https%3A%2F%2Fshopee.co.th%2Fproduct%2F1090771459%2F28065767039,https://shope.ee/an_redir?origin_link=https%3A%2F%2Fshopee.co.th%2Fproduct%2F1090771459%2F28065767039,200,Valid Link,True,Verified authentic product link
shopee-feed-1350243956-53550727016,Buoola น้ำยาบ้วนปากกลิ่นเปปเปอร์มินต์+แปรงสีฟัน+แปรงขัดซอกฟัน+แปรงกระจุก,shopee-feed-catalog,shopee,https://shope.ee/an_redir?origin_link=https%3A%2F%2Fshopee.co.th%2Fproduct%2F1350243956%2F53550727016,https://shope.ee/an_redir?origin_link=https%3A%2F%2Fshopee.co.th%2Fproduct%2F1350243956%2F53550727016,200,Valid Link,True,Verified authentic product link
shopee-feed-53085910-25514003557,Seagull กระติกน้ำสุญญากาศ แฮนดี้ ขนาด 0.75 ลิตร Handy Vacuum Flask มีให้เลือก 5 สี,shopee-feed-catalog,shopee,https://shope.ee/an_redir?origin_link=https%3A%2F%2Fshopee.co.th%2Fproduct%2F53085910%2F25514003557,https://shope.ee/an_redir?origin_link=https%3A%2F%2Fshopee.co.th%2Fproduct%2F53085910%2F25514003557,200,Valid Link,True,Verified authentic product link
shopee-feed-308013524-23852044157,BLENDERA-MF เบลนเดอร่า-เอ็มเอฟ 2.5 กิโลกรัม อาหารชนิดผง ชง ดื่ม สำหรับผู้ที่มีความเสี่ยงต่อการเกิดภาวะทุพโภชนาการ 2 ถุง,shopee-feed-catalog,shopee,https://shope.ee/an_redir?origin_link=https%3A%2F%2Fshopee.co.th%2Fproduct%2F308013524%2F23852044157,https://shope.ee/an_redir?origin_link=https%3A%2F%2Fshopee.co.th%2Fproduct%2F308013524%2F23852044157,200,Valid Link,True,Verified authentic product link
shopee-feed-26978286-41857003847,แอ๊กซ์ สเปรย์ระงับกลิ่นกาย กลิ่นดาร์กเทมเทชั่น 135 มล. แพ็คคู่,shopee-feed-catalog,shopee,https://shope.ee/an_redir?origin_link=https%3A%2F%2Fshopee.co.th%2Fproduct%2F26978286%2F41857003847,https://shope.ee/an_redir?origin_link=https%3A%2F%2Fshopee.co.th%2Fproduct%2F26978286%2F41857003847,200,Valid Link,True,Verified authentic product link
shopee-feed-456448361-50201831621,(NEW) Baseus Bass BP1 Pro Earbuds ANC-50dB เสียง Hi-Res LDAC ใช้งานได้นาน 12ชม,shopee-feed-catalog,shopee,https://shope.ee/an_redir?origin_link=https%3A%2F%2Fshopee.co.th%2Fproduct%2F456448361%2F50201831621,https://shope.ee/an_redir?origin_link=https%3A%2F%2Fshopee.co.th%2Fproduct%2F456448361%2F50201831621,200,Valid Link,True,Verified authentic product link
shopee-feed-60321563-57013884592,JARINYA (S-L) เสื้อแขนยาวปัก Born to Wander,shopee-feed-catalog,shopee,https://shope.ee/an_redir?origin_link=https%3A%2F%2Fshopee.co.th%2Fproduct%2F60321563%2F57013884592,https://shope.ee/an_redir?origin_link=https%3A%2F%2Fshopee.co.th%2Fproduct%2F60321563%2F57013884592,200,Valid Link,True,Verified authentic product link
shopee-feed-361518092-26285382053,UGREEN GPS Tracker อุปกรณ์ติดตาม ป้องกันการสูญหาย Find My สำหรับ iPhone/iPad/Mac/samsung รุ่น 45297,shopee-feed-catalog,shopee,https://shope.ee/an_redir?origin_link=https%3A%2F%2Fshopee.co.th%2Fproduct%2F361518092%2F26285382053,https://shope.ee/an_redir?origin_link=https%3A%2F%2Fshopee.co.th%2Fproduct%2F361518092%2F26285382053,200,Valid Link,True,Verified authentic product link
shopee-feed-502331430-10023389331,drTung's Smart Floss | ไหมขัดฟัน ไม่เจ็บนิ้วมือ เข้าซอกฟันได้ง่าย ( คละสี ),shopee-feed-catalog,shopee,https://shope.ee/an_redir?origin_link=https%3A%2F%2Fshopee.co.th%2Fproduct%2F502331430%2F10023389331,https://shope.ee/an_redir?origin_link=https%3A%2F%2Fshopee.co.th%2Fproduct%2F502331430%2F10023389331,200,Valid Link,True,Verified authentic product link
shopee-feed-1203592517-41771596727,TRAILTOP เคตเทิลเบล 2/4/6KG วัสดุพีวีซีนุ่ม เคตเทิลเบลล์แบบนุ่ม Kettlebell ลูกตุ้มยกน้ําหนัก,shopee-feed-catalog,shopee,https://shope.ee/an_redir?origin_link=https%3A%2F%2Fshopee.co.th%2Fproduct%2F1203592517%2F41771596727,https://shope.ee/an_redir?origin_link=https%3A%2F%2Fshopee.co.th%2Fproduct%2F1203592517%2F41771596727,200,Valid Link,True,Verified authentic product link
shopee-feed-355123-5277655526,กาญจนา สมูท เซรั่ม สูตรใหม่ แพ็คเกจใหม่ เซรั่มสมูทกาญจนา เซรั่มบำรุงผิว,shopee-feed-catalog,shopee,https://shope.ee/an_redir?origin_link=https%3A%2F%2Fshopee.co.th%2Fproduct%2F355123%2F5277655526,https://shope.ee/an_redir?origin_link=https%3A%2F%2Fshopee.co.th%2Fproduct%2F355123%2F5277655526,200,Valid Link,True,Verified authentic product link
shopee-feed-1578122098-29988458954,HADABIREI ESSENCE LOTION ฮาดะบิเรอิ เอสเซ้นส์ โลชั่น 180 มล,shopee-feed-catalog,shopee,https://shope.ee/an_redir?origin_link=https%3A%2F%2Fshopee.co.th%2Fproduct%2F1578122098%2F29988458954,https://shope.ee/an_redir?origin_link=https%3A%2F%2Fshopee.co.th%2Fproduct%2F1578122098%2F29988458954,200,Valid Link,True,Verified authentic product link
shopee-feed-332308801-9954112395,Blackmores Fish Oil 1000mg (80 caps) แบลคมอร์ส ฟิช ออยล์ 1000 มก. ขนาด (80 แคปซูล),shopee-feed-catalog,shopee,https://shope.ee/an_redir?origin_link=https%3A%2F%2Fshopee.co.th%2Fproduct%2F332308801%2F9954112395,https://shope.ee/an_redir?origin_link=https%3A%2F%2Fshopee.co.th%2Fproduct%2F332308801%2F9954112395,200,Valid Link,True,Verified authentic product link
shopee-feed-969190833-25337848524,HONOR X9d 5G (12+256GB) โทรศัพท์มือถือ ถึกทน หน้าจอ 6.79 นิ้ว | กล้อง 108MP | กันฝุ่น กันนํ้า IP69K | แบตเตอรี่ 8300mAh,shopee-feed-catalog,shopee,https://shope.ee/an_redir?origin_link=https%3A%2F%2Fshopee.co.th%2Fproduct%2F969190833%2F25337848524,https://shope.ee/an_redir?origin_link=https%3A%2F%2Fshopee.co.th%2Fproduct%2F969190833%2F25337848524,200,Valid Link,True,Verified authentic product link
shopee-feed-14137237-4948785594,Lifree ไลฟ์รี่ ผ้าอ้อมผู้ใหญ่ กางเกงซึมซับตลอดคืน ไซส์ M-XL(4แพ็ค),shopee-feed-catalog,shopee,https://shope.ee/an_redir?origin_link=https%3A%2F%2Fshopee.co.th%2Fproduct%2F14137237%2F4948785594,https://shope.ee/an_redir?origin_link=https%3A%2F%2Fshopee.co.th%2Fproduct%2F14137237%2F4948785594,200,Valid Link,True,Verified authentic product link
shopee-feed-13075563-964822938,Super Lock กล่องถนอมอาหารพร้อมกระเป๋า 6003-CCC 3 กล่อง ป้องกันแบคทีเรีย BPA Free เข้าไมโครเวฟได้,shopee-feed-catalog,shopee,https://shope.ee/an_redir?origin_link=https%3A%2F%2Fshopee.co.th%2Fproduct%2F13075563%2F964822938,https://shope.ee/an_redir?origin_link=https%3A%2F%2Fshopee.co.th%2Fproduct%2F13075563%2F964822938,200,Valid Link,True,Verified authentic product link
shopee-feed-71014150-17984412949,LANEIGE Lip Sleeping Mask Berry EX 20 x2 ลาเนจ ลิป สลีปปิ้งมาส์ก กลิ่นเบอร์รี่ 2 ชิ้น,shopee-feed-catalog,shopee,https://shope.ee/an_redir?origin_link=https%3A%2F%2Fshopee.co.th%2Fproduct%2F71014150%2F17984412949,https://shope.ee/an_redir?origin_link=https%3A%2F%2Fshopee.co.th%2Fproduct%2F71014150%2F17984412949,200,Valid Link,True,Verified authentic product link
shopee-feed-35598492-20728357361,Philips Avent ฟิลิปส์ เอเวนท์ จุกหลอก รุ่น Ultra Soft นุ่มและยืดหยุ่นเป็นพิเศษ สำหรับผิวบอบบางของลูกน้อย,shopee-feed-catalog,shopee,https://shope.ee/an_redir?origin_link=https%3A%2F%2Fshopee.co.th%2Fproduct%2F35598492%2F20728357361,https://shope.ee/an_redir?origin_link=https%3A%2F%2Fshopee.co.th%2Fproduct%2F35598492%2F20728357361,200,Valid Link,True,Verified authentic product link
shopee-feed-1412264763-29421916217,kGM เคตเทิลเบล เคตเทิลเบลล์แบบนุ่มเคตเทิลเบลตั้งได้ Kettlebell 2kg/4kg/5kg6kg/8kg/10kg วัสดุพีวีซีนุ่มยกน้ำหนักเคตเทิลเบ,shopee-feed-catalog,shopee,https://shope.ee/an_redir?origin_link=https%3A%2F%2Fshopee.co.th%2Fproduct%2F1412264763%2F29421916217,https://shope.ee/an_redir?origin_link=https%3A%2F%2Fshopee.co.th%2Fproduct%2F1412264763%2F29421916217,200,Valid Link,True,Verified authentic product link
shopee-feed-30073588-1590049914,Aconatic ดิจิตอลทีวี Aconatic HD TV ขนาด 24 นิ้ว 24HD523AN (รับประกัน 1 ปี),shopee-feed-catalog,shopee,https://shope.ee/an_redir?origin_link=https%3A%2F%2Fshopee.co.th%2Fproduct%2F30073588%2F1590049914,https://shope.ee/an_redir?origin_link=https%3A%2F%2Fshopee.co.th%2Fproduct%2F30073588%2F1590049914,200,Valid Link,True,Verified authentic product link
shopee-feed-378293230-5494492214,Eucerin SPOTLESS BRIGHTENING AMINO CLEANSING FOAM 150 ML x2,shopee-feed-catalog,shopee,https://shope.ee/an_redir?origin_link=https%3A%2F%2Fshopee.co.th%2Fproduct%2F378293230%2F5494492214,https://shope.ee/an_redir?origin_link=https%3A%2F%2Fshopee.co.th%2Fproduct%2F378293230%2F5494492214,200,Valid Link,True,Verified authentic product link
shopee-feed-1005771211-49705065388,Freehike ผ้าอ๊อกฟอร์ดบุใยหนาพิเศษเก้าอี้แคมป์ปิ้ง เก้าอี้สนามที่พับได้ camping ขาตั้งอลูมิเนียม รับน้ำหนักได้150KG,shopee-feed-catalog,shopee,https://shope.ee/an_redir?origin_link=https%3A%2F%2Fshopee.co.th%2Fproduct%2F1005771211%2F49705065388,https://shope.ee/an_redir?origin_link=https%3A%2F%2Fshopee.co.th%2Fproduct%2F1005771211%2F49705065388,200,Valid Link,True,Verified authentic product link
shopee-feed-236091021-19062053466,IRIS OHYAMA ไอริส โอยามะ เครื่องทำความสะอาดพรม เบาะผ้า เฟอร์นิเจอร์ผ้า แรงดูดทรงพลัง รุ่น RNS-P10 สีขาวฟ้า,shopee-feed-catalog,shopee,https://shope.ee/an_redir?origin_link=https%3A%2F%2Fshopee.co.th%2Fproduct%2F236091021%2F19062053466,https://shope.ee/an_redir?origin_link=https%3A%2F%2Fshopee.co.th%2Fproduct%2F236091021%2F19062053466,200,Valid Link,True,Verified authentic product link
shopee-feed-136034347-29326182105,MITSUBISHI ELECTRIC ตั้งพื้นกึ่งตั้งโต๊ะ R16A-GC แบบปุ่มกด ขนาดใบพัด 16 นิ้ว,shopee-feed-catalog,shopee,https://shope.ee/an_redir?origin_link=https%3A%2F%2Fshopee.co.th%2Fproduct%2F136034347%2F29326182105,https://shope.ee/an_redir?origin_link=https%3A%2F%2Fshopee.co.th%2Fproduct%2F136034347%2F29326182105,200,Valid Link,True,Verified authentic product link
shopee-feed-223832803-8708907164,Naturista คลีนซิ่งทีทรีเช็ดเครื่องสำอาง ให้ผิวหน้าสะอาดหมดจด Tea Tree Cleansing Water 260ml,shopee-feed-catalog,shopee,https://shope.ee/an_redir?origin_link=https%3A%2F%2Fshopee.co.th%2Fproduct%2F223832803%2F8708907164,https://shope.ee/an_redir?origin_link=https%3A%2F%2Fshopee.co.th%2Fproduct%2F223832803%2F8708907164,200,Valid Link,True,Verified authentic product link
shopee-feed-14900925-24433487548,Ratcha Vit C Advanced Pre-serum รัชชา วิตซี แอดวานซ์ พรี-เซรั่ม น้องฉัตร วิตซีซองคู่ 4+4 g.,shopee-feed-catalog,shopee,https://shope.ee/an_redir?origin_link=https%3A%2F%2Fshopee.co.th%2Fproduct%2F14900925%2F24433487548,https://shope.ee/an_redir?origin_link=https%3A%2F%2Fshopee.co.th%2Fproduct%2F14900925%2F24433487548,200,Valid Link,True,Verified authentic product link
shopee-feed-1761246543-45107967422,เคตเทิลเบลล์แบบนุ่ม เคตเทิลเบล Soft Kettlebell รุ่น มีให้เลือก 4kg-8kg เคตเทิ,shopee-feed-catalog,shopee,https://shope.ee/an_redir?origin_link=https%3A%2F%2Fshopee.co.th%2Fproduct%2F1761246543%2F45107967422,https://shope.ee/an_redir?origin_link=https%3A%2F%2Fshopee.co.th%2Fproduct%2F1761246543%2F45107967422,200,Valid Link,True,Verified authentic product link
shopee-feed-371619118-23463186113,จุฬาพลัส ครีมทาริดสีดวงCHULA PLUS RICCHY MOISTURIZER CREAM,shopee-feed-catalog,shopee,https://shope.ee/an_redir?origin_link=https%3A%2F%2Fshopee.co.th%2Fproduct%2F371619118%2F23463186113,https://shope.ee/an_redir?origin_link=https%3A%2F%2Fshopee.co.th%2Fproduct%2F371619118%2F23463186113,200,Valid Link,True,Verified authentic product link
shopee-feed-442825962-56650934954,PLAYBOY รุ่น Lys Wallet กระเป๋าสตางค์ผู้หญิง รหัส ST-WAS254PB010 ดีไซน์แบบ2พับ มี 3 สี,shopee-feed-catalog,shopee,https://shope.ee/an_redir?origin_link=https%3A%2F%2Fshopee.co.th%2Fproduct%2F442825962%2F56650934954,https://shope.ee/an_redir?origin_link=https%3A%2F%2Fshopee.co.th%2Fproduct%2F442825962%2F56650934954,200,Valid Link,True,Verified authentic product link
shopee-feed-50063072-2074357501,Double Lock กล่องใส่อาหาร กล่องอาหารแบ่งสามช่องพร้อมฝาปิดรุ่น 4606,shopee-feed-catalog,shopee,https://shope.ee/an_redir?origin_link=https%3A%2F%2Fshopee.co.th%2Fproduct%2F50063072%2F2074357501,https://shope.ee/an_redir?origin_link=https%3A%2F%2Fshopee.co.th%2Fproduct%2F50063072%2F2074357501,200,Valid Link,True,Verified authentic product link
shopee-feed-326097010-23549591075,SCE Plus เครื่องชงกาแฟ ความจุ 0.6L. รุ่น CF-M1 - รับประกัน 2 ปี,shopee-feed-catalog,shopee,https://shope.ee/an_redir?origin_link=https%3A%2F%2Fshopee.co.th%2Fproduct%2F326097010%2F23549591075,https://shope.ee/an_redir?origin_link=https%3A%2F%2Fshopee.co.th%2Fproduct%2F326097010%2F23549591075,200,Valid Link,True,Verified authentic product link
shopee-feed-61795905-4534807470,Dentiste Tongue Brush อุปกรณ์ทำความสะอาดลิ้น ชนิดขนแปรงนุ่ม จบปัญหาในช่องปาก กำจัดแบคทีเรีย ลดกลิ่นปาก ลมหายใจหอมสดชื่น,shopee-feed-catalog,shopee,https://shope.ee/an_redir?origin_link=https%3A%2F%2Fshopee.co.th%2Fproduct%2F61795905%2F4534807470,https://shope.ee/an_redir?origin_link=https%3A%2F%2Fshopee.co.th%2Fproduct%2F61795905%2F4534807470,200,Valid Link,True,Verified authentic product link
shopee-feed-85601907-26181444005,ผลิตภัณฑ์ล้างขวดนม ดีนี่ ฟอร์ นิวบอร์น 1150มล. (สีเขียว),shopee-feed-catalog,shopee,https://shope.ee/an_redir?origin_link=https%3A%2F%2Fshopee.co.th%2Fproduct%2F85601907%2F26181444005,https://shope.ee/an_redir?origin_link=https%3A%2F%2Fshopee.co.th%2Fproduct%2F85601907%2F26181444005,200,Valid Link,True,Verified authentic product link
shopee-feed-199940326-19477771576,แพ็กคู่!! ผ้าอาบน้ำไม่ใช้น้ำ BRE SOAP SHOWER SHEET (บรรจุ 4 แผ่น/1ซอง) ผ้าอาบน้ำแห้ง​ ผ้าเปียกเช็ดตัว,shopee-feed-catalog,shopee,https://shope.ee/an_redir?origin_link=https%3A%2F%2Fshopee.co.th%2Fproduct%2F199940326%2F19477771576,https://shope.ee/an_redir?origin_link=https%3A%2F%2Fshopee.co.th%2Fproduct%2F199940326%2F19477771576,200,Valid Link,True,Verified authentic product link
shopee-feed-13007750-3333911020,ถุงมือศรีตรังโกลฟส์ไม่มีแป้ง สีขาว แบบไม่มีแป้ง กล่องเขียว,shopee-feed-catalog,shopee,https://shope.ee/an_redir?origin_link=https%3A%2F%2Fshopee.co.th%2Fproduct%2F13007750%2F3333911020,https://shope.ee/an_redir?origin_link=https%3A%2F%2Fshopee.co.th%2Fproduct%2F13007750%2F3333911020,200,Valid Link,True,Verified authentic product link
shopee-feed-119189798-26490257877,ยำยำ สูตรเด็ด 75 กรัม แพ็ค 5 ซอง x 2 แพ็ค Inner,shopee-feed-catalog,shopee,https://shope.ee/an_redir?origin_link=https%3A%2F%2Fshopee.co.th%2Fproduct%2F119189798%2F26490257877,https://shope.ee/an_redir?origin_link=https%3A%2F%2Fshopee.co.th%2Fproduct%2F119189798%2F26490257877,200,Valid Link,True,Verified authentic product link
shopee-feed-1086742330-41562724847,Dazzle Me Get A Grip Makeup Setting Spray Matte Fix 60ml เซ็ตติ้งสเปรย์ฟินิชแมท.,shopee-feed-catalog,shopee,https://shope.ee/an_redir?origin_link=https%3A%2F%2Fshopee.co.th%2Fproduct%2F1086742330%2F41562724847,https://shope.ee/an_redir?origin_link=https%3A%2F%2Fshopee.co.th%2Fproduct%2F1086742330%2F41562724847,200,Valid Link,True,Verified authentic product link
shopee-feed-84387866-55015749361,ADDA FLOW RUN รุ่น SUBMIN รองเท้าวิ่งสำหรับผู้ชายและผู้หญิง รุ่น 5TD1LM1 (ไซส์ 4-11),shopee-feed-catalog,shopee,https://shope.ee/an_redir?origin_link=https%3A%2F%2Fshopee.co.th%2Fproduct%2F84387866%2F55015749361,https://shope.ee/an_redir?origin_link=https%3A%2F%2Fshopee.co.th%2Fproduct%2F84387866%2F55015749361,200,Valid Link,True,Verified authentic product link
shopee-feed-1213579370-25281295598,Otosense น้ำยาทำความสะอาดช่องหูสัตว์เลี้ยง กำจัดกลิ่น ไรในหู ฆ่าเชื้อ,shopee-feed-catalog,shopee,https://shope.ee/an_redir?origin_link=https%3A%2F%2Fshopee.co.th%2Fproduct%2F1213579370%2F25281295598,https://shope.ee/an_redir?origin_link=https%3A%2F%2Fshopee.co.th%2Fproduct%2F1213579370%2F25281295598,200,Valid Link,True,Verified authentic product link
shopee-feed-346240890-25061138822,กาเเฟคั่ว บ้านผาฮี้ เชียงราย เมล็ดคัดเกรดคุณภาพAA,shopee-feed-catalog,shopee,https://shope.ee/an_redir?origin_link=https%3A%2F%2Fshopee.co.th%2Fproduct%2F346240890%2F25061138822,https://shope.ee/an_redir?origin_link=https%3A%2F%2Fshopee.co.th%2Fproduct%2F346240890%2F25061138822,200,Valid Link,True,Verified authentic product link
shopee-feed-1321853624-52802207736,"Oni Sun Protection Mask 30pcs,UPF 50+ UV Face Mask,มาสก์กันแดดใช้แล้วทิ้ง,มาสก์กันยูวี,มาสก์ป้องกันแดด,อุปกรณ์กันแดด",shopee-feed-catalog,shopee,https://shope.ee/an_redir?origin_link=https%3A%2F%2Fshopee.co.th%2Fproduct%2F1321853624%2F52802207736,https://shope.ee/an_redir?origin_link=https%3A%2F%2Fshopee.co.th%2Fproduct%2F1321853624%2F52802207736,200,Valid Link,True,Verified authentic product link
shopee-feed-250722446-5453538137,Nutella นูเทลล่า เฮเซลนัทบดผสมโกโก้ 680 g.,shopee-feed-catalog,shopee,https://shope.ee/an_redir?origin_link=https%3A%2F%2Fshopee.co.th%2Fproduct%2F250722446%2F5453538137,https://shope.ee/an_redir?origin_link=https%3A%2F%2Fshopee.co.th%2Fproduct%2F250722446%2F5453538137,200,Valid Link,True,Verified authentic product link
shopee-feed-62384361-19088543707,ไวไว เส้นหมี่อบแห้งนูดดี้ 1ห่อ 966 กรัม ห่อซิป,shopee-feed-catalog,shopee,https://shope.ee/an_redir?origin_link=https%3A%2F%2Fshopee.co.th%2Fproduct%2F62384361%2F19088543707,https://shope.ee/an_redir?origin_link=https%3A%2F%2Fshopee.co.th%2Fproduct%2F62384361%2F19088543707,200,Valid Link,True,Verified authentic product link
shopee-feed-50064559-19423557568,D'ARTE รองเท้าคัชชูส้นสูง รองเท้ารับปริญญา รุ่น D65-25741 (แนะนำให้เพิ่มไซส์ 1 ไซส์) ส้นสูง 2 นิ้ว,shopee-feed-catalog,shopee,https://shope.ee/an_redir?origin_link=https%3A%2F%2Fshopee.co.th%2Fproduct%2F50064559%2F19423557568,https://shope.ee/an_redir?origin_link=https%3A%2F%2Fshopee.co.th%2Fproduct%2F50064559%2F19423557568,200,Valid Link,True,Verified authentic product link
shopee-feed-1117163817-26513685258,HOMERUNPET กรรไกรตัดเล็บสัตว์เลี้ยง สแตนเลส 3Cr13 ขนาด 70×120 มม/90×137 มม สำหรับแมว สุนัขเล็ก และสุนัขพันธุ์ใหญ่,shopee-feed-catalog,shopee,https://shope.ee/an_redir?origin_link=https%3A%2F%2Fshopee.co.th%2Fproduct%2F1117163817%2F26513685258,https://shope.ee/an_redir?origin_link=https%3A%2F%2Fshopee.co.th%2Fproduct%2F1117163817%2F26513685258,200,Valid Link,True,Verified authentic product link
shopee-feed-2181583-47361258061,MISBOOK เเพลนเนอร์รายเดือน Monthly Planner ลายน่ารัก 1 ชุด มี 12 แผ่น,shopee-feed-catalog,shopee,https://shope.ee/an_redir?origin_link=https%3A%2F%2Fshopee.co.th%2Fproduct%2F2181583%2F47361258061,https://shope.ee/an_redir?origin_link=https%3A%2F%2Fshopee.co.th%2Fproduct%2F2181583%2F47361258061,200,Valid Link,True,Verified authentic product link
shopee-feed-34672890-27158078606,Anitech เครื่องทำวาฟเฟิล รุ่น SSW-550 แผ่นความร้อนเคลือบ non-stick [สินค้ารับประกัน 2 ปี],shopee-feed-catalog,shopee,https://shope.ee/an_redir?origin_link=https%3A%2F%2Fshopee.co.th%2Fproduct%2F34672890%2F27158078606,https://shope.ee/an_redir?origin_link=https%3A%2F%2Fshopee.co.th%2Fproduct%2F34672890%2F27158078606,200,Valid Link,True,Verified authentic product link
shopee-feed-252925896-14622726284,Sofy โซฟี แผ่นอนามัย ลองแอนด์ไวด์ คลีน โพรเทค แบบมาตรฐาน ไม่มีน้ำหอม 36 ชิ้น (3 แพ็ค) Long&Wide Clean Protect Pantiliner,shopee-feed-catalog,shopee,https://shope.ee/an_redir?origin_link=https%3A%2F%2Fshopee.co.th%2Fproduct%2F252925896%2F14622726284,https://shope.ee/an_redir?origin_link=https%3A%2F%2Fshopee.co.th%2Fproduct%2F252925896%2F14622726284,200,Valid Link,True,Verified authentic product link
shopee-feed-21019025-27069031806,50ไมครอนเหนียวสุด เทปใส เทปสีน้ำตาล กว้าง 2นิ้ว ยาว100หลาเต็ม เทปกาว,shopee-feed-catalog,shopee,https://shope.ee/an_redir?origin_link=https%3A%2F%2Fshopee.co.th%2Fproduct%2F21019025%2F27069031806,https://shope.ee/an_redir?origin_link=https%3A%2F%2Fshopee.co.th%2Fproduct%2F21019025%2F27069031806,200,Valid Link,True,Verified authentic product link
shopee-feed-868298740-27853996720,Chupa Chups น้ำหอมปรับอากาศ กลิ่น Berry ขนาด 155 กรัม จำนวน 1 ชิ้น,shopee-feed-catalog,shopee,https://shope.ee/an_redir?origin_link=https%3A%2F%2Fshopee.co.th%2Fproduct%2F868298740%2F27853996720,https://shope.ee/an_redir?origin_link=https%3A%2F%2Fshopee.co.th%2Fproduct%2F868298740%2F27853996720,200,Valid Link,True,Verified authentic product link
shopee-feed-1437843810-49450882040,SeaHunter Cast-K สายPE X9 ถัก 9-Strand PE 8+1 สายตกปลา 150M/300M 15-50LB สายจมน้ำเร็ว สายคุณภาพสูง ความหนาแน่นสูง,shopee-feed-catalog,shopee,https://shope.ee/an_redir?origin_link=https%3A%2F%2Fshopee.co.th%2Fproduct%2F1437843810%2F49450882040,https://shope.ee/an_redir?origin_link=https%3A%2F%2Fshopee.co.th%2Fproduct%2F1437843810%2F49450882040,200,Valid Link,True,Verified authentic product link
shopee-feed-250968794-5228933677,GSD โสมเกาหลีตังกุยจับ เครื่องดื่มโสมเกาหลีแท้ผสมน้ำผึ้ง 50ขวด(ลัง),shopee-feed-catalog,shopee,https://shope.ee/an_redir?origin_link=https%3A%2F%2Fshopee.co.th%2Fproduct%2F250968794%2F5228933677,https://shope.ee/an_redir?origin_link=https%3A%2F%2Fshopee.co.th%2Fproduct%2F250968794%2F5228933677,200,Valid Link,True,Verified authentic product link
shopee-feed-1086742330-24132234175,Nu Formula Ectoin + Ceramide Barrier Cream 50g นู ฟอร์มูล่า มอยส์เจอไรซิ่งเจลครีม.,shopee-feed-catalog,shopee,https://shope.ee/an_redir?origin_link=https%3A%2F%2Fshopee.co.th%2Fproduct%2F1086742330%2F24132234175,https://shope.ee/an_redir?origin_link=https%3A%2F%2Fshopee.co.th%2Fproduct%2F1086742330%2F24132234175,200,Valid Link,True,Verified authentic product link
shopee-feed-111368137-26380476176,SJEASYMOP ไม้ม็อบถูพื้นสเปร์ยม็อบ NEW SPRAY MOP*2,shopee-feed-catalog,shopee,https://shope.ee/an_redir?origin_link=https%3A%2F%2Fshopee.co.th%2Fproduct%2F111368137%2F26380476176,https://shope.ee/an_redir?origin_link=https%3A%2F%2Fshopee.co.th%2Fproduct%2F111368137%2F26380476176,200,Valid Link,True,Verified authentic product link
shopee-feed-173187555-53505722420,Yuedpao Sportswear - Ultra Flow Training Shirts 2025+2026 (Set Soft Base) เสื้อออกกำลังกาย เสื้อกีฬา เสื้อวิ่ง (10 สี),shopee-feed-catalog,shopee,https://shope.ee/an_redir?origin_link=https%3A%2F%2Fshopee.co.th%2Fproduct%2F173187555%2F53505722420,https://shope.ee/an_redir?origin_link=https%3A%2F%2Fshopee.co.th%2Fproduct%2F173187555%2F53505722420,200,Valid Link,True,Verified authentic product link
shopee-feed-948114227-53256857883,Magic Pocket เก้าอี้แคมป์ปิ้ง พับได้ ปิกนิค รับน้ำหนัก 300กก ขาตั้งอลูมิเนียม ผ้าใบOxford แข็งแรง ทนทาน สีดำ/เขียว/กากี,shopee-feed-catalog,shopee,https://shope.ee/an_redir?origin_link=https%3A%2F%2Fshopee.co.th%2Fproduct%2F948114227%2F53256857883,https://shope.ee/an_redir?origin_link=https%3A%2F%2Fshopee.co.th%2Fproduct%2F948114227%2F53256857883,200,Valid Link,True,Verified authentic product link
shopee-feed-121969451-48300752591,"Fineline ไฟน์ไลน์ ผลิตภัณฑ์ซักผ้าสูตรเข้มข้น พาวเวอร์ คลีน 1,320 มล. X2",shopee-feed-catalog,shopee,https://shope.ee/an_redir?origin_link=https%3A%2F%2Fshopee.co.th%2Fproduct%2F121969451%2F48300752591,https://shope.ee/an_redir?origin_link=https%3A%2F%2Fshopee.co.th%2Fproduct%2F121969451%2F48300752591,200,Valid Link,True,Verified authentic product link
shopee-feed-85601907-55303155066,"D-nee ดีนี่ ผลิตภัณฑ์ล้างขวดนม ดีนี่ ฟอร์ นิวบอร์น - ฟรุ้ตแกนิค 1,150 มล. X1",shopee-feed-catalog,shopee,https://shope.ee/an_redir?origin_link=https%3A%2F%2Fshopee.co.th%2Fproduct%2F85601907%2F55303155066,https://shope.ee/an_redir?origin_link=https%3A%2F%2Fshopee.co.th%2Fproduct%2F85601907%2F55303155066,200,Valid Link,True,Verified authentic product link
shopee-feed-185844020-52906867167,Kanimal Pet Food Box 2.5L กล่องเก็บอาหารเม็ด ถังเก็บอาหารเม็ด ขนาด 20 x 11 x 26.5 ซม.,shopee-feed-catalog,shopee,https://shope.ee/an_redir?origin_link=https%3A%2F%2Fshopee.co.th%2Fproduct%2F185844020%2F52906867167,https://shope.ee/an_redir?origin_link=https%3A%2F%2Fshopee.co.th%2Fproduct%2F185844020%2F52906867167,200,Valid Link,True,Verified authentic product link
shopee-feed-1082442213-28613948866,ENMY. ปากกาอะคริลิค 24/36/48 สี ปากกามาร์กเกอร์อะคริลิค Acrylic marker กันน้ำ หมึกพิมพ์เนียน หัวนุ่ม อัตราการใช้หมึก 85%,shopee-feed-catalog,shopee,https://shope.ee/an_redir?origin_link=https%3A%2F%2Fshopee.co.th%2Fproduct%2F1082442213%2F28613948866,https://shope.ee/an_redir?origin_link=https%3A%2F%2Fshopee.co.th%2Fproduct%2F1082442213%2F28613948866,200,Valid Link,True,Verified authentic product link
shopee-feed-17076891-15498946693,แผ่นแปะซิลิโคนเจล ลดรอยแผลเป็น คีลอย แผลนูน กันน้ำ - พร้อมส่งในไทย🇹🇭,shopee-feed-catalog,shopee,https://shope.ee/an_redir?origin_link=https%3A%2F%2Fshopee.co.th%2Fproduct%2F17076891%2F15498946693,https://shope.ee/an_redir?origin_link=https%3A%2F%2Fshopee.co.th%2Fproduct%2F17076891%2F15498946693,200,Valid Link,True,Verified authentic product link
shopee-feed-86629468-42023225586,HandyHerb Jelly Me รวมเจลลี่ของคนรุ่นใหม่ อร่อยดี มีประโยชน์,shopee-feed-catalog,shopee,https://shope.ee/an_redir?origin_link=https%3A%2F%2Fshopee.co.th%2Fproduct%2F86629468%2F42023225586,https://shope.ee/an_redir?origin_link=https%3A%2F%2Fshopee.co.th%2Fproduct%2F86629468%2F42023225586,200,Valid Link,True,Verified authentic product link
shopee-feed-12840826-41026954333,Double A Care หน้ากากอนามัยทางการแพทย์ ชนิดยางยืด 3 ชั้น SURGICAL MASK 3 PLY 50 ชิ้น/กล่อง จำหน่าย 4 กล่อง,shopee-feed-catalog,shopee,https://shope.ee/an_redir?origin_link=https%3A%2F%2Fshopee.co.th%2Fproduct%2F12840826%2F41026954333,https://shope.ee/an_redir?origin_link=https%3A%2F%2Fshopee.co.th%2Fproduct%2F12840826%2F41026954333,200,Valid Link,True,Verified authentic product link
shopee-feed-34537351-27113399400,GIFTSET BSC TOWEL ชุดผ้าขนหนูใยไผ่ Bamboo Cotton แอนตี้แบคทีเรีย ไม่เกิดสิว ไร้กลิ่นอับชื้น (ASG480) *กล่องรุ่นใหม่*,shopee-feed-catalog,shopee,https://shope.ee/an_redir?origin_link=https%3A%2F%2Fshopee.co.th%2Fproduct%2F34537351%2F27113399400,https://shope.ee/an_redir?origin_link=https%3A%2F%2Fshopee.co.th%2Fproduct%2F34537351%2F27113399400,200,Valid Link,True,Verified authentic product link
shopee-feed-1036504979-19184452188,VFcore LS วิตามินแมวเลีย สูตร Lysine สำหรับน้องแมว 1 กล่อง (30 ซอง),shopee-feed-catalog,shopee,https://shope.ee/an_redir?origin_link=https%3A%2F%2Fshopee.co.th%2Fproduct%2F1036504979%2F19184452188,https://shope.ee/an_redir?origin_link=https%3A%2F%2Fshopee.co.th%2Fproduct%2F1036504979%2F19184452188,200,Valid Link,True,Verified authentic product link
shopee-feed-47895205-23473756863,ร่ม แม่ค้า 34 นิ้ว UV เงิน สลับสี(เน้น เฉพาะร่มค่ะ)(ร่ม1คัน),shopee-feed-catalog,shopee,https://shope.ee/an_redir?origin_link=https%3A%2F%2Fshopee.co.th%2Fproduct%2F47895205%2F23473756863,https://shope.ee/an_redir?origin_link=https%3A%2F%2Fshopee.co.th%2Fproduct%2F47895205%2F23473756863,200,Valid Link,True,Verified authentic product link
shopee-feed-43238610-916308512,SanDisk Ultra Micro SDcard Class10 32GB 64GB 128GB SDSQUNR เมมโมรี่การ์ด กล้องวงจรปิดไร้สาย TF Card,shopee-feed-catalog,shopee,https://shope.ee/an_redir?origin_link=https%3A%2F%2Fshopee.co.th%2Fproduct%2F43238610%2F916308512,https://shope.ee/an_redir?origin_link=https%3A%2F%2Fshopee.co.th%2Fproduct%2F43238610%2F916308512,200,Valid Link,True,Verified authentic product link
shopee-feed-428390382-56753525181,พายไต้หวันไส้สับปะรดบรรจุ 12 ชิ้น,shopee-feed-catalog,shopee,https://shope.ee/an_redir?origin_link=https%3A%2F%2Fshopee.co.th%2Fproduct%2F428390382%2F56753525181,https://shope.ee/an_redir?origin_link=https%3A%2F%2Fshopee.co.th%2Fproduct%2F428390382%2F56753525181,200,Valid Link,True,Verified authentic product link
shopee-feed-1280278100-55452364906,SURE 4in1 น้ำยาทำความสะอาดห้องน้ำ ชัวร์750ml ฆ่าเชื้อโรค➕เปลี่ยนสีเมื่อเจอน้ำ➕ขจัดคราบสกปรก➕กลิ่นหอม,shopee-feed-catalog,shopee,https://shope.ee/an_redir?origin_link=https%3A%2F%2Fshopee.co.th%2Fproduct%2F1280278100%2F55452364906,https://shope.ee/an_redir?origin_link=https%3A%2F%2Fshopee.co.th%2Fproduct%2F1280278100%2F55452364906,200,Valid Link,True,Verified authentic product link
shopee-feed-1256676370-29553591044,USEE S20 พิกเซล 4K กล้องวงจรปิดไร้สาย wifi ไร้สายไม่ใช้เน็ต cctv มาพร้อมกล้องคู่,shopee-feed-catalog,shopee,https://shope.ee/an_redir?origin_link=https%3A%2F%2Fshopee.co.th%2Fproduct%2F1256676370%2F29553591044,https://shope.ee/an_redir?origin_link=https%3A%2F%2Fshopee.co.th%2Fproduct%2F1256676370%2F29553591044,200,Valid Link,True,Verified authentic product link
shopee-feed-50844252-44456978426,Shex ชุดทดสอบการตั้งครรภ์ ชุดตรวจครรภ์ รู้ผลใน 5 นาที (มีส่งด่วน) One Step Pregnant Test,shopee-feed-catalog,shopee,https://shope.ee/an_redir?origin_link=https%3A%2F%2Fshopee.co.th%2Fproduct%2F50844252%2F44456978426,https://shope.ee/an_redir?origin_link=https%3A%2F%2Fshopee.co.th%2Fproduct%2F50844252%2F44456978426,200,Valid Link,True,Verified authentic product link
shopee-feed-981145867-28574686368,กิ๊บหน้าม้าผมแท้ แฮร์พีชหน้าม้า ทนความร้อน หนีบ/ดัดได้ หน้าม้าลิซ่า หน้าม้าเจนนี่ ใส่แล้วไม่โป๊ะ RK-03 RenKin&Pursue,shopee-feed-catalog,shopee,https://shope.ee/an_redir?origin_link=https%3A%2F%2Fshopee.co.th%2Fproduct%2F981145867%2F28574686368,https://shope.ee/an_redir?origin_link=https%3A%2F%2Fshopee.co.th%2Fproduct%2F981145867%2F28574686368,200,Valid Link,True,Verified authentic product link
shopee-feed-76673436-1636237636,"Royal Canin Hairball Care Pouch Gravy อาหารเปียกแมวโต ดูแลปัญหาก้อนขน อายุ12เดือนขึ้นไป (เกรวี่, โรยัล คานิน)",shopee-feed-catalog,shopee,https://shope.ee/an_redir?origin_link=https%3A%2F%2Fshopee.co.th%2Fproduct%2F76673436%2F1636237636,https://shope.ee/an_redir?origin_link=https%3A%2F%2Fshopee.co.th%2Fproduct%2F76673436%2F1636237636,200,Valid Link,True,Verified authentic product link
shopee-feed-52706856-24174853412,ซอสทำตีนไก่เผ็ดเกาหลี ซอสไก่เผ็ดเกาหลี korean spicy sauce,shopee-feed-catalog,shopee,https://shope.ee/an_redir?origin_link=https%3A%2F%2Fshopee.co.th%2Fproduct%2F52706856%2F24174853412,https://shope.ee/an_redir?origin_link=https%3A%2F%2Fshopee.co.th%2Fproduct%2F52706856%2F24174853412,200,Valid Link,True,Verified authentic product link
shopee-feed-295441887-45262674171,AMT Bright & Inner Glow Body Lotion 180 mL - โลชั่นบำรุงผิวกาย เพื่อผิวชุ่มชื้น กระจ่างใส ดูสุขภาพดี,shopee-feed-catalog,shopee,https://shope.ee/an_redir?origin_link=https%3A%2F%2Fshopee.co.th%2Fproduct%2F295441887%2F45262674171,https://shope.ee/an_redir?origin_link=https%3A%2F%2Fshopee.co.th%2Fproduct%2F295441887%2F45262674171,200,Valid Link,True,Verified authentic product link
shopee-feed-418292429-25186824379,Y8 BIO YOUTH SUNSCREEN PROTECTION SPF 50+ PA++++ (15 g.) ครีมกันแดดสำหรับคนเป็นฝ้ากระ,shopee-feed-catalog,shopee,https://shope.ee/an_redir?origin_link=https%3A%2F%2Fshopee.co.th%2Fproduct%2F418292429%2F25186824379,https://shope.ee/an_redir?origin_link=https%3A%2F%2Fshopee.co.th%2Fproduct%2F418292429%2F25186824379,200,Valid Link,True,Verified authentic product link
shopee-feed-885541698-25561878029,E_items กระจกตั้งโต๊ะ บานใหญ่ กระจกส่งหน้า แต่งหน้า กระจกมินิมอล หมุนได้ 360 องศา ความละเอียดสูง เห็นรูขนขนชัด A283,shopee-feed-catalog,shopee,https://shope.ee/an_redir?origin_link=https%3A%2F%2Fshopee.co.th%2Fproduct%2F885541698%2F25561878029,https://shope.ee/an_redir?origin_link=https%3A%2F%2Fshopee.co.th%2Fproduct%2F885541698%2F25561878029,200,Valid Link,True,Verified authentic product link
shopee-feed-1504701447-40861910414,ไบโอแอคทีฟพลัส BioActive+ Concentrated Liquid Gluta กลูต้า ผิวขาว สว่าง ออร่า สุขภาพดี 50 หลอด,shopee-feed-catalog,shopee,https://shope.ee/an_redir?origin_link=https%3A%2F%2Fshopee.co.th%2Fproduct%2F1504701447%2F40861910414,https://shope.ee/an_redir?origin_link=https%3A%2F%2Fshopee.co.th%2Fproduct%2F1504701447%2F40861910414,200,Valid Link,True,Verified authentic product link
shopee-feed-216875402-10607047456,รุ่นใหม่ สปอร์ตบราผ้าดี เว้าหลังทรงสวย รุ่น YOGA-614 Sport Bra เสื้อบราโยคะ สปอร์บราฟิตเนส ออกกำลังกาย มีฟองน้ำถอดได้,shopee-feed-catalog,shopee,https://shope.ee/an_redir?origin_link=https%3A%2F%2Fshopee.co.th%2Fproduct%2F216875402%2F10607047456,https://shope.ee/an_redir?origin_link=https%3A%2F%2Fshopee.co.th%2Fproduct%2F216875402%2F10607047456,200,Valid Link,True,Verified authentic product link
shopee-feed-376812500-19405844823,YAMADA (50 ชิ้น/กล่อง) หน้ากากอนามัย ป้องกันฝุ่น กลิ่น มลพิษในอากาศ รุ่น 3040,shopee-feed-catalog,shopee,https://shope.ee/an_redir?origin_link=https%3A%2F%2Fshopee.co.th%2Fproduct%2F376812500%2F19405844823,https://shope.ee/an_redir?origin_link=https%3A%2F%2Fshopee.co.th%2Fproduct%2F376812500%2F19405844823,200,Valid Link,True,Verified authentic product link
shopee-feed-85601907-1981905358,"D-nee ดีนี่ ออร์แกนิค ซากุระ เบบี้ออยล์ 200 มล. + 200 มล. ,สีชมพู",shopee-feed-catalog,shopee,https://shope.ee/an_redir?origin_link=https%3A%2F%2Fshopee.co.th%2Fproduct%2F85601907%2F1981905358,https://shope.ee/an_redir?origin_link=https%3A%2F%2Fshopee.co.th%2Fproduct%2F85601907%2F1981905358,200,Valid Link,True,Verified authentic product link
shopee-feed-30318389-28128781649,Lipon F X-tra Hygienic ไลปอนเอฟ เอ็กซ์ตร้า ไฮจีนิค 500 มล. 3 ถุง,shopee-feed-catalog,shopee,https://shope.ee/an_redir?origin_link=https%3A%2F%2Fshopee.co.th%2Fproduct%2F30318389%2F28128781649,https://shope.ee/an_redir?origin_link=https%3A%2F%2Fshopee.co.th%2Fproduct%2F30318389%2F28128781649,200,Valid Link,True,Verified authentic product link
shopee-feed-58708876-19183828513,SKG เครื่องชงกาแฟสด รุ่น SK-1203 ก้านชงขนาด 58 มิล สามารถตั้งเวลาชงได้,shopee-feed-catalog,shopee,https://shope.ee/an_redir?origin_link=https%3A%2F%2Fshopee.co.th%2Fproduct%2F58708876%2F19183828513,https://shope.ee/an_redir?origin_link=https%3A%2F%2Fshopee.co.th%2Fproduct%2F58708876%2F19183828513,200,Valid Link,True,Verified authentic product link
shopee-feed-446760693-24563425349,ANESSA อเนสซ่า เพอร์เฟค ยูวี ซันสกรีน สกินแคร์ มิลค์ NA SPF50+ PA++++ 20 มล.,shopee-feed-catalog,shopee,https://shope.ee/an_redir?origin_link=https%3A%2F%2Fshopee.co.th%2Fproduct%2F446760693%2F24563425349,https://shope.ee/an_redir?origin_link=https%3A%2F%2Fshopee.co.th%2Fproduct%2F446760693%2F24563425349,200,Valid Link,True,Verified authentic product link
shopee-feed-39003074-9211672601,พร้อมส่ง🌸 พรมเช็ดเท้าในห้องน้ำ พรมขนสั้น ซับน้ำ แห้งไว้ พรมดูดน้ำ พรมปูพื้น พรมกันลื่น พรมในห้องน้ำ พรมซับน้ำ ถูกที่สุด!,shopee-feed-catalog,shopee,https://shope.ee/an_redir?origin_link=https%3A%2F%2Fshopee.co.th%2Fproduct%2F39003074%2F9211672601,https://shope.ee/an_redir?origin_link=https%3A%2F%2Fshopee.co.th%2Fproduct%2F39003074%2F9211672601,200,Valid Link,True,Verified authentic product link
shopee-feed-26975933-41478898153,Dunlopillo Best Seller Collection ที่นอนตัวท็อป รุ่นขายดี,shopee-feed-catalog,shopee,https://shope.ee/an_redir?origin_link=https%3A%2F%2Fshopee.co.th%2Fproduct%2F26975933%2F41478898153,https://shope.ee/an_redir?origin_link=https%3A%2F%2Fshopee.co.th%2Fproduct%2F26975933%2F41478898153,200,Valid Link,True,Verified authentic product link
shopee-feed-296628379-21707303961,โอวัลติน ยูเอชทีเบส 180มล. แพ็ค 4 (ยกลัง 48 กล่อง) x 2 ลัง,shopee-feed-catalog,shopee,https://shope.ee/an_redir?origin_link=https%3A%2F%2Fshopee.co.th%2Fproduct%2F296628379%2F21707303961,https://shope.ee/an_redir?origin_link=https%3A%2F%2Fshopee.co.th%2Fproduct%2F296628379%2F21707303961,200,Valid Link,True,Verified authentic product link
shopee-feed-217077552-47152319582,adidas ไลฟ์สไตล์ ถุงเท้าหุ้มข้อรองรับแรงกระแทก SPORTSWEAR (3 คู่) Unisex สีเทา KR7117,shopee-feed-catalog,shopee,https://shope.ee/an_redir?origin_link=https%3A%2F%2Fshopee.co.th%2Fproduct%2F217077552%2F47152319582,https://shope.ee/an_redir?origin_link=https%3A%2F%2Fshopee.co.th%2Fproduct%2F217077552%2F47152319582,200,Valid Link,True,Verified authentic product link
shopee-feed-1305822681-29805218565,ซันซิล แชมพู 425 มล. + ครีมนวด 400 มล. (เลือกสูตรข้างใน),shopee-feed-catalog,shopee,https://shope.ee/an_redir?origin_link=https%3A%2F%2Fshopee.co.th%2Fproduct%2F1305822681%2F29805218565,https://shope.ee/an_redir?origin_link=https%3A%2F%2Fshopee.co.th%2Fproduct%2F1305822681%2F29805218565,200,Valid Link,True,Verified authentic product link
shopee-feed-389501327-29566860325,Kashiwa หม้ออเนกประสงค์กระทะไฟฟ้า หม้อสุกี้ หม้อต้ม รุ่น KW-219,shopee-feed-catalog,shopee,https://shope.ee/an_redir?origin_link=https%3A%2F%2Fshopee.co.th%2Fproduct%2F389501327%2F29566860325,https://shope.ee/an_redir?origin_link=https%3A%2F%2Fshopee.co.th%2Fproduct%2F389501327%2F29566860325,200,Valid Link,True,Verified authentic product link
shopee-feed-325262295-23450871042,Rii 52 Less Toner Cotton Pad Refill Pack 240pcs/Bag ริอิ สําลี,shopee-feed-catalog,shopee,https://shope.ee/an_redir?origin_link=https%3A%2F%2Fshopee.co.th%2Fproduct%2F325262295%2F23450871042,https://shope.ee/an_redir?origin_link=https%3A%2F%2Fshopee.co.th%2Fproduct%2F325262295%2F23450871042,200,Valid Link,True,Verified authentic product link
shopee-feed-1408564581-55357111358,KONNI สำหรับฤดูร้อน นุ่มสบาย สไตล์แฟชั่น ผู้หญิงพื้นหนาแบบใหม่รองเท้าแตะ แบบสวม น้ำหนักเบา EVA รองเท้าแตะพื้นหนาอีวา,shopee-feed-catalog,shopee,https://shope.ee/an_redir?origin_link=https%3A%2F%2Fshopee.co.th%2Fproduct%2F1408564581%2F55357111358,https://shope.ee/an_redir?origin_link=https%3A%2F%2Fshopee.co.th%2Fproduct%2F1408564581%2F55357111358,200,Valid Link,True,Verified authentic product link
shopee-feed-1459654235-42605840124,SKINTIFIC Cushion/Perfect Stay Velvet Matte Cushion สีฟ้า คุชชั่น ให้การปกปิด แมตต์ติดทนตลอดวัน รองพื้น รองพื้นกันน้ำ,shopee-feed-catalog,shopee,https://shope.ee/an_redir?origin_link=https%3A%2F%2Fshopee.co.th%2Fproduct%2F1459654235%2F42605840124,https://shope.ee/an_redir?origin_link=https%3A%2F%2Fshopee.co.th%2Fproduct%2F1459654235%2F42605840124,200,Valid Link,True,Verified authentic product link
shopee-feed-1368650681-51052638597,📍 ลูกกลิ้งกำจัดขน เก็บขนและฝุ่น ลูกกลิ้งทำความสะอาด ลูกกลิ้งเก็บฝุ่น ลูกกลิ้งดักฝุ่น ที่เก็บขน,shopee-feed-catalog,shopee,https://shope.ee/an_redir?origin_link=https%3A%2F%2Fshopee.co.th%2Fproduct%2F1368650681%2F51052638597,https://shope.ee/an_redir?origin_link=https%3A%2F%2Fshopee.co.th%2Fproduct%2F1368650681%2F51052638597,200,Valid Link,True,Verified authentic product link
shopee-feed-76502199-28265384325,Nokia 125 4G (2024). โทรศัพท์มือถือปุ่มกด 2 ซิม พร้อมวิทยุ FM (รับประกันศูนย์ไทย 1 ปี),shopee-feed-catalog,shopee,https://shope.ee/an_redir?origin_link=https%3A%2F%2Fshopee.co.th%2Fproduct%2F76502199%2F28265384325,https://shope.ee/an_redir?origin_link=https%3A%2F%2Fshopee.co.th%2Fproduct%2F76502199%2F28265384325,200,Valid Link,True,Verified authentic product link
shopee-feed-120958585-19594155404,🔥 รุ่นใหม่🔥 ฟิล์มกระจก กันรอย เลนส์กล้อง สำหรับ ไอโฟนiPhone 17 Pro Max/17Air/16E/16/15/14 13 11 12 mini เลนส์กล้องไอโฟน,shopee-feed-catalog,shopee,https://shope.ee/an_redir?origin_link=https%3A%2F%2Fshopee.co.th%2Fproduct%2F120958585%2F19594155404,https://shope.ee/an_redir?origin_link=https%3A%2F%2Fshopee.co.th%2Fproduct%2F120958585%2F19594155404,200,Valid Link,True,Verified authentic product link
shopee-feed-76171761-40979807451,Tpartner Foldable Hanging Travel Organizer Bag — กระเป๋าจัดระเบียบแบบเเขวน เก็บเสื้อผ้า ของใช้ส่วนตัวเป็นสัดส่วน 6 ช่อง,shopee-feed-catalog,shopee,https://shope.ee/an_redir?origin_link=https%3A%2F%2Fshopee.co.th%2Fproduct%2F76171761%2F40979807451,https://shope.ee/an_redir?origin_link=https%3A%2F%2Fshopee.co.th%2Fproduct%2F76171761%2F40979807451,200,Valid Link,True,Verified authentic product link
shopee-feed-61801865-44201941174,Smooth E Babyface Hydration Foam โฟมฟิลเลอร์ สูตรไม่มีฟอง รีเซ็ตผิวเด็กทันทีที่ใช้ 40 / 80 / 140 / 180 ml,shopee-feed-catalog,shopee,https://shope.ee/an_redir?origin_link=https%3A%2F%2Fshopee.co.th%2Fproduct%2F61801865%2F44201941174,https://shope.ee/an_redir?origin_link=https%3A%2F%2Fshopee.co.th%2Fproduct%2F61801865%2F44201941174,200,Valid Link,True,Verified authentic product link
shopee-feed-75477392-25057339266,รองเท้านักเรียนเพื่อสุขภาพ สีดำ Aerosoft (แอโร่ซอฟ) รุ่น SG333,shopee-feed-catalog,shopee,https://shope.ee/an_redir?origin_link=https%3A%2F%2Fshopee.co.th%2Fproduct%2F75477392%2F25057339266,https://shope.ee/an_redir?origin_link=https%3A%2F%2Fshopee.co.th%2Fproduct%2F75477392%2F25057339266,200,Valid Link,True,Verified authentic product link
shopee-feed-268002579-23334730870,Godmami ครีมรองพื้นสำหรับเด็กและคุณแม่ สูตรอ่อนโยนผสมกันแดด SPF50 PA++++ Mama&Me Foundation,shopee-feed-catalog,shopee,https://shope.ee/an_redir?origin_link=https%3A%2F%2Fshopee.co.th%2Fproduct%2F268002579%2F23334730870,https://shope.ee/an_redir?origin_link=https%3A%2F%2Fshopee.co.th%2Fproduct%2F268002579%2F23334730870,200,Valid Link,True,Verified authentic product link
shopee-feed-86601232-42661750930,OLENS - Scandi (1Pair) 1 Month - โอเลนส์ รายเดือน 1 คู่,shopee-feed-catalog,shopee,https://shope.ee/an_redir?origin_link=https%3A%2F%2Fshopee.co.th%2Fproduct%2F86601232%2F42661750930,https://shope.ee/an_redir?origin_link=https%3A%2F%2Fshopee.co.th%2Fproduct%2F86601232%2F42661750930,200,Valid Link,True,Verified authentic product link
shopee-feed-12099384-29351587579,รองเท้าแตะ ผู้ชาย ADDA PU รุ่น 7MA03 (ไซส์ 39-45) ลำลองแบบสวมนุ่มเบาสบายปกป้องเท้าคุณ,shopee-feed-catalog,shopee,https://shope.ee/an_redir?origin_link=https%3A%2F%2Fshopee.co.th%2Fproduct%2F12099384%2F29351587579,https://shope.ee/an_redir?origin_link=https%3A%2F%2Fshopee.co.th%2Fproduct%2F12099384%2F29351587579,200,Valid Link,True,Verified authentic product link
shopee-feed-325262295-27830642997,Swisse สวิสเซ เอชเอสเอ็น+ 60 เม็ด ผลิตภัณฑ์เสริมอาหาร,shopee-feed-catalog,shopee,https://shope.ee/an_redir?origin_link=https%3A%2F%2Fshopee.co.th%2Fproduct%2F325262295%2F27830642997,https://shope.ee/an_redir?origin_link=https%3A%2F%2Fshopee.co.th%2Fproduct%2F325262295%2F27830642997,200,Valid Link,True,Verified authentic product link
shopee-feed-77729399-20195103572,ลองบีชไซรัป ผลไม้ 3-3 ขนาด 740 มล. (เลือกรสชาติได้) Longbeach Fruit Flavoured Syrup size 740ml.,shopee-feed-catalog,shopee,https://shope.ee/an_redir?origin_link=https%3A%2F%2Fshopee.co.th%2Fproduct%2F77729399%2F20195103572,https://shope.ee/an_redir?origin_link=https%3A%2F%2Fshopee.co.th%2Fproduct%2F77729399%2F20195103572,200,Valid Link,True,Verified authentic product link
shopee-feed-764363046-26208251930,COSRX Ultra-Light Invisible Sunscreen ครีมกันแดดเนื้อเซรั่ม SPF50 PA++++,shopee-feed-catalog,shopee,https://shope.ee/an_redir?origin_link=https%3A%2F%2Fshopee.co.th%2Fproduct%2F764363046%2F26208251930,https://shope.ee/an_redir?origin_link=https%3A%2F%2Fshopee.co.th%2Fproduct%2F764363046%2F26208251930,200,Valid Link,True,Verified authentic product link
shopee-feed-159593401-4467028239,ปลอกนิ้วช่วยแปรงฟัน Molar Bear finger sleeve ป้องกันการโดนกัด ช่วยในการแปรงฟันเด็กเล็ก,shopee-feed-catalog,shopee,https://shope.ee/an_redir?origin_link=https%3A%2F%2Fshopee.co.th%2Fproduct%2F159593401%2F4467028239,https://shope.ee/an_redir?origin_link=https%3A%2F%2Fshopee.co.th%2Fproduct%2F159593401%2F4467028239,200,Valid Link,True,Verified authentic product link
shopee-feed-1292200902-26329858187,for Airpod 4 Case For Airpods 3 2 1 เคส For Airpods Pro 2 3 เคส เคสแอร์พอด for Airpods 3 เคส,shopee-feed-catalog,shopee,https://shope.ee/an_redir?origin_link=https%3A%2F%2Fshopee.co.th%2Fproduct%2F1292200902%2F26329858187,https://shope.ee/an_redir?origin_link=https%3A%2F%2Fshopee.co.th%2Fproduct%2F1292200902%2F26329858187,200,Valid Link,True,Verified authentic product link
shopee-feed-78382981-3838200500,Downy ดาวน์นี่ น้ำยาปรับผ้านุ่มสูตรเข้มข้น ถุงเติม กลิ่นการ์เด้นบลูม 2 ลิตร Laundry Softener Garden Bloom 2 L,shopee-feed-catalog,shopee,https://shope.ee/an_redir?origin_link=https%3A%2F%2Fshopee.co.th%2Fproduct%2F78382981%2F3838200500,https://shope.ee/an_redir?origin_link=https%3A%2F%2Fshopee.co.th%2Fproduct%2F78382981%2F3838200500,200,Valid Link,True,Verified authentic product link
shopee-feed-1267492223-42652399500,GREENIKA ผ้าปูที่นอนผู้ถือคลิป 4 ชิ้น จับผ้าปูแน่นเป๊ะ แบบซ่อน ​​ใช้ได้ทุกประเภทที่นอน ไม่ขยับแม้นอนดิ้น,shopee-feed-catalog,shopee,https://shope.ee/an_redir?origin_link=https%3A%2F%2Fshopee.co.th%2Fproduct%2F1267492223%2F42652399500,https://shope.ee/an_redir?origin_link=https%3A%2F%2Fshopee.co.th%2Fproduct%2F1267492223%2F42652399500,200,Valid Link,True,Verified authentic product link
shopee-feed-56540396-29339479806,วิชี่ VICHY DERCOS ANTI-DANDRUFF SHAMPOO 200ml และ ENERGY+ AMINEXIL SHAMPOO 200ml,shopee-feed-catalog,shopee,https://shope.ee/an_redir?origin_link=https%3A%2F%2Fshopee.co.th%2Fproduct%2F56540396%2F29339479806,https://shope.ee/an_redir?origin_link=https%3A%2F%2Fshopee.co.th%2Fproduct%2F56540396%2F29339479806,200,Valid Link,True,Verified authentic product link
shopee-feed-943456793-26750232453,Hello Polo รองเท้าหัวโตผู้ชายผู้หญิง 3.5cm พื้นหนา กันลื่น แฟชั่น ลําลอง เหมาะกับฤดู รองเท้านิ่มเหมือนเหยียบขี้ HP8034,shopee-feed-catalog,shopee,https://shope.ee/an_redir?origin_link=https%3A%2F%2Fshopee.co.th%2Fproduct%2F943456793%2F26750232453,https://shope.ee/an_redir?origin_link=https%3A%2F%2Fshopee.co.th%2Fproduct%2F943456793%2F26750232453,200,Valid Link,True,Verified authentic product link
shopee-feed-164729277-11221544110,เนสท์เล่ ซีรีแล็ค โจ๊ก สูตรไก่ ผัก และ แครอท 200 กรัม อาหารเสริมสำหรับทารกและเด็กเล็ก,shopee-feed-catalog,shopee,https://shope.ee/an_redir?origin_link=https%3A%2F%2Fshopee.co.th%2Fproduct%2F164729277%2F11221544110,https://shope.ee/an_redir?origin_link=https%3A%2F%2Fshopee.co.th%2Fproduct%2F164729277%2F11221544110,200,Valid Link,True,Verified authentic product link
shopee-feed-173120449-2803865431,ชาตรามือ ชาไทย สูตรต้นตำรับ กระป๋องซองเยื่อ,shopee-feed-catalog,shopee,https://shope.ee/an_redir?origin_link=https%3A%2F%2Fshopee.co.th%2Fproduct%2F173120449%2F2803865431,https://shope.ee/an_redir?origin_link=https%3A%2F%2Fshopee.co.th%2Fproduct%2F173120449%2F2803865431,200,Valid Link,True,Verified authentic product link
shopee-feed-666178603-26136831472,มาจิคลีน แอคทีฟ สเปรย์ สีมิ้น ขวด 500 มล. กลิ่นมิ้นตี้ เทนเดอร์ Magiclean Active Spray 500 ml. Minty,shopee-feed-catalog,shopee,https://shope.ee/an_redir?origin_link=https%3A%2F%2Fshopee.co.th%2Fproduct%2F666178603%2F26136831472,https://shope.ee/an_redir?origin_link=https%3A%2F%2Fshopee.co.th%2Fproduct%2F666178603%2F26136831472,200,Valid Link,True,Verified authentic product link
shopee-feed-1471908034-29738732090,HanQi ผ้าอนามัยกางเกงผู้หญิง กางเกงอนามัย 40 ชิ้น ระบายอากาศดี สำหรับวันแรก ไซส์ปกติและไซส์ใหญ่,shopee-feed-catalog,shopee,https://shope.ee/an_redir?origin_link=https%3A%2F%2Fshopee.co.th%2Fproduct%2F1471908034%2F29738732090,https://shope.ee/an_redir?origin_link=https%3A%2F%2Fshopee.co.th%2Fproduct%2F1471908034%2F29738732090,200,Valid Link,True,Verified authentic product link
shopee-feed-1426926412-43800494927,LiBRA Q63 พาวเวอร์แบงค์ 50000mAh Fastcharge 120w ความจุใหญ่ สายหลัง 4สาย ตัวสายสามารถถอดได้ [รับประกัน 3 เดืออน],shopee-feed-catalog,shopee,https://shope.ee/an_redir?origin_link=https%3A%2F%2Fshopee.co.th%2Fproduct%2F1426926412%2F43800494927,https://shope.ee/an_redir?origin_link=https%3A%2F%2Fshopee.co.th%2Fproduct%2F1426926412%2F43800494927,200,Valid Link,True,Verified authentic product link
shopee-feed-270420907-25379770205,Jarikashop - เสื้อยืดงานปัก งานป้าย.. Jarika ) ( จ238 ) ( 1/1 ),shopee-feed-catalog,shopee,https://shope.ee/an_redir?origin_link=https%3A%2F%2Fshopee.co.th%2Fproduct%2F270420907%2F25379770205,https://shope.ee/an_redir?origin_link=https%3A%2F%2Fshopee.co.th%2Fproduct%2F270420907%2F25379770205,200,Valid Link,True,Verified authentic product link
shopee-feed-73455892-28801077299,SKINPRO Rx Bright & Glow Body Booster บูสเตอร์บำรุงผิวกระจ่างใส เนื้อเจลครีม 300 ml.,shopee-feed-catalog,shopee,https://shope.ee/an_redir?origin_link=https%3A%2F%2Fshopee.co.th%2Fproduct%2F73455892%2F28801077299,https://shope.ee/an_redir?origin_link=https%3A%2F%2Fshopee.co.th%2Fproduct%2F73455892%2F28801077299,200,Valid Link,True,Verified authentic product link
shopee-feed-1567461462-52905837796,ลีโด้/LeDo / เค้กนิ่ง / รสนม/รสใบเตย/รสมะพร้าว/รสเผือก/รสส้ม/ยกกล่อง12ชิ้น,shopee-feed-catalog,shopee,https://shope.ee/an_redir?origin_link=https%3A%2F%2Fshopee.co.th%2Fproduct%2F1567461462%2F52905837796,https://shope.ee/an_redir?origin_link=https%3A%2F%2Fshopee.co.th%2Fproduct%2F1567461462%2F52905837796,200,Valid Link,True,Verified authentic product link
shopee-feed-61795905-6200537703,Dentiste Original Nighttime Toothpaste ยาสีฟันเดนทิสเต้ลดกลิ่นปาก ลมหายใจหอมสดชื่น 100G/160G ลดแบคทีเรียนาน 8 ชม,shopee-feed-catalog,shopee,https://shope.ee/an_redir?origin_link=https%3A%2F%2Fshopee.co.th%2Fproduct%2F61795905%2F6200537703,https://shope.ee/an_redir?origin_link=https%3A%2F%2Fshopee.co.th%2Fproduct%2F61795905%2F6200537703,200,Valid Link,True,Verified authentic product link
shopee-feed-29952018-455057995,[เลือกกลิ่นเลย] กลูเซอนา แอดวานซ์ 800g 3 กระป๋อง Glucerna Advance x3 สำหรับผู้ป่วยเบาหวาน Glucerna 800g x3,shopee-feed-catalog,shopee,https://shope.ee/an_redir?origin_link=https%3A%2F%2Fshopee.co.th%2Fproduct%2F29952018%2F455057995,https://shope.ee/an_redir?origin_link=https%3A%2F%2Fshopee.co.th%2Fproduct%2F29952018%2F455057995,200,Valid Link,True,Verified authentic product link
shopee-feed-68017181-1138202644,เบบี้มายด์ สบู่เหลวอาบและสระ 800 มล. x2 / Babi Mild Bath Gel 800ml x2,shopee-feed-catalog,shopee,https://shope.ee/an_redir?origin_link=https%3A%2F%2Fshopee.co.th%2Fproduct%2F68017181%2F1138202644,https://shope.ee/an_redir?origin_link=https%3A%2F%2Fshopee.co.th%2Fproduct%2F68017181%2F1138202644,200,Valid Link,True,Verified authentic product link
shopee-feed-941025159-18687807033,rom&nd Color Lip Matte 8g,shopee-feed-catalog,shopee,https://shope.ee/an_redir?origin_link=https%3A%2F%2Fshopee.co.th%2Fproduct%2F941025159%2F18687807033,https://shope.ee/an_redir?origin_link=https%3A%2F%2Fshopee.co.th%2Fproduct%2F941025159%2F18687807033,200,Valid Link,True,Verified authentic product link
shopee-feed-203747366-56661272927,Greenforst ตู้ข้างเตียง ลิ้นชักเก็บของ โต๊ะวางของ ชั้นวางข้างเตียง รุ่น 2124/2122,shopee-feed-catalog,shopee,https://shope.ee/an_redir?origin_link=https%3A%2F%2Fshopee.co.th%2Fproduct%2F203747366%2F56661272927,https://shope.ee/an_redir?origin_link=https%3A%2F%2Fshopee.co.th%2Fproduct%2F203747366%2F56661272927,200,Valid Link,True,Verified authentic product link
shopee-feed-51222070-5077521185,รอแยล-คอฟฟี่ อาราบิก้า กาแฟฟรีซดราย กาแฟดำ ขนาด รุ่น 50 กรัม 100 กรัม Royal Coffee Gold (1ถุงตั้ง),shopee-feed-catalog,shopee,https://shope.ee/an_redir?origin_link=https%3A%2F%2Fshopee.co.th%2Fproduct%2F51222070%2F5077521185,https://shope.ee/an_redir?origin_link=https%3A%2F%2Fshopee.co.th%2Fproduct%2F51222070%2F5077521185,200,Valid Link,True,Verified authentic product link
shopee-feed-260254383-5133277220,Fae and Mae เฟ แอนด์ เม Organic Secret Balm ออร์แกนิก ซีเคร็ท บาล์ม 10 - 25 g.,shopee-feed-catalog,shopee,https://shope.ee/an_redir?origin_link=https%3A%2F%2Fshopee.co.th%2Fproduct%2F260254383%2F5133277220,https://shope.ee/an_redir?origin_link=https%3A%2F%2Fshopee.co.th%2Fproduct%2F260254383%2F5133277220,200,Valid Link,True,Verified authentic product link
shopee-feed-1485671971-45512863809,Seagull กระติกน้ำร้อนพกพา แบบไฟฟ้า 0.55 ลิตร (ครีม) Electric Portable Kettle 0.55 L (Cream),shopee-feed-catalog,shopee,https://shope.ee/an_redir?origin_link=https%3A%2F%2Fshopee.co.th%2Fproduct%2F1485671971%2F45512863809,https://shope.ee/an_redir?origin_link=https%3A%2F%2Fshopee.co.th%2Fproduct%2F1485671971%2F45512863809,200,Valid Link,True,Verified authentic product link
shopee-feed-21790950-28268287317,SMARTHOME กาต้มน้ำไฟฟ้า 1.8 ลิตร รุ่น CA-2024 สีครีม กำลังไฟ 1500w (รับประกัน 3 ปี) กาชงกาแฟ กาต้มน้ำร้อน กาน้ำสีครีม,shopee-feed-catalog,shopee,https://shope.ee/an_redir?origin_link=https%3A%2F%2Fshopee.co.th%2Fproduct%2F21790950%2F28268287317,https://shope.ee/an_redir?origin_link=https%3A%2F%2Fshopee.co.th%2Fproduct%2F21790950%2F28268287317,200,Valid Link,True,Verified authentic product link
shopee-feed-1510164587-49305341323,10PCS สติ๊กเกอร์ติดผนังลายกระจังหน้า 3D มิติสติ๊กเกอร์ติดผนังทนทานต่อการสึกหรอ30*60ซม.วอลเปเปอร์กาวในตัวกันน้ำ,shopee-feed-catalog,shopee,https://shope.ee/an_redir?origin_link=https%3A%2F%2Fshopee.co.th%2Fproduct%2F1510164587%2F49305341323,https://shope.ee/an_redir?origin_link=https%3A%2F%2Fshopee.co.th%2Fproduct%2F1510164587%2F49305341323,200,Valid Link,True,Verified authentic product link
shopee-feed-21985649-40105960855,Withit W logo belt เข็มขัดตัว W - ACW99585,shopee-feed-catalog,shopee,https://shope.ee/an_redir?origin_link=https%3A%2F%2Fshopee.co.th%2Fproduct%2F21985649%2F40105960855,https://shope.ee/an_redir?origin_link=https%3A%2F%2Fshopee.co.th%2Fproduct%2F21985649%2F40105960855,200,Valid Link,True,Verified authentic product link
shopee-feed-1285182933-44269041671,TOSHIBA หม้อหุงข้าวอุ่นทิพย์ รุ่น RC-T10JH(W) กำลังไฟ 650 W,shopee-feed-catalog,shopee,https://shope.ee/an_redir?origin_link=https%3A%2F%2Fshopee.co.th%2Fproduct%2F1285182933%2F44269041671,https://shope.ee/an_redir?origin_link=https%3A%2F%2Fshopee.co.th%2Fproduct%2F1285182933%2F44269041671,200,Valid Link,True,Verified authentic product link
shopee-feed-159593401-15494816368,6 ขวบ+ Molar Bear ยาสีฟันเด็ก รุ่น Big Kids ฟลูออไรด์ 1500 ppm,shopee-feed-catalog,shopee,https://shope.ee/an_redir?origin_link=https%3A%2F%2Fshopee.co.th%2Fproduct%2F159593401%2F15494816368,https://shope.ee/an_redir?origin_link=https%3A%2F%2Fshopee.co.th%2Fproduct%2F159593401%2F15494816368,200,Valid Link,True,Verified authentic product link
shopee-feed-136716946-29020262103,FreshTime X Chupa Chups น้ำหอมอโรม่า ก้านไม้ กลิ่น สวีท วานิลลา คาราเมล ก้านไม้หอมปรับอากาศ 30ml.,shopee-feed-catalog,shopee,https://shope.ee/an_redir?origin_link=https%3A%2F%2Fshopee.co.th%2Fproduct%2F136716946%2F29020262103,https://shope.ee/an_redir?origin_link=https%3A%2F%2Fshopee.co.th%2Fproduct%2F136716946%2F29020262103,200,Valid Link,True,Verified authentic product link
shopee-feed-43431223-1383110656,ยาสีฟัน คอลเกต โททอล ไวท์เทนนิ่ง 150 กรัม Colgate Total Whitening 150g,shopee-feed-catalog,shopee,https://shope.ee/an_redir?origin_link=https%3A%2F%2Fshopee.co.th%2Fproduct%2F43431223%2F1383110656,https://shope.ee/an_redir?origin_link=https%3A%2F%2Fshopee.co.th%2Fproduct%2F43431223%2F1383110656,200,Valid Link,True,Verified authentic product link
shopee-feed-1028791302-27068063134,VS เอ็นไม้แบดมินตัน รุ่น V5 Badminton String,shopee-feed-catalog,shopee,https://shope.ee/an_redir?origin_link=https%3A%2F%2Fshopee.co.th%2Fproduct%2F1028791302%2F27068063134,https://shope.ee/an_redir?origin_link=https%3A%2F%2Fshopee.co.th%2Fproduct%2F1028791302%2F27068063134,200,Valid Link,True,Verified authentic product link
shopee-feed-43431223-10911309953,คอลเกต ยาสีฟัน โททอล 150 กรัม (รวม 4 หลอด) Colgate Total Toothpaste 150g. (4 pcs),shopee-feed-catalog,shopee,https://shope.ee/an_redir?origin_link=https%3A%2F%2Fshopee.co.th%2Fproduct%2F43431223%2F10911309953,https://shope.ee/an_redir?origin_link=https%3A%2F%2Fshopee.co.th%2Fproduct%2F43431223%2F10911309953,200,Valid Link,True,Verified authentic product link
shopee-feed-206467996-44023484759,Focus Hybrid Matte Frame Lens ฟิล์มกันรอยฐานเลนส์กล้อง สำหรับ iPhone 18Pro / 18ProMax /17Pro / 17ProMax,shopee-feed-catalog,shopee,https://shope.ee/an_redir?origin_link=https%3A%2F%2Fshopee.co.th%2Fproduct%2F206467996%2F44023484759,https://shope.ee/an_redir?origin_link=https%3A%2F%2Fshopee.co.th%2Fproduct%2F206467996%2F44023484759,200,Valid Link,True,Verified authentic product link
shopee-feed-1115403291-29979170741,Rapoo 9320M ชุดคีย์บอร์ดและเมาส์ไร้สายหลายโหมด รองรับ 2.4G และ Bluetooth ใช้ได้กับหลายอุปกรณ์ Alkaline AAA 2 ก้อน,shopee-feed-catalog,shopee,https://shope.ee/an_redir?origin_link=https%3A%2F%2Fshopee.co.th%2Fproduct%2F1115403291%2F29979170741,https://shope.ee/an_redir?origin_link=https%3A%2F%2Fshopee.co.th%2Fproduct%2F1115403291%2F29979170741,200,Valid Link,True,Verified authentic product link
shopee-feed-31984924-25264253512,Sappe เซ็ปเป้ บิวติ พาวเดอร์ กลูต้า คอลลาเจน กลิ่นมิกซ์เบอร์รี่ คอลลาเจนเซปเป้ collagen gluta,shopee-feed-catalog,shopee,https://shope.ee/an_redir?origin_link=https%3A%2F%2Fshopee.co.th%2Fproduct%2F31984924%2F25264253512,https://shope.ee/an_redir?origin_link=https%3A%2F%2Fshopee.co.th%2Fproduct%2F31984924%2F25264253512,200,Valid Link,True,Verified authentic product link
shopee-feed-1072282335-22854398611,IOU Lip ลิปฉ่ำปาก สี Pink Peach,shopee-feed-catalog,shopee,https://shope.ee/an_redir?origin_link=https%3A%2F%2Fshopee.co.th%2Fproduct%2F1072282335%2F22854398611,https://shope.ee/an_redir?origin_link=https%3A%2F%2Fshopee.co.th%2Fproduct%2F1072282335%2F22854398611,200,Valid Link,True,Verified authentic product link
shopee-feed-72324532-26012394863,HADABIREI PREMIUM MICRO-CLEANSING WATER ฮาดะบิเรอิ พรีเมี่ยม ไมโคร-คลีนซิ่ง วอเตอร์ 400มล,shopee-feed-catalog,shopee,https://shope.ee/an_redir?origin_link=https%3A%2F%2Fshopee.co.th%2Fproduct%2F72324532%2F26012394863,https://shope.ee/an_redir?origin_link=https%3A%2F%2Fshopee.co.th%2Fproduct%2F72324532%2F26012394863,200,Valid Link,True,Verified authentic product link
shopee-feed-135860014-12347363098,WSP มู่ลี่ มู่ลี่ประตู มู่ลี่มงคล เสริมฮวงจุ้ย มู่ลี่ประตูพิมพ์ลายมงคล ขนาด 80x200 cm. (ลายสวยชัด มีลายให้เลือกเยอะ),shopee-feed-catalog,shopee,https://shope.ee/an_redir?origin_link=https%3A%2F%2Fshopee.co.th%2Fproduct%2F135860014%2F12347363098,https://shope.ee/an_redir?origin_link=https%3A%2F%2Fshopee.co.th%2Fproduct%2F135860014%2F12347363098,200,Valid Link,True,Verified authentic product link
shopee-feed-876738438-18852673404,พอนด์ส เอจ มิราเคิล ไนท์ ครีม ครีมหน้าเด็กผิวเด้งฟูในข้ามคืน เฮ็กซิล-เรตินอล 45 ก.,shopee-feed-catalog,shopee,https://shope.ee/an_redir?origin_link=https%3A%2F%2Fshopee.co.th%2Fproduct%2F876738438%2F18852673404,https://shope.ee/an_redir?origin_link=https%3A%2F%2Fshopee.co.th%2Fproduct%2F876738438%2F18852673404,200,Valid Link,True,Verified authentic product link
shopee-feed-996675217-22555757245,yoyopet : ปัตตาเลี่ยนตัดขนเท้า ซอกเท้า สำหรับสัตว์เลี้ยง แมว/สุนัข หัวตัดขนาดเล็ก ตัดขน เครื่องโกนขน,shopee-feed-catalog,shopee,https://shope.ee/an_redir?origin_link=https%3A%2F%2Fshopee.co.th%2Fproduct%2F996675217%2F22555757245,https://shope.ee/an_redir?origin_link=https%3A%2F%2Fshopee.co.th%2Fproduct%2F996675217%2F22555757245,200,Valid Link,True,Verified authentic product link
shopee-feed-1444070874-55160397216,HOOCO กระเป๋าโท้ตแฟชั่น สำหรับสตรี ดีไซน์ลายตะปู ทรงสวยเป็นเอกลักษณ์ ความจุใหญ่พิเศษ พร้อมส่งจากกทม,shopee-feed-catalog,shopee,https://shope.ee/an_redir?origin_link=https%3A%2F%2Fshopee.co.th%2Fproduct%2F1444070874%2F55160397216,https://shope.ee/an_redir?origin_link=https%3A%2F%2Fshopee.co.th%2Fproduct%2F1444070874%2F55160397216,200,Valid Link,True,Verified authentic product link
shopee-feed-86629468-29807855079,HandyHerb Ener+G Walke Up พร้อมดื่ม รสเลมอนเข้มข้น 2 เท่า 6 ขวด และอาซาอิ เบอร์รี รสมิกซ์เบอร์รีเข้มข้น 6 ขวด (คละรส),shopee-feed-catalog,shopee,https://shope.ee/an_redir?origin_link=https%3A%2F%2Fshopee.co.th%2Fproduct%2F86629468%2F29807855079,https://shope.ee/an_redir?origin_link=https%3A%2F%2Fshopee.co.th%2Fproduct%2F86629468%2F29807855079,200,Valid Link,True,Verified authentic product link
shopee-feed-71014150-46204973267,Laneige Juicepop Box Lip Tint ลิปทินท์ติดทนนาน พร้อมเสริมความชุ่มชื้นให้ริมฝีปากเนียนนุ่ม,shopee-feed-catalog,shopee,https://shope.ee/an_redir?origin_link=https%3A%2F%2Fshopee.co.th%2Fproduct%2F71014150%2F46204973267,https://shope.ee/an_redir?origin_link=https%3A%2F%2Fshopee.co.th%2Fproduct%2F71014150%2F46204973267,200,Valid Link,True,Verified authentic product link
shopee-feed-457331406-55063617550,Starbucks Stainless Steel Tropical Whimsy Cold Cup 20oz. ทัมเบลอร์สตาร์บัคส์สแตนเลสสตีล ขนาด 20ออนซ์ A11182759,shopee-feed-catalog,shopee,https://shope.ee/an_redir?origin_link=https%3A%2F%2Fshopee.co.th%2Fproduct%2F457331406%2F55063617550,https://shope.ee/an_redir?origin_link=https%3A%2F%2Fshopee.co.th%2Fproduct%2F457331406%2F55063617550,200,Valid Link,True,Verified authentic product link
shopee-feed-84775507-43608166495,Ginno Spoon Health กินโนะ แคท ทรีท สปูน เฮลท์ ขนมแมวเลีย 2 รสชาติ 10กรัม 4 สปูน x4 แพ็ค,shopee-feed-catalog,shopee,https://shope.ee/an_redir?origin_link=https%3A%2F%2Fshopee.co.th%2Fproduct%2F84775507%2F43608166495,https://shope.ee/an_redir?origin_link=https%3A%2F%2Fshopee.co.th%2Fproduct%2F84775507%2F43608166495,200,Valid Link,True,Verified authentic product link
shopee-feed-1642581620-56802696066,PET กลม กระปุกพลาสติกใส (กระปุกกว้าง 80 mm) พร้ฝาซีลหมุน กระปุกใส่ขนม กระปุกคุกกี้ พร้อมแผ่นโฟมกันอากาศ,shopee-feed-catalog,shopee,https://shope.ee/an_redir?origin_link=https%3A%2F%2Fshopee.co.th%2Fproduct%2F1642581620%2F56802696066,https://shope.ee/an_redir?origin_link=https%3A%2F%2Fshopee.co.th%2Fproduct%2F1642581620%2F56802696066,200,Valid Link,True,Verified authentic product link
shopee-feed-1696689804-50152908343,มรกตน้ำมันปาล์ม 1ลิตร Morakot Palm Oil 1ltr.,shopee-feed-catalog,shopee,https://shope.ee/an_redir?origin_link=https%3A%2F%2Fshopee.co.th%2Fproduct%2F1696689804%2F50152908343,https://shope.ee/an_redir?origin_link=https%3A%2F%2Fshopee.co.th%2Fproduct%2F1696689804%2F50152908343,200,Valid Link,True,Verified authentic product link
shopee-feed-369271053-40817801060,MOCCONA Select Instant Coffee กาแฟ มอคโคน่า ซีเล็ค ขนาด 340 กรัม,shopee-feed-catalog,shopee,https://shope.ee/an_redir?origin_link=https%3A%2F%2Fshopee.co.th%2Fproduct%2F369271053%2F40817801060,https://shope.ee/an_redir?origin_link=https%3A%2F%2Fshopee.co.th%2Fproduct%2F369271053%2F40817801060,200,Valid Link,True,Verified authentic product link
shopee-feed-163275210-4616607551,ซันคิสท์ นมพิสทาชิโอ (รสออริจินอล) 180 มล. ยกลัง Sunkist Original Pistachio milk 180 ml. Carton,shopee-feed-catalog,shopee,https://shope.ee/an_redir?origin_link=https%3A%2F%2Fshopee.co.th%2Fproduct%2F163275210%2F4616607551,https://shope.ee/an_redir?origin_link=https%3A%2F%2Fshopee.co.th%2Fproduct%2F163275210%2F4616607551,200,Valid Link,True,Verified authentic product link
shopee-feed-1680009331-45252886715,เบทาโกร ไข่ไก่ เบอร์ 2 แพ็ค 30 ฟอง Betagro Egg No.2 Pack 30,shopee-feed-catalog,shopee,https://shope.ee/an_redir?origin_link=https%3A%2F%2Fshopee.co.th%2Fproduct%2F1680009331%2F45252886715,https://shope.ee/an_redir?origin_link=https%3A%2F%2Fshopee.co.th%2Fproduct%2F1680009331%2F45252886715,200,Valid Link,True,Verified authentic product link
shopee-feed-1553470092-44008720987,Decathlon Fabric Swim Cap Size M หมวกว่ายน้ำแบบผ้าขนาด M - Black,shopee-feed-catalog,shopee,https://shope.ee/an_redir?origin_link=https%3A%2F%2Fshopee.co.th%2Fproduct%2F1553470092%2F44008720987,https://shope.ee/an_redir?origin_link=https%3A%2F%2Fshopee.co.th%2Fproduct%2F1553470092%2F44008720987,200,Valid Link,True,Verified authentic product link
shopee-feed-252925896-4456028840,Sofy โซฟี หลับสนิทตลอดคืน ผ้าอนามัยแบบกางเกง M/L/XL จำนวน 2 ชิ้น (3 แพ็ค),shopee-feed-catalog,shopee,https://shope.ee/an_redir?origin_link=https%3A%2F%2Fshopee.co.th%2Fproduct%2F252925896%2F4456028840,https://shope.ee/an_redir?origin_link=https%3A%2F%2Fshopee.co.th%2Fproduct%2F252925896%2F4456028840,200,Valid Link,True,Verified authentic product link
shopee-feed-431657423-10153639516,Deli เวอร์เนียร์ ตัวเครื่องสแตนเลส ตัวเครื่องโลหะ พร้อมถ่าน เวอเนีย เวอเนียร์ Vernier caliper,shopee-feed-catalog,shopee,https://shope.ee/an_redir?origin_link=https%3A%2F%2Fshopee.co.th%2Fproduct%2F431657423%2F10153639516,https://shope.ee/an_redir?origin_link=https%3A%2F%2Fshopee.co.th%2Fproduct%2F431657423%2F10153639516,200,Valid Link,True,Verified authentic product link
shopee-feed-61601926-7523437909,เพียวฟู้ดส์ ซอสบาร์บีคิว ขนาด 920 กรัม อร่อยเข้มข้น หมัก จิ้ม ปิ้ง ย่าง ครบ จบ ในถุง BBQ sauce 920 g,shopee-feed-catalog,shopee,https://shope.ee/an_redir?origin_link=https%3A%2F%2Fshopee.co.th%2Fproduct%2F61601926%2F7523437909,https://shope.ee/an_redir?origin_link=https%3A%2F%2Fshopee.co.th%2Fproduct%2F61601926%2F7523437909,200,Valid Link,True,Verified authentic product link
shopee-feed-10759080-29288936076,Commy แบตเตอรี่ไอโฟน ขั้วแท้ เพิ่มความจุ 25% iPhone 12mini/12/12Pro/12Promax/13Pro/14Plus/15Promax,shopee-feed-catalog,shopee,https://shope.ee/an_redir?origin_link=https%3A%2F%2Fshopee.co.th%2Fproduct%2F10759080%2F29288936076,https://shope.ee/an_redir?origin_link=https%3A%2F%2Fshopee.co.th%2Fproduct%2F10759080%2F29288936076,200,Valid Link,True,Verified authentic product link
shopee-feed-904296383-40073534128,CathyDollxMaeng ฟิกซ์แอนด์ฟิลล์เซ็ตติ้งสเปรย์ 50ml (ล็อกเมคอัพ เมคอัพ),shopee-feed-catalog,shopee,https://shope.ee/an_redir?origin_link=https%3A%2F%2Fshopee.co.th%2Fproduct%2F904296383%2F40073534128,https://shope.ee/an_redir?origin_link=https%3A%2F%2Fshopee.co.th%2Fproduct%2F904296383%2F40073534128,200,Valid Link,True,Verified authentic product link
shopee-feed-4303433-19865827970,Khaolaor ขาวละออ เค-โนก้า (ผลิตภัณฑ์เสริมอาหารมะระขี้นก) 60 แคปซูล/กล่อง,shopee-feed-catalog,shopee,https://shope.ee/an_redir?origin_link=https%3A%2F%2Fshopee.co.th%2Fproduct%2F4303433%2F19865827970,https://shope.ee/an_redir?origin_link=https%3A%2F%2Fshopee.co.th%2Fproduct%2F4303433%2F19865827970,200,Valid Link,True,Verified authentic product link
shopee-feed-1177048265-29256779739,Remax Power Bank RPP-652(N) 10000mAh PD 22.5W แบตสำรอง สายชาร์จในตัว ชาร์จเร็ว มอก. ประกันศูนย์ไทย,shopee-feed-catalog,shopee,https://shope.ee/an_redir?origin_link=https%3A%2F%2Fshopee.co.th%2Fproduct%2F1177048265%2F29256779739,https://shope.ee/an_redir?origin_link=https%3A%2F%2Fshopee.co.th%2Fproduct%2F1177048265%2F29256779739,200,Valid Link,True,Verified authentic product link
shopee-feed-125004679-53763622310,Deproud Official Store -(ช้อปปี้การันตี)-ดีพราวด์ (ครีมทุบฝ้า) **ผิวแพ้ง่ายห้าม ใช้เด็ดขาด** ขนาด 10 กรัม,shopee-feed-catalog,shopee,https://shope.ee/an_redir?origin_link=https%3A%2F%2Fshopee.co.th%2Fproduct%2F125004679%2F53763622310,https://shope.ee/an_redir?origin_link=https%3A%2F%2Fshopee.co.th%2Fproduct%2F125004679%2F53763622310,200,Valid Link,True,Verified authentic product link
shopee-feed-1509413549-27536534980,SUPVIBE กระทะทอดไข่ดาว 3 หลุม กระทะทอดไข่ ทำอาหารเช้า เคลือบไมฟาน ไม่ติดกระทะ ทำความสะอาดได้ง่าย,shopee-feed-catalog,shopee,https://shope.ee/an_redir?origin_link=https%3A%2F%2Fshopee.co.th%2Fproduct%2F1509413549%2F27536534980,https://shope.ee/an_redir?origin_link=https%3A%2F%2Fshopee.co.th%2Fproduct%2F1509413549%2F27536534980,200,Valid Link,True,Verified authentic product link
shopee-feed-517161090-25917994277,Xiaomi Redmi Watch 6/Watch 5 AMOLED 60Hz โทรผ่าน Bluetooth GNSS Dual L1+L5 แบต 550mAh ใช้งานสูงสุด 24 วัน,shopee-feed-catalog,shopee,https://shope.ee/an_redir?origin_link=https%3A%2F%2Fshopee.co.th%2Fproduct%2F517161090%2F25917994277,https://shope.ee/an_redir?origin_link=https%3A%2F%2Fshopee.co.th%2Fproduct%2F517161090%2F25917994277,200,Valid Link,True,Verified authentic product link
shopee-feed-61801865-4129293980,Smooth E Silky Hair Serum 30ML. เซรั่มบำรุงผม สูตรเข้มข้น จบทุก 9 ปัญหาผมและหนังศีรษะทันที ผมนุ่มสวย,shopee-feed-catalog,shopee,https://shope.ee/an_redir?origin_link=https%3A%2F%2Fshopee.co.th%2Fproduct%2F61801865%2F4129293980,https://shope.ee/an_redir?origin_link=https%3A%2F%2Fshopee.co.th%2Fproduct%2F61801865%2F4129293980,200,Valid Link,True,Verified authentic product link
shopee-feed-551686165-42578839557,CLAIRE : (MU) แว่นกันแดดขานิ่ม รุ่น Malibu กันแดดเลนส์แท้ กันแดดUV400 | Sunglasses,shopee-feed-catalog,shopee,https://shope.ee/an_redir?origin_link=https%3A%2F%2Fshopee.co.th%2Fproduct%2F551686165%2F42578839557,https://shope.ee/an_redir?origin_link=https%3A%2F%2Fshopee.co.th%2Fproduct%2F551686165%2F42578839557,200,Valid Link,True,Verified authentic product link
shopee-feed-297797602-4649953027,ทไวนิงส์ ชาแต่งกลิ่น รสพีช ชนิดซอง 2 กรัม แพ็ค 25 ซอง Twinings Peach Flavoured Tea 2 g. Pack 25 Tea Bags,shopee-feed-catalog,shopee,https://shope.ee/an_redir?origin_link=https%3A%2F%2Fshopee.co.th%2Fproduct%2F297797602%2F4649953027,https://shope.ee/an_redir?origin_link=https%3A%2F%2Fshopee.co.th%2Fproduct%2F297797602%2F4649953027,200,Valid Link,True,Verified authentic product link
shopee-feed-326984267-43718034405,NIGAO Body Lotion | นิกาโอะ บอดี้ โลชั่น 400 mL,shopee-feed-catalog,shopee,https://shope.ee/an_redir?origin_link=https%3A%2F%2Fshopee.co.th%2Fproduct%2F326984267%2F43718034405,https://shope.ee/an_redir?origin_link=https%3A%2F%2Fshopee.co.th%2Fproduct%2F326984267%2F43718034405,200,Valid Link,True,Verified authentic product link
shopee-feed-1389203618-42507518510,X-GORiLLA ฟิล์มแบบมีบล็อกช่วยติด For iPhone เกรดพรีเมียม รับประกัน90วัน กันรอยกันแตก ทัชลื่น แท้100%,shopee-feed-catalog,shopee,https://shope.ee/an_redir?origin_link=https%3A%2F%2Fshopee.co.th%2Fproduct%2F1389203618%2F42507518510,https://shope.ee/an_redir?origin_link=https%3A%2F%2Fshopee.co.th%2Fproduct%2F1389203618%2F42507518510,200,Valid Link,True,Verified authentic product link
shopee-feed-378343069-24876485149,BEZ ปลอกแขน กันแดด uv ของแท้ ผู้หญิง ผู้ชาย ขับรถมอเตอร์ไซด์ UPF50+ free size เนื้อผ้านุ่ม ใส่สบาย,shopee-feed-catalog,shopee,https://shope.ee/an_redir?origin_link=https%3A%2F%2Fshopee.co.th%2Fproduct%2F378343069%2F24876485149,https://shope.ee/an_redir?origin_link=https%3A%2F%2Fshopee.co.th%2Fproduct%2F378343069%2F24876485149,200,Valid Link,True,Verified authentic product link
shopee-feed-555843516-24612376295,KOSÉ SEKKISEI Brightening Essence Lotion 350ml โคเซ่ เซกิเซ ไบรท์เทนนิ่ง เอสเซ้น โลชั่น 350มล,shopee-feed-catalog,shopee,https://shope.ee/an_redir?origin_link=https%3A%2F%2Fshopee.co.th%2Fproduct%2F555843516%2F24612376295,https://shope.ee/an_redir?origin_link=https%3A%2F%2Fshopee.co.th%2Fproduct%2F555843516%2F24612376295,200,Valid Link,True,Verified authentic product link
shopee-feed-59860978-26294659902,Omega Fun Catch โอเมก้าชุดตกปลาแสนสนุก (สินค้าสมนาคุณงดจำหน่าย),shopee-feed-catalog,shopee,https://shope.ee/an_redir?origin_link=https%3A%2F%2Fshopee.co.th%2Fproduct%2F59860978%2F26294659902,https://shope.ee/an_redir?origin_link=https%3A%2F%2Fshopee.co.th%2Fproduct%2F59860978%2F26294659902,200,Valid Link,True,Verified authentic product link
shopee-feed-101768653-42654782522,LocknLock แก้วน้ำพลาสติก 2 ชั้น Spring Double Wall Cold Cup ความจุ 890 ml. รุ่น HAP538,shopee-feed-catalog,shopee,https://shope.ee/an_redir?origin_link=https%3A%2F%2Fshopee.co.th%2Fproduct%2F101768653%2F42654782522,https://shope.ee/an_redir?origin_link=https%3A%2F%2Fshopee.co.th%2Fproduct%2F101768653%2F42654782522,200,Valid Link,True,Verified authentic product link
shopee-feed-22507473-20875588959,หูฟังไร้สาย Sony Headphone with Mic. Wireless WH-CH520 by Banana IT,shopee-feed-catalog,shopee,https://shope.ee/an_redir?origin_link=https%3A%2F%2Fshopee.co.th%2Fproduct%2F22507473%2F20875588959,https://shope.ee/an_redir?origin_link=https%3A%2F%2Fshopee.co.th%2Fproduct%2F22507473%2F20875588959,200,Valid Link,True,Verified authentic product link
shopee-feed-115523239-1857049557,จินเจน ขิงผง 100% ไม่มีน้ำตาล x 2 กล่อง ( 28 ซอง ) น้ำขิง ขิงผงสำเร็จรูป 70g .น้ำขิงชงดื่ม ชาขิง Gingen Instant Ginger,shopee-feed-catalog,shopee,https://shope.ee/an_redir?origin_link=https%3A%2F%2Fshopee.co.th%2Fproduct%2F115523239%2F1857049557,https://shope.ee/an_redir?origin_link=https%3A%2F%2Fshopee.co.th%2Fproduct%2F115523239%2F1857049557,200,Valid Link,True,Verified authentic product link
shopee-feed-1640773082-50306116675,Evony อีโวนี่ ผ้าอ้อมผู้ใหญ่แบบเทป ไซส์ L 24 ชิ้น ซึมซับดี ควบคุมกลิ่น ใช้ได้ทั้งชายและหญิง,shopee-feed-catalog,shopee,https://shope.ee/an_redir?origin_link=https%3A%2F%2Fshopee.co.th%2Fproduct%2F1640773082%2F50306116675,https://shope.ee/an_redir?origin_link=https%3A%2F%2Fshopee.co.th%2Fproduct%2F1640773082%2F50306116675,200,Valid Link,True,Verified authentic product link
shopee-feed-1025516808-29657386933,BEAUTILAB Anti-Aging Shimmering Body Oil บอดี้ออยล์บำรุงผิวโกลว์สวย นุ่มชุ่มชื้น ดูเปล่งประกาย,shopee-feed-catalog,shopee,https://shope.ee/an_redir?origin_link=https%3A%2F%2Fshopee.co.th%2Fproduct%2F1025516808%2F29657386933,https://shope.ee/an_redir?origin_link=https%3A%2F%2Fshopee.co.th%2Fproduct%2F1025516808%2F29657386933,200,Valid Link,True,Verified authentic product link
shopee-feed-56542501-26021048658,ลา โรช-โพเซย์ La Roche-Posay EFFACLAR DUO+M ครีมลดสิว 7.5ml. และ CICAPLAST BAUME B5+บาล์มฟื้นบำรุงผิว 40ml.,shopee-feed-catalog,shopee,https://shope.ee/an_redir?origin_link=https%3A%2F%2Fshopee.co.th%2Fproduct%2F56542501%2F26021048658,https://shope.ee/an_redir?origin_link=https%3A%2F%2Fshopee.co.th%2Fproduct%2F56542501%2F26021048658,200,Valid Link,True,Verified authentic product link
shopee-feed-1027639874-41431726326,RIRIKO LAUNDRY DETERGENT STAIN REMOVER 500 ml - ผลิตภัณฑ์สำหรับทำความสะอาด ชุดชั้นใน,shopee-feed-catalog,shopee,https://shope.ee/an_redir?origin_link=https%3A%2F%2Fshopee.co.th%2Fproduct%2F1027639874%2F41431726326,https://shope.ee/an_redir?origin_link=https%3A%2F%2Fshopee.co.th%2Fproduct%2F1027639874%2F41431726326,200,Valid Link,True,Verified authentic product link
shopee-feed-666178603-18984443684,"มาจิคลีน สำหรับทำความสะอาดห้องครัว 3,500 มล. ไซส์แกลลอน Magiclean For Kitchen 3,500 ml",shopee-feed-catalog,shopee,https://shope.ee/an_redir?origin_link=https%3A%2F%2Fshopee.co.th%2Fproduct%2F666178603%2F18984443684,https://shope.ee/an_redir?origin_link=https%3A%2F%2Fshopee.co.th%2Fproduct%2F666178603%2F18984443684,200,Valid Link,True,Verified authentic product link
shopee-feed-1090969565-21194898162,"Tomin Multi Collagen (คอลลาเจนผงไข่มุก) 100,000 mg คอลลาเจนเปปไทด์ 3 ชนิด จากญี่ปุ่น",shopee-feed-catalog,shopee,https://shope.ee/an_redir?origin_link=https%3A%2F%2Fshopee.co.th%2Fproduct%2F1090969565%2F21194898162,https://shope.ee/an_redir?origin_link=https%3A%2F%2Fshopee.co.th%2Fproduct%2F1090969565%2F21194898162,200,Valid Link,True,Verified authentic product link
shopee-feed-156008447-2323256421,Dettol น้ำยาฆ่าเชื้อเดทตอล น้ำยาฆ่าเชื้อโรค ไฮยีนมัลติ-ยูส น้ำยาถูพื้น 5000 มล. X1,shopee-feed-catalog,shopee,https://shope.ee/an_redir?origin_link=https%3A%2F%2Fshopee.co.th%2Fproduct%2F156008447%2F2323256421,https://shope.ee/an_redir?origin_link=https%3A%2F%2Fshopee.co.th%2Fproduct%2F156008447%2F2323256421,200,Valid Link,True,Verified authentic product link
shopee-feed-29350409-41167453447,"คีย์บอร์ดเกมมิ่ง Ajazz AK980 V2 10,000mAh Tri-Mod Gasket Mechanical Keyboard รับประกัน 1 ปี",shopee-feed-catalog,shopee,https://shope.ee/an_redir?origin_link=https%3A%2F%2Fshopee.co.th%2Fproduct%2F29350409%2F41167453447,https://shope.ee/an_redir?origin_link=https%3A%2F%2Fshopee.co.th%2Fproduct%2F29350409%2F41167453447,200,Valid Link,True,Verified authentic product link
shopee-feed-1609440417-47202880369,GOSO บรา บราตะขอหน้า ยกทรง ดีไซน์หลังสวย อกชิดแน่นเป๊ะ ถอดสายได้ ไร้โครง บราไร้รอย เกาะอกสวยๆ 6988,shopee-feed-catalog,shopee,https://shope.ee/an_redir?origin_link=https%3A%2F%2Fshopee.co.th%2Fproduct%2F1609440417%2F47202880369,https://shope.ee/an_redir?origin_link=https%3A%2F%2Fshopee.co.th%2Fproduct%2F1609440417%2F47202880369,200,Valid Link,True,Verified authentic product link
shopee-feed-1477993314-40181097441,Madame Louise Snow Lotus EX Cream (1กระปุก) บัวหิมะ อีเอ็กซ์ ครีม บัวหิมะมาดามหลุยส์,shopee-feed-catalog,shopee,https://shope.ee/an_redir?origin_link=https%3A%2F%2Fshopee.co.th%2Fproduct%2F1477993314%2F40181097441,https://shope.ee/an_redir?origin_link=https%3A%2F%2Fshopee.co.th%2Fproduct%2F1477993314%2F40181097441,200,Valid Link,True,Verified authentic product link
shopee-feed-311357304-3363138774,Probac7 30 ซอง โปรไบโอติกและพรีไบโอติก ช่วยลำไส้ระบบทางเดินอาหาร ท้องเสีย กรดไหลย้อนโดย Interpharma,shopee-feed-catalog,shopee,https://shope.ee/an_redir?origin_link=https%3A%2F%2Fshopee.co.th%2Fproduct%2F311357304%2F3363138774,https://shope.ee/an_redir?origin_link=https%3A%2F%2Fshopee.co.th%2Fproduct%2F311357304%2F3363138774,200,Valid Link,True,Verified authentic product link
shopee-feed-758519127-26384703169,PIKA ผ้าเต้นท์ หนาสุดๆ6800D(เฉพาะผ้า)กันน้ำ กันยูวี100% ผ้าใบเต็นท์ เต็นท์ขายของ 2x2 2x3 3x3เมตร ผ้าสวยถูกใจแน่นอน,shopee-feed-catalog,shopee,https://shope.ee/an_redir?origin_link=https%3A%2F%2Fshopee.co.th%2Fproduct%2F758519127%2F26384703169,https://shope.ee/an_redir?origin_link=https%3A%2F%2Fshopee.co.th%2Fproduct%2F758519127%2F26384703169,200,Valid Link,True,Verified authentic product link
shopee-feed-203243736-6597223078,Imperial อิมพีเรียล แยม สเปรดเดเบิ้ล 270 กรัม,shopee-feed-catalog,shopee,https://shope.ee/an_redir?origin_link=https%3A%2F%2Fshopee.co.th%2Fproduct%2F203243736%2F6597223078,https://shope.ee/an_redir?origin_link=https%3A%2F%2Fshopee.co.th%2Fproduct%2F203243736%2F6597223078,200,Valid Link,True,Verified authentic product link
shopee-feed-428414387-9051699273,กล่องอาหารพลาสติก กล่องเหลี่ยม กล่องพร้อมฝา ใช้แล้วทิ้ง 500/650/750/1000ml (50ใบ),shopee-feed-catalog,shopee,https://shope.ee/an_redir?origin_link=https%3A%2F%2Fshopee.co.th%2Fproduct%2F428414387%2F9051699273,https://shope.ee/an_redir?origin_link=https%3A%2F%2Fshopee.co.th%2Fproduct%2F428414387%2F9051699273,200,Valid Link,True,Verified authentic product link
shopee-feed-53085910-42908007096,Seagull เครื่องตีฟองนม 2 in 1 (ครีม) Milk Frother 2in1,shopee-feed-catalog,shopee,https://shope.ee/an_redir?origin_link=https%3A%2F%2Fshopee.co.th%2Fproduct%2F53085910%2F42908007096,https://shope.ee/an_redir?origin_link=https%3A%2F%2Fshopee.co.th%2Fproduct%2F53085910%2F42908007096,200,Valid Link,True,Verified authentic product link
shopee-feed-53866678-40117632784,Cetaphil Daily facial cleanser เซตาฟิล เดย์ลี่ เฟเชียล คลีนเซอร์ 236 ml แถมฟรี Moisturising Cream 10g,shopee-feed-catalog,shopee,https://shope.ee/an_redir?origin_link=https%3A%2F%2Fshopee.co.th%2Fproduct%2F53866678%2F40117632784,https://shope.ee/an_redir?origin_link=https%3A%2F%2Fshopee.co.th%2Fproduct%2F53866678%2F40117632784,200,Valid Link,True,Verified authentic product link
shopee-feed-31092295-24298157596,FARGER ฟาร์เกอร์ แฮร์ ทรีทเม้นท์ บอนด์ บูสเตอร์ เพล็กซ์ โปร 50 มล.,shopee-feed-catalog,shopee,https://shope.ee/an_redir?origin_link=https%3A%2F%2Fshopee.co.th%2Fproduct%2F31092295%2F24298157596,https://shope.ee/an_redir?origin_link=https%3A%2F%2Fshopee.co.th%2Fproduct%2F31092295%2F24298157596,200,Valid Link,True,Verified authentic product link
shopee-feed-54473054-24830746443,Hisense ทีวี รุ่น 55E7Q 55″ QLED 4K Ultra HD Smart TV Vidaa OS Wi-Fi รุ่น 55E7Q,shopee-feed-catalog,shopee,https://shope.ee/an_redir?origin_link=https%3A%2F%2Fshopee.co.th%2Fproduct%2F54473054%2F24830746443,https://shope.ee/an_redir?origin_link=https%3A%2F%2Fshopee.co.th%2Fproduct%2F54473054%2F24830746443,200,Valid Link,True,Verified authentic product link
shopee-feed-490758788-12005973691,Simplus หม้อไฟฟ้า 1.8L หม้ออเนกประสงค์ อาหารไม่ติดหม้อ 600W เหมาะสำหรับ 2-3 คน ควบคุมอุณหภูมิ DZGH012,shopee-feed-catalog,shopee,https://shope.ee/an_redir?origin_link=https%3A%2F%2Fshopee.co.th%2Fproduct%2F490758788%2F12005973691,https://shope.ee/an_redir?origin_link=https%3A%2F%2Fshopee.co.th%2Fproduct%2F490758788%2F12005973691,200,Valid Link,True,Verified authentic product link
shopee-feed-26169989-15354707813,IWACHI แผงไฟแม่เหล็ก LED 24W/36W/48W-แสงขาว/48W/58W-3แสง แผ่นชิป แผงไฟเพดาน CEILING MODULE สำหรับโคมไฟซาลาเปาติดเพดาน,shopee-feed-catalog,shopee,https://shope.ee/an_redir?origin_link=https%3A%2F%2Fshopee.co.th%2Fproduct%2F26169989%2F15354707813,https://shope.ee/an_redir?origin_link=https%3A%2F%2Fshopee.co.th%2Fproduct%2F26169989%2F15354707813,200,Valid Link,True,Verified authentic product link
shopee-feed-125775392-44123069661,Seagull ซีกัล เครื่องบดสับอาหาร แบบไร้สาย 250 มล. #202698,shopee-feed-catalog,shopee,https://shope.ee/an_redir?origin_link=https%3A%2F%2Fshopee.co.th%2Fproduct%2F125775392%2F44123069661,https://shope.ee/an_redir?origin_link=https%3A%2F%2Fshopee.co.th%2Fproduct%2F125775392%2F44123069661,200,Valid Link,True,Verified authentic product link
shopee-feed-1040178136-50154790492,JQVITEK ขาตั้งเซลฟี่ไร้สาย สูง1.88ม. หมุน360° พร้อมรีโมท ใช้งานเป็นขาตั้งกล้องได้ ใช้งานได้กับทั้ง Vlog และไลฟ์สด TR33,shopee-feed-catalog,shopee,https://shope.ee/an_redir?origin_link=https%3A%2F%2Fshopee.co.th%2Fproduct%2F1040178136%2F50154790492,https://shope.ee/an_redir?origin_link=https%3A%2F%2Fshopee.co.th%2Fproduct%2F1040178136%2F50154790492,200,Valid Link,True,Verified authentic product link
shopee-feed-235602039-46259027785,ของแถมหมดแล้ว Xiaomi 10W Wirelss Power Bank 10000mAh/DDPai Goby Diffuser กระจายความหอม กำจัดกลิ่นไม่พึงประส,shopee-feed-catalog,shopee,https://shope.ee/an_redir?origin_link=https%3A%2F%2Fshopee.co.th%2Fproduct%2F235602039%2F46259027785,https://shope.ee/an_redir?origin_link=https%3A%2F%2Fshopee.co.th%2Fproduct%2F235602039%2F46259027785,200,Valid Link,True,Verified authentic product link
shopee-feed-859353447-26654503393,โปรฉ่ำเกินต้าน! Wonder Smileช้อปให้ตรงวัยคุ้มทุกชุด ยาสีฟันผู้ใหญ่ 2 แถม 3 Wonder Smile สมุนไพรเข้มข้น,shopee-feed-catalog,shopee,https://shope.ee/an_redir?origin_link=https%3A%2F%2Fshopee.co.th%2Fproduct%2F859353447%2F26654503393,https://shope.ee/an_redir?origin_link=https%3A%2F%2Fshopee.co.th%2Fproduct%2F859353447%2F26654503393,200,Valid Link,True,Verified authentic product link
shopee-feed-39853760-28622588510,NIZE ซอสปรุงรสอเนกประสงค์ ลดโซเดียม 50% ไม่ใส่ผงชูรส ( NZ_238),shopee-feed-catalog,shopee,https://shope.ee/an_redir?origin_link=https%3A%2F%2Fshopee.co.th%2Fproduct%2F39853760%2F28622588510,https://shope.ee/an_redir?origin_link=https%3A%2F%2Fshopee.co.th%2Fproduct%2F39853760%2F28622588510,200,Valid Link,True,Verified authentic product link
shopee-feed-283391369-18537955275,Dyson V8 Slim Fluffy / V8 Absolute Cordless Vacuum Cleaner เครื่องดูดฝุ่นไร้สาย ไดสัน,shopee-feed-catalog,shopee,https://shope.ee/an_redir?origin_link=https%3A%2F%2Fshopee.co.th%2Fproduct%2F283391369%2F18537955275,https://shope.ee/an_redir?origin_link=https%3A%2F%2Fshopee.co.th%2Fproduct%2F283391369%2F18537955275,200,Valid Link,True,Verified authentic product link
shopee-feed-172431741-23858023437,นีเวีย เมน ครีมบำรุงผิวหน้า 75 มล. NIVEA ครีมตลับน้ำเงิน ครีมทาผิว,shopee-feed-catalog,shopee,https://shope.ee/an_redir?origin_link=https%3A%2F%2Fshopee.co.th%2Fproduct%2F172431741%2F23858023437,https://shope.ee/an_redir?origin_link=https%3A%2F%2Fshopee.co.th%2Fproduct%2F172431741%2F23858023437,200,Valid Link,True,Verified authentic product link
shopee-feed-168872164-42106254560,เถ้าแก่น้อย - สาหร่ายทอดบิ๊กชีท ขนาด 3.2 กรัม 10 แพ็ค,shopee-feed-catalog,shopee,https://shope.ee/an_redir?origin_link=https%3A%2F%2Fshopee.co.th%2Fproduct%2F168872164%2F42106254560,https://shope.ee/an_redir?origin_link=https%3A%2F%2Fshopee.co.th%2Fproduct%2F168872164%2F42106254560,200,Valid Link,True,Verified authentic product link
shopee-feed-292084993-41062587254,Clear Nose เคลียร์โนส [1 กล่อง] [เลือกสินค้า] Skincare สกินแคร์ ดูแลผิว เซรั่มแบบซอง บำรุงผิวหน้า ฟื้นฟูผิว,shopee-feed-catalog,shopee,https://shope.ee/an_redir?origin_link=https%3A%2F%2Fshopee.co.th%2Fproduct%2F292084993%2F41062587254,https://shope.ee/an_redir?origin_link=https%3A%2F%2Fshopee.co.th%2Fproduct%2F292084993%2F41062587254,200,Valid Link,True,Verified authentic product link
shopee-feed-79695887-24652027764,ขนมแมวเลีย มีโอ โกลด์ ขนาด 15 กรัม x 36 ซอง (1 กล่อง),shopee-feed-catalog,shopee,https://shope.ee/an_redir?origin_link=https%3A%2F%2Fshopee.co.th%2Fproduct%2F79695887%2F24652027764,https://shope.ee/an_redir?origin_link=https%3A%2F%2Fshopee.co.th%2Fproduct%2F79695887%2F24652027764,200,Valid Link,True,Verified authentic product link
shopee-feed-795371856-27101783284,SEREENWORKS เซรั่มลดสิว คุมมัน ลดรอยสิว Niacinamide 10% x2 Bright & Bloom Advanced Serum 15ml.,shopee-feed-catalog,shopee,https://shope.ee/an_redir?origin_link=https%3A%2F%2Fshopee.co.th%2Fproduct%2F795371856%2F27101783284,https://shope.ee/an_redir?origin_link=https%3A%2F%2Fshopee.co.th%2Fproduct%2F795371856%2F27101783284,200,Valid Link,True,Verified authentic product link
shopee-feed-64784822-29952048533,ARI HEADBAND - ผ้าคาดศีรษะซับเหงื่อ อาริ,shopee-feed-catalog,shopee,https://shope.ee/an_redir?origin_link=https%3A%2F%2Fshopee.co.th%2Fproduct%2F64784822%2F29952048533,https://shope.ee/an_redir?origin_link=https%3A%2F%2Fshopee.co.th%2Fproduct%2F64784822%2F29952048533,200,Valid Link,True,Verified authentic product link
shopee-feed-33904199-22084628900,BGG UV Cut 100% Slim Pocket Folding Umbrella ร่มพับ กันแดด กันยูวี 100% พับกันยูวีพกพาขนาดเล็กหนา 2.5 ซม. (FM3013,shopee-feed-catalog,shopee,https://shope.ee/an_redir?origin_link=https%3A%2F%2Fshopee.co.th%2Fproduct%2F33904199%2F22084628900,https://shope.ee/an_redir?origin_link=https%3A%2F%2Fshopee.co.th%2Fproduct%2F33904199%2F22084628900,200,Valid Link,True,Verified authentic product link
shopee-feed-180188941-45950360387,"realme C85 [8+128] 5G |กันน้ำกันฝุ่นระดับ IP 69 Pro จอแสดงผลultra bright 1200 nits 144 Hz แบตเตอรี่ 7,000 mAh",shopee-feed-catalog,shopee,https://shope.ee/an_redir?origin_link=https%3A%2F%2Fshopee.co.th%2Fproduct%2F180188941%2F45950360387,https://shope.ee/an_redir?origin_link=https%3A%2F%2Fshopee.co.th%2Fproduct%2F180188941%2F45950360387,200,Valid Link,True,Verified authentic product link
shopee-feed-250362237-24325835899,Skechers สเก็ตเชอร์ส รองเท้าลำลองผู้หญิง Women Sport Active Vapor Foam Move Shoes - 104622-NAT (latest),shopee-feed-catalog,shopee,https://shope.ee/an_redir?origin_link=https%3A%2F%2Fshopee.co.th%2Fproduct%2F250362237%2F24325835899,https://shope.ee/an_redir?origin_link=https%3A%2F%2Fshopee.co.th%2Fproduct%2F250362237%2F24325835899,200,Valid Link,True,Verified authentic product link
shopee-feed-33941930-28216548443,Mc JEANS (แม็คยีนส์) กระเป๋าสะพายข้างผู้ชาย Crossbody Bag M02Z095,shopee-feed-catalog,shopee,https://shope.ee/an_redir?origin_link=https%3A%2F%2Fshopee.co.th%2Fproduct%2F33941930%2F28216548443,https://shope.ee/an_redir?origin_link=https%3A%2F%2Fshopee.co.th%2Fproduct%2F33941930%2F28216548443,200,Valid Link,True,Verified authentic product link
shopee-feed-1203243249-53461304465,HIMAWARI丨ผ้าปิดตา ผ้าปิดตาใยไผ่ สะดวกสบายและระบายอากาศ ช่วยถนอมสายตา ลดอาการตาล้า ตาบวม,shopee-feed-catalog,shopee,https://shope.ee/an_redir?origin_link=https%3A%2F%2Fshopee.co.th%2Fproduct%2F1203243249%2F53461304465,https://shope.ee/an_redir?origin_link=https%3A%2F%2Fshopee.co.th%2Fproduct%2F1203243249%2F53461304465,200,Valid Link,True,Verified authentic product link
shopee-feed-342054541-27063517986,Nims Crispy Choco Tube ขนาด 60 กรัม โกโก้ครั้นซ์ ขนมข้าวพองเคลือบช็อกโกแลตแท้ เข้มข้น หลายรสชาติ,shopee-feed-catalog,shopee,https://shope.ee/an_redir?origin_link=https%3A%2F%2Fshopee.co.th%2Fproduct%2F342054541%2F27063517986,https://shope.ee/an_redir?origin_link=https%3A%2F%2Fshopee.co.th%2Fproduct%2F342054541%2F27063517986,200,Valid Link,True,Verified authentic product link
shopee-feed-10936364-3455960226,Hanky House รีฟิลก้านไม้หอม อโรม่า Refill Aroma Reed Diffuser 500มล น้ำมันหอมระเหย กลิ่น โรงแรมห้าดาว Reed_500,shopee-feed-catalog,shopee,https://shope.ee/an_redir?origin_link=https%3A%2F%2Fshopee.co.th%2Fproduct%2F10936364%2F3455960226,https://shope.ee/an_redir?origin_link=https%3A%2F%2Fshopee.co.th%2Fproduct%2F10936364%2F3455960226,200,Valid Link,True,Verified authentic product link
shopee-feed-1659791396-45212300606,Botare ทิชชู่แขวนผนัง โยนทิ้งไป คอมฟอร์ท 2000 แผ่น 4 ชั้น หนาพิเศษ,shopee-feed-catalog,shopee,https://shope.ee/an_redir?origin_link=https%3A%2F%2Fshopee.co.th%2Fproduct%2F1659791396%2F45212300606,https://shope.ee/an_redir?origin_link=https%3A%2F%2Fshopee.co.th%2Fproduct%2F1659791396%2F45212300606,200,Valid Link,True,Verified authentic product link
shopee-feed-561847735-13234300529,Dissing Battery เพิ่มความจุ i11 **ประกันแบตเตอรี่ 1 ปี**,shopee-feed-catalog,shopee,https://shope.ee/an_redir?origin_link=https%3A%2F%2Fshopee.co.th%2Fproduct%2F561847735%2F13234300529,https://shope.ee/an_redir?origin_link=https%3A%2F%2Fshopee.co.th%2Fproduct%2F561847735%2F13234300529,200,Valid Link,True,Verified authentic product link
shopee-feed-29525812-46462719330,MeMo™ | Football Jersey | เสื้อสปอร์ตเมโม่ Classic OG (คอกลม/ปก) ผ้าพรีเมียมโพลีเอสเตอร์ ทรง Unisex,shopee-feed-catalog,shopee,https://shope.ee/an_redir?origin_link=https%3A%2F%2Fshopee.co.th%2Fproduct%2F29525812%2F46462719330,https://shope.ee/an_redir?origin_link=https%3A%2F%2Fshopee.co.th%2Fproduct%2F29525812%2F46462719330,200,Valid Link,True,Verified authentic product link
shopee-feed-53892420-44131154894,OPPO A6c Series | โทรศัพท์มือถือ ออปโป้ ดีไซน์สวย ทนทาน กันน้ำ แบตเตอรี่ใหญ่ 7000mAh จอใหญ่สว่างพิเศษ,shopee-feed-catalog,shopee,https://shope.ee/an_redir?origin_link=https%3A%2F%2Fshopee.co.th%2Fproduct%2F53892420%2F44131154894,https://shope.ee/an_redir?origin_link=https%3A%2F%2Fshopee.co.th%2Fproduct%2F53892420%2F44131154894,200,Valid Link,True,Verified authentic product link
shopee-feed-325294515-15056662972,แชมพูจียู 200ml |GU SHAMPOO ORGANIC|แก้ผมร่วง,shopee-feed-catalog,shopee,https://shope.ee/an_redir?origin_link=https%3A%2F%2Fshopee.co.th%2Fproduct%2F325294515%2F15056662972,https://shope.ee/an_redir?origin_link=https%3A%2F%2Fshopee.co.th%2Fproduct%2F325294515%2F15056662972,200,Valid Link,True,Verified authentic product link
shopee-feed-43431223-10175281845,แป้งเย็น โพรเทคส์ เฟรช 280 กรัม รวม 6 ขวด ให้ความรู้สึกเย็นสดชื่นยาวนาน Protex Fresh mentholated talcum 280g x6 bottles,shopee-feed-catalog,shopee,https://shope.ee/an_redir?origin_link=https%3A%2F%2Fshopee.co.th%2Fproduct%2F43431223%2F10175281845,https://shope.ee/an_redir?origin_link=https%3A%2F%2Fshopee.co.th%2Fproduct%2F43431223%2F10175281845,200,Valid Link,True,Verified authentic product link
shopee-feed-168932539-43178210850,GQ EVERYDAY Unisex T-shirt​ Pastel เสื้อยืดสีพาสเทล ดีไซน์มินิมอล,shopee-feed-catalog,shopee,https://shope.ee/an_redir?origin_link=https%3A%2F%2Fshopee.co.th%2Fproduct%2F168932539%2F43178210850,https://shope.ee/an_redir?origin_link=https%3A%2F%2Fshopee.co.th%2Fproduct%2F168932539%2F43178210850,200,Valid Link,True,Verified authentic product link
shopee-feed-121205602-27475390578,เซราวี อินเทนซีฟ มอยซ์เจอไรซิ่ง โลชั่น CeraVe Intensive Moisturising Lotion สำหรับผิวแห้งมาก 236ml,shopee-feed-catalog,shopee,https://shope.ee/an_redir?origin_link=https%3A%2F%2Fshopee.co.th%2Fproduct%2F121205602%2F27475390578,https://shope.ee/an_redir?origin_link=https%3A%2F%2Fshopee.co.th%2Fproduct%2F121205602%2F27475390578,200,Valid Link,True,Verified authentic product link
shopee-feed-369933868-8309179056,ACNE-AID GENTLE CLEANSER 500 ML แอคเน่-เอด เจนเทิ่ล เคลนเซอร์ สำหรับผิวแพ้ง่าย เป็นสิวง่าย 500 มล,shopee-feed-catalog,shopee,https://shope.ee/an_redir?origin_link=https%3A%2F%2Fshopee.co.th%2Fproduct%2F369933868%2F8309179056,https://shope.ee/an_redir?origin_link=https%3A%2F%2Fshopee.co.th%2Fproduct%2F369933868%2F8309179056,200,Valid Link,True,Verified authentic product link
shopee-feed-176122577-40470942025,แป้งฝุ่นเจ้านาง Glow Filter - Chaonang Glow Filter Translucent Powder 6.5g.,shopee-feed-catalog,shopee,https://shope.ee/an_redir?origin_link=https%3A%2F%2Fshopee.co.th%2Fproduct%2F176122577%2F40470942025,https://shope.ee/an_redir?origin_link=https%3A%2F%2Fshopee.co.th%2Fproduct%2F176122577%2F40470942025,200,Valid Link,True,Verified authentic product link
shopee-feed-1284427353-28257463489,UGREEN หัวชาร์จเร็ว 30 - 45W GaN Tech หัวชาร์จ Type C 2 Port รองรับ PD 2 ช่อง+USB 1 ช่อง รุ่น X515,shopee-feed-catalog,shopee,https://shope.ee/an_redir?origin_link=https%3A%2F%2Fshopee.co.th%2Fproduct%2F1284427353%2F28257463489,https://shope.ee/an_redir?origin_link=https%3A%2F%2Fshopee.co.th%2Fproduct%2F1284427353%2F28257463489,200,Valid Link,True,Verified authentic product link
shopee-feed-33252372-20696583847,ดร.สมชาย ไนอะซินามาไมด์ รีดีไฟน์นิ่ง เซรั่ม 20 g. Dr.Somchai Niacinamide Redefining Serum,shopee-feed-catalog,shopee,https://shope.ee/an_redir?origin_link=https%3A%2F%2Fshopee.co.th%2Fproduct%2F33252372%2F20696583847,https://shope.ee/an_redir?origin_link=https%3A%2F%2Fshopee.co.th%2Fproduct%2F33252372%2F20696583847,200,Valid Link,True,Verified authentic product link
shopee-feed-1586646125-40969196127,ลำโพงบลูทูธไร้สายแบบพกพา JMAX-M630 ดีไซน์สวย กำลังขับ8W แบต1200mAh BT/TF/FM/USB/AUX,shopee-feed-catalog,shopee,https://shope.ee/an_redir?origin_link=https%3A%2F%2Fshopee.co.th%2Fproduct%2F1586646125%2F40969196127,https://shope.ee/an_redir?origin_link=https%3A%2F%2Fshopee.co.th%2Fproduct%2F1586646125%2F40969196127,200,Valid Link,True,Verified authentic product link
shopee-feed-301786571-22144857971,สายชาร์จ Blue Box USB-C to USB-C (PD60W) by Studio7,shopee-feed-catalog,shopee,https://shope.ee/an_redir?origin_link=https%3A%2F%2Fshopee.co.th%2Fproduct%2F301786571%2F22144857971,https://shope.ee/an_redir?origin_link=https%3A%2F%2Fshopee.co.th%2Fproduct%2F301786571%2F22144857971,200,Valid Link,True,Verified authentic product link
shopee-feed-361518092-5275469958,Ugreen สาย HDMI 4K HDMI 2.0 ตัวผู้ เป็น ตัวผู้ อะแดปเตอร์ HDMI ความเร็วสูง สําหรับ PC TV รุ่น HD104,shopee-feed-catalog,shopee,https://shope.ee/an_redir?origin_link=https%3A%2F%2Fshopee.co.th%2Fproduct%2F361518092%2F5275469958,https://shope.ee/an_redir?origin_link=https%3A%2F%2Fshopee.co.th%2Fproduct%2F361518092%2F5275469958,200,Valid Link,True,Verified authentic product link
shopee-feed-1062958173-56354150741,Baby Bright เมลาโทนินเจลลี่มาสก์ชีท 25g มีตัวเลือก 4 สูตร [ยกกล่อง]x6ซอง,shopee-feed-catalog,shopee,https://shope.ee/an_redir?origin_link=https%3A%2F%2Fshopee.co.th%2Fproduct%2F1062958173%2F56354150741,https://shope.ee/an_redir?origin_link=https%3A%2F%2Fshopee.co.th%2Fproduct%2F1062958173%2F56354150741,200,Valid Link,True,Verified authentic product link
shopee-feed-580124309-26488653632,Mi Home Wifi Gosundสมาร์ทปลั๊กไฟอัจฉริยะ ควบคุมการเปิด-ปิด ผ่านแอปพลิเคชั่นXiaomi HomeApp รับประกัน 1 ปี - DIMI,shopee-feed-catalog,shopee,https://shope.ee/an_redir?origin_link=https%3A%2F%2Fshopee.co.th%2Fproduct%2F580124309%2F26488653632,https://shope.ee/an_redir?origin_link=https%3A%2F%2Fshopee.co.th%2Fproduct%2F580124309%2F26488653632,200,Valid Link,True,Verified authentic product link
shopee-feed-173187555-41350114422,Yuedpao Sportswear - Running Shorts 2025 กางเกงออกกำลังกายขาสั้น กางเกงวิ่ง 2in1 มีซับใน พร้อมกระเป๋าด้านข้าง (5 สี),shopee-feed-catalog,shopee,https://shope.ee/an_redir?origin_link=https%3A%2F%2Fshopee.co.th%2Fproduct%2F173187555%2F41350114422,https://shope.ee/an_redir?origin_link=https%3A%2F%2Fshopee.co.th%2Fproduct%2F173187555%2F41350114422,200,Valid Link,True,Verified authentic product link
shopee-feed-857472086-27384071542,KARIOOO ขนตาปลอมมีกาวในตัว ลุคธรรมชาติ ติดง่าย ติดทน เหมาะสำหรับมือใหม่,shopee-feed-catalog,shopee,https://shope.ee/an_redir?origin_link=https%3A%2F%2Fshopee.co.th%2Fproduct%2F857472086%2F27384071542,https://shope.ee/an_redir?origin_link=https%3A%2F%2Fshopee.co.th%2Fproduct%2F857472086%2F27384071542,200,Valid Link,True,Verified authentic product link
shopee-feed-172431741-4662430575,นีเวีย เมน แอนตี้-เอจ โฟร์ดี เอฟเฟค เซรั่มทาหน้าผู้ชาย เซรั่มกันแดดผู้ชาย เอสพีเอฟ30 พีเอ+++ 45 ก.NIVEA เซรั่มทาหน้า,shopee-feed-catalog,shopee,https://shope.ee/an_redir?origin_link=https%3A%2F%2Fshopee.co.th%2Fproduct%2F172431741%2F4662430575,https://shope.ee/an_redir?origin_link=https%3A%2F%2Fshopee.co.th%2Fproduct%2F172431741%2F4662430575,200,Valid Link,True,Verified authentic product link
shopee-feed-326984267-26857887527,NIGAO Leave-On Aqua Hair Nutrient | นิกาโอะ สเปรย์ บำรุงผม กันความร้อน 150 mL,shopee-feed-catalog,shopee,https://shope.ee/an_redir?origin_link=https%3A%2F%2Fshopee.co.th%2Fproduct%2F326984267%2F26857887527,https://shope.ee/an_redir?origin_link=https%3A%2F%2Fshopee.co.th%2Fproduct%2F326984267%2F26857887527,200,Valid Link,True,Verified authentic product link
shopee-feed-1586646125-49001296227,JMAX ลำโพงบลูทูธไร้สาย JM-4E เชื่อมต่อได้2ตัว พร้อมสายหิ้ว 5W2ดอก ของแท้ 100% BT/USB/TF/TWS เสียงดี,shopee-feed-catalog,shopee,https://shope.ee/an_redir?origin_link=https%3A%2F%2Fshopee.co.th%2Fproduct%2F1586646125%2F49001296227,https://shope.ee/an_redir?origin_link=https%3A%2F%2Fshopee.co.th%2Fproduct%2F1586646125%2F49001296227,200,Valid Link,True,Verified authentic product link
shopee-feed-298113044-49956430828,Laka : Stain Lip Liner [Official Store]️️,shopee-feed-catalog,shopee,https://shope.ee/an_redir?origin_link=https%3A%2F%2Fshopee.co.th%2Fproduct%2F298113044%2F49956430828,https://shope.ee/an_redir?origin_link=https%3A%2F%2Fshopee.co.th%2Fproduct%2F298113044%2F49956430828,200,Valid Link,True,Verified authentic product link
shopee-feed-63669256-1211433584,นูโทรจีนา โทนเนอร์ แอลกอฮอล์-ฟรี 150 มล Neutrogena Toner Alcohol Free 150 ml. x 2,shopee-feed-catalog,shopee,https://shope.ee/an_redir?origin_link=https%3A%2F%2Fshopee.co.th%2Fproduct%2F63669256%2F1211433584,https://shope.ee/an_redir?origin_link=https%3A%2F%2Fshopee.co.th%2Fproduct%2F63669256%2F1211433584,200,Valid Link,True,Verified authentic product link
shopee-feed-1036504979-28175677988,MicrocynAH Wound & Skin Care Spray สเปรย์ดูแลผิวหนังสัตว์เลี้ยง ขนาด 240 ML.,shopee-feed-catalog,shopee,https://shope.ee/an_redir?origin_link=https%3A%2F%2Fshopee.co.th%2Fproduct%2F1036504979%2F28175677988,https://shope.ee/an_redir?origin_link=https%3A%2F%2Fshopee.co.th%2Fproduct%2F1036504979%2F28175677988,200,Valid Link,True,Verified authentic product link
shopee-feed-172431741-8865464088,นีเวีย ลูมินัส630 แอนตี้สปอต แอดวานซ์ สปอต เซรั่ม เซรั่มทาฝ้า เซรั่มลดจุดด่างดำ 30 มล. 2ชิ้น NIVEA,shopee-feed-catalog,shopee,https://shope.ee/an_redir?origin_link=https%3A%2F%2Fshopee.co.th%2Fproduct%2F172431741%2F8865464088,https://shope.ee/an_redir?origin_link=https%3A%2F%2Fshopee.co.th%2Fproduct%2F172431741%2F8865464088,200,Valid Link,True,Verified authentic product link
shopee-feed-37154460-12592594321,Elfen ดินสอดำ 2B รุ่น 2018 (ไส้เข้ม ไม่หักง่าย) - กระบอก 50 แท่ง,shopee-feed-catalog,shopee,https://shope.ee/an_redir?origin_link=https%3A%2F%2Fshopee.co.th%2Fproduct%2F37154460%2F12592594321,https://shope.ee/an_redir?origin_link=https%3A%2F%2Fshopee.co.th%2Fproduct%2F37154460%2F12592594321,200,Valid Link,True,Verified authentic product link
shopee-feed-79677914-25390639140,LuLuLun Hydra AZ Face Mask ลูลูลูน แผ่นมาสก์หน้า สูตรเพิ่มความชุ่มชื้น ดูแลปัญหาสิวและรอยดำจากสิว,shopee-feed-catalog,shopee,https://shope.ee/an_redir?origin_link=https%3A%2F%2Fshopee.co.th%2Fproduct%2F79677914%2F25390639140,https://shope.ee/an_redir?origin_link=https%3A%2F%2Fshopee.co.th%2Fproduct%2F79677914%2F25390639140,200,Valid Link,True,Verified authentic product link
shopee-feed-52792555-856322508,เจ้าสัว หมูหยอง 150 กรัม (Pork Floss),shopee-feed-catalog,shopee,https://shope.ee/an_redir?origin_link=https%3A%2F%2Fshopee.co.th%2Fproduct%2F52792555%2F856322508,https://shope.ee/an_redir?origin_link=https%3A%2F%2Fshopee.co.th%2Fproduct%2F52792555%2F856322508,200,Valid Link,True,Verified authentic product link
shopee-feed-537947730-25029174962,PANDO Nail Clipper แพนโด้ กรรไกรตัดเล็บสัตว์เลี้ยง พร้อมไฟ LED Light,shopee-feed-catalog,shopee,https://shope.ee/an_redir?origin_link=https%3A%2F%2Fshopee.co.th%2Fproduct%2F537947730%2F25029174962,https://shope.ee/an_redir?origin_link=https%3A%2F%2Fshopee.co.th%2Fproduct%2F537947730%2F25029174962,200,Valid Link,True,Verified authentic product link
shopee-feed-257504482-18486662020,Sunny Baby Pants &Tape NB-XXL (x3แพ็ค)พรีเมี่ยม ผ้าอ้อมเด็ก ซันนี่เบบี้ กางเกงผ้าอ้อมเด็ก แพมเพ,shopee-feed-catalog,shopee,https://shope.ee/an_redir?origin_link=https%3A%2F%2Fshopee.co.th%2Fproduct%2F257504482%2F18486662020,https://shope.ee/an_redir?origin_link=https%3A%2F%2Fshopee.co.th%2Fproduct%2F257504482%2F18486662020,200,Valid Link,True,Verified authentic product link
shopee-feed-108157692-2076878325,เดลี่เฟรช สเปรย์ น้ำหอมปรับอากาศ กลิ่นบิ้วตี้ฟูล 300 มล. DAILY FRESH SPRAY BEAUTIFUL 300mL,shopee-feed-catalog,shopee,https://shope.ee/an_redir?origin_link=https%3A%2F%2Fshopee.co.th%2Fproduct%2F108157692%2F2076878325,https://shope.ee/an_redir?origin_link=https%3A%2F%2Fshopee.co.th%2Fproduct%2F108157692%2F2076878325,200,Valid Link,True,Verified authentic product link
shopee-feed-1113587801-46912421057,Glad2Glow PDRN Brightening Serum 20ml เซรั่มหน้า กระจ่างใส Whitening Smooth Skin ลดเลือนริ้วรอย ผิวโกลว์ อิ่มน้,shopee-feed-catalog,shopee,https://shope.ee/an_redir?origin_link=https%3A%2F%2Fshopee.co.th%2Fproduct%2F1113587801%2F46912421057,https://shope.ee/an_redir?origin_link=https%3A%2F%2Fshopee.co.th%2Fproduct%2F1113587801%2F46912421057,200,Valid Link,True,Verified authentic product link
shopee-feed-1203592517-29723367333,TRAILTOP เก้าอี้แคมป์ปิ้ง เก้าอี้สนามพับได้ camping ขาตั้งอลูมิเนียม รับน้ำหนัก300กก,shopee-feed-catalog,shopee,https://shope.ee/an_redir?origin_link=https%3A%2F%2Fshopee.co.th%2Fproduct%2F1203592517%2F29723367333,https://shope.ee/an_redir?origin_link=https%3A%2F%2Fshopee.co.th%2Fproduct%2F1203592517%2F29723367333,200,Valid Link,True,Verified authentic product link
shopee-feed-502728833-24946978000,Jasmeen สำลี สำลีก้านหัวคู่ คอตตอนบัด 200 ก้าน Cotton swab สำลีก้อนกลม,shopee-feed-catalog,shopee,https://shope.ee/an_redir?origin_link=https%3A%2F%2Fshopee.co.th%2Fproduct%2F502728833%2F24946978000,https://shope.ee/an_redir?origin_link=https%3A%2F%2Fshopee.co.th%2Fproduct%2F502728833%2F24946978000,200,Valid Link,True,Verified authentic product link
shopee-feed-57205325-929031008,OLAY Total Effects 7in1 UV SPF15 โอเลย์ครีมลดริ้วรอยด้วยวิตามินนานาชนิด 50 กรัม สกินแคร์ลดเลือนริ้วรอย niacinamide,shopee-feed-catalog,shopee,https://shope.ee/an_redir?origin_link=https%3A%2F%2Fshopee.co.th%2Fproduct%2F57205325%2F929031008,https://shope.ee/an_redir?origin_link=https%3A%2F%2Fshopee.co.th%2Fproduct%2F57205325%2F929031008,200,Valid Link,True,Verified authentic product link
shopee-feed-175357694-53215347404,HOMEBOY เสื้อOVERSIZE HB.DUSTY.HOMIE คอตตอน100% ใส่ได้ทุกวัน,shopee-feed-catalog,shopee,https://shope.ee/an_redir?origin_link=https%3A%2F%2Fshopee.co.th%2Fproduct%2F175357694%2F53215347404,https://shope.ee/an_redir?origin_link=https%3A%2F%2Fshopee.co.th%2Fproduct%2F175357694%2F53215347404,200,Valid Link,True,Verified authentic product link
shopee-feed-83035922-23434724460,Panasi แผงไฟ แผงไฟเพดานled โคมไฟเพดานแม่เหล็ก โคมแม่เหล็กติดเพดาน 28w 36w 48w 3แสง,shopee-feed-catalog,shopee,https://shope.ee/an_redir?origin_link=https%3A%2F%2Fshopee.co.th%2Fproduct%2F83035922%2F23434724460,https://shope.ee/an_redir?origin_link=https%3A%2F%2Fshopee.co.th%2Fproduct%2F83035922%2F23434724460,200,Valid Link,True,Verified authentic product link
shopee-feed-125775392-48263181560,Seagull ซีกัล เครื่องต้มไข่ รุ่น อีซี่ไลฟ์ #202703,shopee-feed-catalog,shopee,https://shope.ee/an_redir?origin_link=https%3A%2F%2Fshopee.co.th%2Fproduct%2F125775392%2F48263181560,https://shope.ee/an_redir?origin_link=https%3A%2F%2Fshopee.co.th%2Fproduct%2F125775392%2F48263181560,200,Valid Link,True,Verified authentic product link
shopee-feed-489682210-21192531475,ตุ๊กตาแมวจักรพรรดิ แปลงร่าง 35CM 45CM 60CMน่ากอดสุดๆ เขียนการ์ดอวยพรได้ ของขวัญวันเกิด ของขวัญวันครบรอบ ของขวัญวันปัจฉิม,shopee-feed-catalog,shopee,https://shope.ee/an_redir?origin_link=https%3A%2F%2Fshopee.co.th%2Fproduct%2F489682210%2F21192531475,https://shope.ee/an_redir?origin_link=https%3A%2F%2Fshopee.co.th%2Fproduct%2F489682210%2F21192531475,200,Valid Link,True,Verified authentic product link
shopee-feed-285332355-9014115950,SULWHASOO First Care Activating Serum VI 90ml.โซลวาซู เซรั่มบูสต์ผิวแข็งแรง ชะลอสัญญาณแห่งวัย สู่ผิวดูอ่อนเยาว์ สุขภาพดี,shopee-feed-catalog,shopee,https://shope.ee/an_redir?origin_link=https%3A%2F%2Fshopee.co.th%2Fproduct%2F285332355%2F9014115950,https://shope.ee/an_redir?origin_link=https%3A%2F%2Fshopee.co.th%2Fproduct%2F285332355%2F9014115950,200,Valid Link,True,Verified authentic product link
shopee-feed-411516198-26889550990,CAZAMAN เสื้อยืด OVERSIZE เสื้อยืดโอเวอร์ไซส์ เสื้อยืดแขนสั้น ผ้าฝ้ายแท้ เสื้อลาย ใส่สบาย C25619,shopee-feed-catalog,shopee,https://shope.ee/an_redir?origin_link=https%3A%2F%2Fshopee.co.th%2Fproduct%2F411516198%2F26889550990,https://shope.ee/an_redir?origin_link=https%3A%2F%2Fshopee.co.th%2Fproduct%2F411516198%2F26889550990,200,Valid Link,True,Verified authentic product link
shopee-feed-1251001969-27391061675,โปร 1แถม1 Hi Calcium Cocoa Plus มามิล่า แคลเซียม เม็ดเคี้ยว วิตามินเพิ่มแคลเซียม,shopee-feed-catalog,shopee,https://shope.ee/an_redir?origin_link=https%3A%2F%2Fshopee.co.th%2Fproduct%2F1251001969%2F27391061675,https://shope.ee/an_redir?origin_link=https%3A%2F%2Fshopee.co.th%2Fproduct%2F1251001969%2F27391061675,200,Valid Link,True,Verified authentic product link
shopee-feed-17333589-272308218,32 GB FLASH DRIVE (แฟลชไดร์ฟ) SANDISK CRUZER BLADE (SDCZ50-032G-B35),shopee-feed-catalog,shopee,https://shope.ee/an_redir?origin_link=https%3A%2F%2Fshopee.co.th%2Fproduct%2F17333589%2F272308218,https://shope.ee/an_redir?origin_link=https%3A%2F%2Fshopee.co.th%2Fproduct%2F17333589%2F272308218,200,Valid Link,True,Verified authentic product link
shopee-feed-1104930728-28261671784,The Couple's Cupid Tinted Lip Oil SPF 15 PA++ 8g,shopee-feed-catalog,shopee,https://shope.ee/an_redir?origin_link=https%3A%2F%2Fshopee.co.th%2Fproduct%2F1104930728%2F28261671784,https://shope.ee/an_redir?origin_link=https%3A%2F%2Fshopee.co.th%2Fproduct%2F1104930728%2F28261671784,200,Valid Link,True,Verified authentic product link
shopee-feed-705062204-29322459239,Ksrain รับประกัน 3 ปี หม้อไฟฟ้ามัลติฟังก์ชั่น หม้อไฟฟ้า 5ลิตร กระทะไฟฟ้า หม้อต้มไฟฟ้า หม้อชาบู หม้อสุกี้,shopee-feed-catalog,shopee,https://shope.ee/an_redir?origin_link=https%3A%2F%2Fshopee.co.th%2Fproduct%2F705062204%2F29322459239,https://shope.ee/an_redir?origin_link=https%3A%2F%2Fshopee.co.th%2Fproduct%2F705062204%2F29322459239,200,Valid Link,True,Verified authentic product link
shopee-feed-39524736-22955206505,TOSHIBA ไมโครเวฟ ความจุ 25 ลิตร รุ่น MW3-MM25PE(BK),shopee-feed-catalog,shopee,https://shope.ee/an_redir?origin_link=https%3A%2F%2Fshopee.co.th%2Fproduct%2F39524736%2F22955206505,https://shope.ee/an_redir?origin_link=https%3A%2F%2Fshopee.co.th%2Fproduct%2F39524736%2F22955206505,200,Valid Link,True,Verified authentic product link
shopee-feed-53892420-47562122494,OPPO Reno16 5G | โทรศัพท์มือถือ ออปโป้ ดีไซน์สวย3มิติ กล้องชัด เซลฟี่มุมกว้างพิเศษ 50MP วิดีโอ4K,shopee-feed-catalog,shopee,https://shope.ee/an_redir?origin_link=https%3A%2F%2Fshopee.co.th%2Fproduct%2F53892420%2F47562122494,https://shope.ee/an_redir?origin_link=https%3A%2F%2Fshopee.co.th%2Fproduct%2F53892420%2F47562122494,200,Valid Link,True,Verified authentic product link
shopee-feed-431630907-47855188849,Deli แปรงขัดห้องน้ำ 2in1 ชุดแปรงล้างห้องน้ำสะอาดจบในตัวเดียว หัวแปรงนุ่ม ระบายอากาศไว Toilet Brush,shopee-feed-catalog,shopee,https://shope.ee/an_redir?origin_link=https%3A%2F%2Fshopee.co.th%2Fproduct%2F431630907%2F47855188849,https://shope.ee/an_redir?origin_link=https%3A%2F%2Fshopee.co.th%2Fproduct%2F431630907%2F47855188849,200,Valid Link,True,Verified authentic product link
shopee-feed-37154460-29866930506,Elephant สมุด สมุดสันห่วงพลาสติก 80G 80S Kizuna (คละสี) จำนวน 1 เล่ม,shopee-feed-catalog,shopee,https://shope.ee/an_redir?origin_link=https%3A%2F%2Fshopee.co.th%2Fproduct%2F37154460%2F29866930506,https://shope.ee/an_redir?origin_link=https%3A%2F%2Fshopee.co.th%2Fproduct%2F37154460%2F29866930506,200,Valid Link,True,Verified authentic product link
shopee-feed-144046792-24067507239,โรยัล คานิน อาหารแมวโต อาศัยในบ้าน ขนาด 4 กก. ROYAL CANIN ADULT CAT INDOOR 4 KG.,shopee-feed-catalog,shopee,https://shope.ee/an_redir?origin_link=https%3A%2F%2Fshopee.co.th%2Fproduct%2F144046792%2F24067507239,https://shope.ee/an_redir?origin_link=https%3A%2F%2Fshopee.co.th%2Fproduct%2F144046792%2F24067507239,200,Valid Link,True,Verified authentic product link
shopee-feed-49111690-40205184480,อภัยภูเบศร อภัย ตรีผลา 60 แคปซูล เซตคู่ (2ชิ้น),shopee-feed-catalog,shopee,https://shope.ee/an_redir?origin_link=https%3A%2F%2Fshopee.co.th%2Fproduct%2F49111690%2F40205184480,https://shope.ee/an_redir?origin_link=https%3A%2F%2Fshopee.co.th%2Fproduct%2F49111690%2F40205184480,200,Valid Link,True,Verified authentic product link
shopee-feed-26978286-27841713037,เดทตอล โกลด์ คลาสสิก คลีน เจลอาบน้ำ 480 มล. + รีฟิล 370 แพ็ค 2,shopee-feed-catalog,shopee,https://shope.ee/an_redir?origin_link=https%3A%2F%2Fshopee.co.th%2Fproduct%2F26978286%2F27841713037,https://shope.ee/an_redir?origin_link=https%3A%2F%2Fshopee.co.th%2Fproduct%2F26978286%2F27841713037,200,Valid Link,True,Verified authentic product link
shopee-feed-201159757-28718156934,Torriden Balanceful Cica Toner Pad (60 แผ่น) - โทนเนอร์แพด สูตรอ่อนโยน ช่วยปลอบประโลมผิว,shopee-feed-catalog,shopee,https://shope.ee/an_redir?origin_link=https%3A%2F%2Fshopee.co.th%2Fproduct%2F201159757%2F28718156934,https://shope.ee/an_redir?origin_link=https%3A%2F%2Fshopee.co.th%2Fproduct%2F201159757%2F28718156934,200,Valid Link,True,Verified authentic product link
shopee-feed-22705985-46363283596,PAYI HEALTH CARE แท้ 100% ลูกบอลนวดกดจุด 360° คลายปวดฝ่าเท้า ลดเมื่อยล้า รองช้ำ ปวดส้นเท้า,shopee-feed-catalog,shopee,https://shope.ee/an_redir?origin_link=https%3A%2F%2Fshopee.co.th%2Fproduct%2F22705985%2F46363283596,https://shope.ee/an_redir?origin_link=https%3A%2F%2Fshopee.co.th%2Fproduct%2F22705985%2F46363283596,200,Valid Link,True,Verified authentic product link
shopee-feed-108157692-44863115686,อาท พลัส ยาจุดกันยุง (ควันน้อย) จัมโบ้2 50ขด SAVE PACK,shopee-feed-catalog,shopee,https://shope.ee/an_redir?origin_link=https%3A%2F%2Fshopee.co.th%2Fproduct%2F108157692%2F44863115686,https://shope.ee/an_redir?origin_link=https%3A%2F%2Fshopee.co.th%2Fproduct%2F108157692%2F44863115686,200,Valid Link,True,Verified authentic product link
shopee-feed-1505570169-42175130918,GOOJODOQ Phone Holder ขาตั้งโทรศัพท์มือถือ พับได้ ปรับมุมได้ ฐานยึดสุญญากาศที่แข็งแกร่ง Phone Grips,shopee-feed-catalog,shopee,https://shope.ee/an_redir?origin_link=https%3A%2F%2Fshopee.co.th%2Fproduct%2F1505570169%2F42175130918,https://shope.ee/an_redir?origin_link=https%3A%2F%2Fshopee.co.th%2Fproduct%2F1505570169%2F42175130918,200,Valid Link,True,Verified authentic product link
shopee-feed-22705985-43214391725,PAYI HEALTH CARE แท้ 100% ลูกบอลนวดเท้า 3in1 [ร้อน-เย็น-น้ำมันนวด] คลายปวดเมื่อยเท้า ลดปวดรองช้ำ,shopee-feed-catalog,shopee,https://shope.ee/an_redir?origin_link=https%3A%2F%2Fshopee.co.th%2Fproduct%2F22705985%2F43214391725,https://shope.ee/an_redir?origin_link=https%3A%2F%2Fshopee.co.th%2Fproduct%2F22705985%2F43214391725,200,Valid Link,True,Verified authentic product link
shopee-feed-989284521-44707038328,"13-inch MacBook Neo: Apple A18 Pro chip with 6‑core CPU and 5‑core GPU, 8GB, 512GB SSD, Touch ID",shopee-feed-catalog,shopee,https://shope.ee/an_redir?origin_link=https%3A%2F%2Fshopee.co.th%2Fproduct%2F989284521%2F44707038328,https://shope.ee/an_redir?origin_link=https%3A%2F%2Fshopee.co.th%2Fproduct%2F989284521%2F44707038328,200,Valid Link,True,Verified authentic product link
shopee-feed-551686165-41880610163,"CLAIRE : แว่นกันแดด รุ่น "" Airi "" แว่นกันแดดเลนส์แท้ กันแดดUV400 | Sunglasses",shopee-feed-catalog,shopee,https://shope.ee/an_redir?origin_link=https%3A%2F%2Fshopee.co.th%2Fproduct%2F551686165%2F41880610163,https://shope.ee/an_redir?origin_link=https%3A%2F%2Fshopee.co.th%2Fproduct%2F551686165%2F41880610163,200,Valid Link,True,Verified authentic product link
shopee-feed-497937202-12703057289,โอเค พริ้นเซสวิงซ์ มินิกัมบอล แมชชีน 9ก. OK Princess Wings Mini Gumball Machine 9g.,shopee-feed-catalog,shopee,https://shope.ee/an_redir?origin_link=https%3A%2F%2Fshopee.co.th%2Fproduct%2F497937202%2F12703057289,https://shope.ee/an_redir?origin_link=https%3A%2F%2Fshopee.co.th%2Fproduct%2F497937202%2F12703057289,200,Valid Link,True,Verified authentic product link
shopee-feed-17331040-26020932236,Philips Food-Grade Kettle 1.7L กาต้มน้ำไฟฟ้าปลอดภับสำหรับอาหาร 1.7L (HD9314/90),shopee-feed-catalog,shopee,https://shope.ee/an_redir?origin_link=https%3A%2F%2Fshopee.co.th%2Fproduct%2F17331040%2F26020932236,https://shope.ee/an_redir?origin_link=https%3A%2F%2Fshopee.co.th%2Fproduct%2F17331040%2F26020932236,200,Valid Link,True,Verified authentic product link
shopee-feed-28747606-1075735978,ARAYA (อารยา)เซ็ทพิเศษสุดคุ้ม ผลิตภัณฑ์ทำความสะอาดจุดซ่อนเร้น 200ml + เซรั่มฟื้นบำรุง40ml,shopee-feed-catalog,shopee,https://shope.ee/an_redir?origin_link=https%3A%2F%2Fshopee.co.th%2Fproduct%2F28747606%2F1075735978,https://shope.ee/an_redir?origin_link=https%3A%2F%2Fshopee.co.th%2Fproduct%2F28747606%2F1075735978,200,Valid Link,True,Verified authentic product link
shopee-feed-1582250888-45002291543,B&R ญี่ปุ่น วินเทจ เสื้อโปโลแขนยาว การออกแบบปก สีทึบ สบายๆ แฟชั่นที่เรียบง่าย,shopee-feed-catalog,shopee,https://shope.ee/an_redir?origin_link=https%3A%2F%2Fshopee.co.th%2Fproduct%2F1582250888%2F45002291543,https://shope.ee/an_redir?origin_link=https%3A%2F%2Fshopee.co.th%2Fproduct%2F1582250888%2F45002291543,200,Valid Link,True,Verified authentic product link
shopee-feed-260630102-44225258980,ข้าวแสนดี ข้าวหอมมะลิ 100% (ถุงชมพู) 5 กก.จำนวน 6 ถุง,shopee-feed-catalog,shopee,https://shope.ee/an_redir?origin_link=https%3A%2F%2Fshopee.co.th%2Fproduct%2F260630102%2F44225258980,https://shope.ee/an_redir?origin_link=https%3A%2F%2Fshopee.co.th%2Fproduct%2F260630102%2F44225258980,200,Valid Link,True,Verified authentic product link
shopee-feed-1093143942-22458265901,Beauty of Joseon Green Plum Refreshing Toner AHA + BHA บิวตี้ ออฟ โชซอน กรีนพลัม รีเฟรชชิ่ง โทนเนอร์ 150 ml,shopee-feed-catalog,shopee,https://shope.ee/an_redir?origin_link=https%3A%2F%2Fshopee.co.th%2Fproduct%2F1093143942%2F22458265901,https://shope.ee/an_redir?origin_link=https%3A%2F%2Fshopee.co.th%2Fproduct%2F1093143942%2F22458265901,200,Valid Link,True,Verified authentic product link
shopee-feed-300538909-53853305864,Little Heart หนังสือนิทาน ขออ่านนิทานเล่มโปรดด้วยได้ไหม นิทานที่หมอประเสริฐแนะนำ (77009),shopee-feed-catalog,shopee,https://shope.ee/an_redir?origin_link=https%3A%2F%2Fshopee.co.th%2Fproduct%2F300538909%2F53853305864,https://shope.ee/an_redir?origin_link=https%3A%2F%2Fshopee.co.th%2Fproduct%2F300538909%2F53853305864,200,Valid Link,True,Verified authentic product link
shopee-feed-69426059-24482374266,เจอร์เกนส์ เดลี่ มอยส์เจอร์ ดราย สกิน มอยส์เจอไรเซอร์ 295 มล. JERGENS DAILY MOISTURE DRY SKIN MOISTURIZER 295 ML,shopee-feed-catalog,shopee,https://shope.ee/an_redir?origin_link=https%3A%2F%2Fshopee.co.th%2Fproduct%2F69426059%2F24482374266,https://shope.ee/an_redir?origin_link=https%3A%2F%2Fshopee.co.th%2Fproduct%2F69426059%2F24482374266,200,Valid Link,True,Verified authentic product link
shopee-feed-108157692-7725057027,เนเชอร์แคร์ แฟบริค สเปรย์กำจัดและป้องกันไรฝุ่น กลิ่นรีแล็กซ์ซิ่ง เพอเพิ้ล 400 มล. NATUCAIR FABLIC RELAXING PURPLE 400mL,shopee-feed-catalog,shopee,https://shope.ee/an_redir?origin_link=https%3A%2F%2Fshopee.co.th%2Fproduct%2F108157692%2F7725057027,https://shope.ee/an_redir?origin_link=https%3A%2F%2Fshopee.co.th%2Fproduct%2F108157692%2F7725057027,200,Valid Link,True,Verified authentic product link
shopee-feed-1120415740-40617274612,- WiNDSCENT WIN Perfume 20ml - หอมมีเสน่ห์อันทรงพลัง,shopee-feed-catalog,shopee,https://shope.ee/an_redir?origin_link=https%3A%2F%2Fshopee.co.th%2Fproduct%2F1120415740%2F40617274612,https://shope.ee/an_redir?origin_link=https%3A%2F%2Fshopee.co.th%2Fproduct%2F1120415740%2F40617274612,200,Valid Link,True,Verified authentic product link
shopee-feed-683447508-27287748611,Green&Organic SET F6 แพ็คคู่ สุดคุ้ม เครื่องปรุงโซเดียมต่ำ ซีอิ๊วขาว น้ำปลา โซเดียมต่ำ 700 มล.,shopee-feed-catalog,shopee,https://shope.ee/an_redir?origin_link=https%3A%2F%2Fshopee.co.th%2Fproduct%2F683447508%2F27287748611,https://shope.ee/an_redir?origin_link=https%3A%2F%2Fshopee.co.th%2Fproduct%2F683447508%2F27287748611,200,Valid Link,True,Verified authentic product link
shopee-feed-57487067-16891997750,ผ้ารองรีด ถูกสุดๆ ผ้ารองรีดรุ่นเสริมฟองน้ำ สินค้าคุณภาพ ผลิตในประเทศไทย รหัส:IK (ฐานะภัณฑ์),shopee-feed-catalog,shopee,https://shope.ee/an_redir?origin_link=https%3A%2F%2Fshopee.co.th%2Fproduct%2F57487067%2F16891997750,https://shope.ee/an_redir?origin_link=https%3A%2F%2Fshopee.co.th%2Fproduct%2F57487067%2F16891997750,200,Valid Link,True,Verified authentic product link
shopee-feed-1098255539-27681726985,Bell's tea ตะกร้าใหม่ ชาจีนสูตรสีม่วง ชากุหลาบ มัลเบอร์รี่ บำรุงผิว ช่วยการนอน,shopee-feed-catalog,shopee,https://shope.ee/an_redir?origin_link=https%3A%2F%2Fshopee.co.th%2Fproduct%2F1098255539%2F27681726985,https://shope.ee/an_redir?origin_link=https%3A%2F%2Fshopee.co.th%2Fproduct%2F1098255539%2F27681726985,200,Valid Link,True,Verified authentic product link
shopee-feed-1556980991-44303750615,DERMEDY FOR BETTER BACK ACNE SPRAY (50 ml.) เดอร์มีดี ฟอร์ เบทเทอร์ แบ็ค แอคเน่ สเปรย์ (50 มล.),shopee-feed-catalog,shopee,https://shope.ee/an_redir?origin_link=https%3A%2F%2Fshopee.co.th%2Fproduct%2F1556980991%2F44303750615,https://shope.ee/an_redir?origin_link=https%3A%2F%2Fshopee.co.th%2Fproduct%2F1556980991%2F44303750615,200,Valid Link,True,Verified authentic product link
shopee-feed-30318389-1374911095,PAO SUPER ผงซักฟอก เปา ซุปเปอร์ 2400 กรัม 2 ถุง,shopee-feed-catalog,shopee,https://shope.ee/an_redir?origin_link=https%3A%2F%2Fshopee.co.th%2Fproduct%2F30318389%2F1374911095,https://shope.ee/an_redir?origin_link=https%3A%2F%2Fshopee.co.th%2Fproduct%2F30318389%2F1374911095,200,Valid Link,True,Verified authentic product link
shopee-feed-26978286-40856986124,ยูโร่ พัฟเค้กสอดไส้ครีมคัสตาร์ด 204 ก.,shopee-feed-catalog,shopee,https://shope.ee/an_redir?origin_link=https%3A%2F%2Fshopee.co.th%2Fproduct%2F26978286%2F40856986124,https://shope.ee/an_redir?origin_link=https%3A%2F%2Fshopee.co.th%2Fproduct%2F26978286%2F40856986124,200,Valid Link,True,Verified authentic product link
shopee-feed-119576736-8127805173,มิลนิวทริ ชัวร์ รสจืด 550 กรัม Milnutri Sure,shopee-feed-catalog,shopee,https://shope.ee/an_redir?origin_link=https%3A%2F%2Fshopee.co.th%2Fproduct%2F119576736%2F8127805173,https://shope.ee/an_redir?origin_link=https%3A%2F%2Fshopee.co.th%2Fproduct%2F119576736%2F8127805173,200,Valid Link,True,Verified authentic product link
shopee-feed-104759754-43731341870,INDEX LIVING MALL โซฟาเบดผ้า L-shape รุ่นเคียน่า (เลือกสีได้),shopee-feed-catalog,shopee,https://shope.ee/an_redir?origin_link=https%3A%2F%2Fshopee.co.th%2Fproduct%2F104759754%2F43731341870,https://shope.ee/an_redir?origin_link=https%3A%2F%2Fshopee.co.th%2Fproduct%2F104759754%2F43731341870,200,Valid Link,True,Verified authentic product link
shopee-feed-95051440-2199811803,เป็ด ก้อนดับกลิ่น ก้อนชักโครก โถสุขภัณฑ์ เพาเวอร์เฟรช 40 กรัม บรรจุสามก้อน Duck In Tank Toilet Cleaner,shopee-feed-catalog,shopee,https://shope.ee/an_redir?origin_link=https%3A%2F%2Fshopee.co.th%2Fproduct%2F95051440%2F2199811803,https://shope.ee/an_redir?origin_link=https%3A%2F%2Fshopee.co.th%2Fproduct%2F95051440%2F2199811803,200,Valid Link,True,Verified authentic product link
shopee-feed-74767945-10387864185,ตราเด็กสมบูรณ์ ซีอิ๊วขาวคีโต ขนาด 300 มล Deksomboon Ketogenic Light Soy Sauce 300 ml,shopee-feed-catalog,shopee,https://shope.ee/an_redir?origin_link=https%3A%2F%2Fshopee.co.th%2Fproduct%2F74767945%2F10387864185,https://shope.ee/an_redir?origin_link=https%3A%2F%2Fshopee.co.th%2Fproduct%2F74767945%2F10387864185,200,Valid Link,True,Verified authentic product link
shopee-feed-34425147-11669397242,หงษ์ทอง ข้าวหอมมะลิใหม่ต้นฤดู 100% ขนาด 5 กิโลกรัม (แพ็ค 5)N5,shopee-feed-catalog,shopee,https://shope.ee/an_redir?origin_link=https%3A%2F%2Fshopee.co.th%2Fproduct%2F34425147%2F11669397242,https://shope.ee/an_redir?origin_link=https%3A%2F%2Fshopee.co.th%2Fproduct%2F34425147%2F11669397242,200,Valid Link,True,Verified authentic product link
shopee-feed-261911756-25122441154,Plantnery Tea Tree First Step Facial Toner 100 ml โทนเนอร์ ที ทรี สำหรับผู้มีปัญหาสิว ผิวหน้ามัน,shopee-feed-catalog,shopee,https://shope.ee/an_redir?origin_link=https%3A%2F%2Fshopee.co.th%2Fproduct%2F261911756%2F25122441154,https://shope.ee/an_redir?origin_link=https%3A%2F%2Fshopee.co.th%2Fproduct%2F261911756%2F25122441154,200,Valid Link,True,Verified authentic product link
shopee-feed-635674793-14482704651,RANDY แปรงทำความสะอาด 4in1 หัวสเปรย์ฉีดน้ำ ถูด้วยฟองน้ำ รีดน้ำ เช็ดเก็บน้ำสกปรกลงกล่อง,shopee-feed-catalog,shopee,https://shope.ee/an_redir?origin_link=https%3A%2F%2Fshopee.co.th%2Fproduct%2F635674793%2F14482704651,https://shope.ee/an_redir?origin_link=https%3A%2F%2Fshopee.co.th%2Fproduct%2F635674793%2F14482704651,200,Valid Link,True,Verified authentic product link
shopee-feed-1117471857-44232901319,POSE รองเท้าแตะ EVA พื้นหนาแบบเจาะรู น้ำหนักเบาพิเศษ นุ่มเด้งสบายเท้า P623202,shopee-feed-catalog,shopee,https://shope.ee/an_redir?origin_link=https%3A%2F%2Fshopee.co.th%2Fproduct%2F1117471857%2F44232901319,https://shope.ee/an_redir?origin_link=https%3A%2F%2Fshopee.co.th%2Fproduct%2F1117471857%2F44232901319,200,Valid Link,True,Verified authentic product link
shopee-feed-29243550-25090137070,GRAND SPORT กางเกงขาสามส่วน รหัส : 002772,shopee-feed-catalog,shopee,https://shope.ee/an_redir?origin_link=https%3A%2F%2Fshopee.co.th%2Fproduct%2F29243550%2F25090137070,https://shope.ee/an_redir?origin_link=https%3A%2F%2Fshopee.co.th%2Fproduct%2F29243550%2F25090137070,200,Valid Link,True,Verified authentic product link
shopee-feed-984058892-25533469079,XIAOMI TV Box S 3rd Gen Mi TV Stick 4K กล่อง Android TV สูงสุด 4K Ultra HD รองรับภาษาไทย สนับสนุน Dolby Vision Google TV,shopee-feed-catalog,shopee,https://shope.ee/an_redir?origin_link=https%3A%2F%2Fshopee.co.th%2Fproduct%2F984058892%2F25533469079,https://shope.ee/an_redir?origin_link=https%3A%2F%2Fshopee.co.th%2Fproduct%2F984058892%2F25533469079,200,Valid Link,True,Verified authentic product link
shopee-feed-1642304280-49855165781,Pharvia Zencumax 2 กล่อง 20 แคปซูล,shopee-feed-catalog,shopee,https://shope.ee/an_redir?origin_link=https%3A%2F%2Fshopee.co.th%2Fproduct%2F1642304280%2F49855165781,https://shope.ee/an_redir?origin_link=https%3A%2F%2Fshopee.co.th%2Fproduct%2F1642304280%2F49855165781,200,Valid Link,True,Verified authentic product link
shopee-feed-45330974-731697224,*Best Seller* Bata รองเท้าผู้ชายคัทชู MEN'S DRESS CAMPUS สีดำ รหัส 8516522,shopee-feed-catalog,shopee,https://shope.ee/an_redir?origin_link=https%3A%2F%2Fshopee.co.th%2Fproduct%2F45330974%2F731697224,https://shope.ee/an_redir?origin_link=https%3A%2F%2Fshopee.co.th%2Fproduct%2F45330974%2F731697224,200,Valid Link,True,Verified authentic product link
shopee-feed-119189798-1879083567,YumYum ยำยำคัพเต็มเต็ม รสสุกี้ทะเล 60 กรัม แพ็ก 6 ถ้วย,shopee-feed-catalog,shopee,https://shope.ee/an_redir?origin_link=https%3A%2F%2Fshopee.co.th%2Fproduct%2F119189798%2F1879083567,https://shope.ee/an_redir?origin_link=https%3A%2F%2Fshopee.co.th%2Fproduct%2F119189798%2F1879083567,200,Valid Link,True,Verified authentic product link
shopee-feed-1517129756-27635799948,Tinder Gold - 12 เดือน เห็นคนไลก์ก่อน | Top Picks ทุกวัน,shopee-feed-catalog,shopee,https://shope.ee/an_redir?origin_link=https%3A%2F%2Fshopee.co.th%2Fproduct%2F1517129756%2F27635799948,https://shope.ee/an_redir?origin_link=https%3A%2F%2Fshopee.co.th%2Fproduct%2F1517129756%2F27635799948,200,Valid Link,True,Verified authentic product link
shopee-feed-82471280-21380696775,"MATELL L-Arginine 1,000mg plus Zinc 50 Tablets แอล อาร์จีนิน 1000มก ผสม ซิงค์",shopee-feed-catalog,shopee,https://shope.ee/an_redir?origin_link=https%3A%2F%2Fshopee.co.th%2Fproduct%2F82471280%2F21380696775,https://shope.ee/an_redir?origin_link=https%3A%2F%2Fshopee.co.th%2Fproduct%2F82471280%2F21380696775,200,Valid Link,True,Verified authentic product link
shopee-feed-996675217-28137608803,yoyopet : Cat collar ปลอกคอแมว ลายซากุระ สีพาสเทล ปลอกคอนิรภัย สวมใส่สบาย ไม่เจ็บคอ,shopee-feed-catalog,shopee,https://shope.ee/an_redir?origin_link=https%3A%2F%2Fshopee.co.th%2Fproduct%2F996675217%2F28137608803,https://shope.ee/an_redir?origin_link=https%3A%2F%2Fshopee.co.th%2Fproduct%2F996675217%2F28137608803,200,Valid Link,True,Verified authentic product link
shopee-feed-168093522-23622837092,GQ Cool Tech™ กางเกงในไข่เย็น รุ่น Allday เปลอุ้มไข่ ทรง Trunks,shopee-feed-catalog,shopee,https://shope.ee/an_redir?origin_link=https%3A%2F%2Fshopee.co.th%2Fproduct%2F168093522%2F23622837092,https://shope.ee/an_redir?origin_link=https%3A%2F%2Fshopee.co.th%2Fproduct%2F168093522%2F23622837092,200,Valid Link,True,Verified authentic product link
shopee-feed-240723932-57710110079,Yuedpao Ultrasoft Non-Iron (Long Sleeve) - White เสื้อยืดแขนยาว สีขาว ผ้านุ่ม ใส่สบาย ไม่ต้องรีด,shopee-feed-catalog,shopee,https://shope.ee/an_redir?origin_link=https%3A%2F%2Fshopee.co.th%2Fproduct%2F240723932%2F57710110079,https://shope.ee/an_redir?origin_link=https%3A%2F%2Fshopee.co.th%2Fproduct%2F240723932%2F57710110079,200,Valid Link,True,Verified authentic product link
shopee-feed-240723932-50358000379,Yuedpao Smooth Flex Jeans (Double Pleated Slim) กางเกงยีนส์ผู้ชายทรงสลิม ยืดแต่ไม่ย้วย ยีนส์ยืด กางเกงยีนส์,shopee-feed-catalog,shopee,https://shope.ee/an_redir?origin_link=https%3A%2F%2Fshopee.co.th%2Fproduct%2F240723932%2F50358000379,https://shope.ee/an_redir?origin_link=https%3A%2F%2Fshopee.co.th%2Fproduct%2F240723932%2F50358000379,200,Valid Link,True,Verified authentic product link
shopee-feed-23688354-10556645502,"Snake Brand แป้งเย็นตรางู คลาสสิค ขนาด 140 กรัม(แป้งเย็น, prickly heat cooling powder)",shopee-feed-catalog,shopee,https://shope.ee/an_redir?origin_link=https%3A%2F%2Fshopee.co.th%2Fproduct%2F23688354%2F10556645502,https://shope.ee/an_redir?origin_link=https%3A%2F%2Fshopee.co.th%2Fproduct%2F23688354%2F10556645502,200,Valid Link,True,Verified authentic product link
shopee-feed-760018941-43529627931,Diller Thailand กระติกน้ำ PPSU 380/520 ml. กระติกน้ำ PPSU ขวดน้ำฝาหมุน ยกดื่มง่าย ปราศจาก BPA ส่งจากกทม.,shopee-feed-catalog,shopee,https://shope.ee/an_redir?origin_link=https%3A%2F%2Fshopee.co.th%2Fproduct%2F760018941%2F43529627931,https://shope.ee/an_redir?origin_link=https%3A%2F%2Fshopee.co.th%2Fproduct%2F760018941%2F43529627931,200,Valid Link,True,Verified authentic product link
shopee-feed-260630102-27631827309,ข้าวแสนดี ข้าวกล้องหอม 100 % 5 กก. จำนวน 5 ถุง ข้าวเพื่อสุขภาพ,shopee-feed-catalog,shopee,https://shope.ee/an_redir?origin_link=https%3A%2F%2Fshopee.co.th%2Fproduct%2F260630102%2F27631827309,https://shope.ee/an_redir?origin_link=https%3A%2F%2Fshopee.co.th%2Fproduct%2F260630102%2F27631827309,200,Valid Link,True,Verified authentic product link
shopee-feed-76673436-24228067376,"Royal Canin Urinary Care 10kg อาหารเม็ดแมวโต ดูแลสุขภาพทางเดินปัสสาวะ อายุ 1 ปีขึ้นไป (Dry Cat Food, โรยัล คานิน)",shopee-feed-catalog,shopee,https://shope.ee/an_redir?origin_link=https%3A%2F%2Fshopee.co.th%2Fproduct%2F76673436%2F24228067376,https://shope.ee/an_redir?origin_link=https%3A%2F%2Fshopee.co.th%2Fproduct%2F76673436%2F24228067376,200,Valid Link,True,Verified authentic product link
shopee-feed-159399343-55200735872,คุชชั่นออร่าริช(แบบซอง) 1 กล่อง / คุชชั่นผิวฉ่ำโกลว์ (AURA RICH CUSHION SPF50 PA++++),shopee-feed-catalog,shopee,https://shope.ee/an_redir?origin_link=https%3A%2F%2Fshopee.co.th%2Fproduct%2F159399343%2F55200735872,https://shope.ee/an_redir?origin_link=https%3A%2F%2Fshopee.co.th%2Fproduct%2F159399343%2F55200735872,200,Valid Link,True,Verified authentic product link
shopee-feed-251293353-51555784297,HUAWEI WATCH GT Runner 2 | สมาร์ทวอทช์ | ระบุตำแหน่งแม่นยำ & ดูแลสุขภาพระดับโปร,shopee-feed-catalog,shopee,https://shope.ee/an_redir?origin_link=https%3A%2F%2Fshopee.co.th%2Fproduct%2F251293353%2F51555784297,https://shope.ee/an_redir?origin_link=https%3A%2F%2Fshopee.co.th%2Fproduct%2F251293353%2F51555784297,200,Valid Link,True,Verified authentic product link
shopee-feed-457288540-10527633102,Oxe'cure แต้มสิว แป้งน้ำชมพูลดสิว Acne Clear Potion 15 ml จากประเทศญี่ปุ่น (10OX00096X2),shopee-feed-catalog,shopee,https://shope.ee/an_redir?origin_link=https%3A%2F%2Fshopee.co.th%2Fproduct%2F457288540%2F10527633102,https://shope.ee/an_redir?origin_link=https%3A%2F%2Fshopee.co.th%2Fproduct%2F457288540%2F10527633102,200,Valid Link,True,Verified authentic product link
shopee-feed-95051440-23072337432,Family Guard Multi Surface Spray Fresh Linen 500ml แฟมิลี่การ์ด สเปรย์ทำความสะอาดอเนกประสงค์และฆ่าเชื้อโรคกลิ่นเฟรชลินิน,shopee-feed-catalog,shopee,https://shope.ee/an_redir?origin_link=https%3A%2F%2Fshopee.co.th%2Fproduct%2F95051440%2F23072337432,https://shope.ee/an_redir?origin_link=https%3A%2F%2Fshopee.co.th%2Fproduct%2F95051440%2F23072337432,200,Valid Link,True,Verified authentic product link
shopee-feed-11645069-57713421090,NICHARIS - เสื้อแขนยาวแต่งลูกไม้ผ้าไม่หนา รุ่น Posie Top,shopee-feed-catalog,shopee,https://shope.ee/an_redir?origin_link=https%3A%2F%2Fshopee.co.th%2Fproduct%2F11645069%2F57713421090,https://shope.ee/an_redir?origin_link=https%3A%2F%2Fshopee.co.th%2Fproduct%2F11645069%2F57713421090,200,Valid Link,True,Verified authentic product link
shopee-feed-869005349-28083653718,ชามมัทฉะญี่ปุ่น 5 ชิ้น Matcha Whisk Matcha Bowl ชุดชงมัทฉะ ชุดชาชุดชงมัทฉะเซรามิค ที่ตักมัทฉะ ชามมัทฉะสําหรับคนรักชา,shopee-feed-catalog,shopee,https://shope.ee/an_redir?origin_link=https%3A%2F%2Fshopee.co.th%2Fproduct%2F869005349%2F28083653718,https://shope.ee/an_redir?origin_link=https%3A%2F%2Fshopee.co.th%2Fproduct%2F869005349%2F28083653718,200,Valid Link,True,Verified authentic product link
shopee-feed-1767427214-56663975218,Midea ไมโครเวฟ 20 ลิตร รุ่น MM720CJ9 ระบบ Solo อุ่นอาหารง่าย ปรับระดับความร้อนได้ ใช้งานสะดวก ประหยัดไฟ,shopee-feed-catalog,shopee,https://shope.ee/an_redir?origin_link=https%3A%2F%2Fshopee.co.th%2Fproduct%2F1767427214%2F56663975218,https://shope.ee/an_redir?origin_link=https%3A%2F%2Fshopee.co.th%2Fproduct%2F1767427214%2F56663975218,200,Valid Link,True,Verified authentic product link
shopee-feed-13037400-98662525,VISTRA Acerola Cherry 1000 mg. (100 Tablets) 145g.,shopee-feed-catalog,shopee,https://shope.ee/an_redir?origin_link=https%3A%2F%2Fshopee.co.th%2Fproduct%2F13037400%2F98662525,https://shope.ee/an_redir?origin_link=https%3A%2F%2Fshopee.co.th%2Fproduct%2F13037400%2F98662525,200,Valid Link,True,Verified authentic product link
shopee-feed-1202170187-45450244866,Edifier P230 USB-C หูฟังแบบมีสาย พร้อมเสียงคุณภาพสูง ไมโครโฟนในตัว มาตรฐาน IP54 รองรับแอป,shopee-feed-catalog,shopee,https://shope.ee/an_redir?origin_link=https%3A%2F%2Fshopee.co.th%2Fproduct%2F1202170187%2F45450244866,https://shope.ee/an_redir?origin_link=https%3A%2F%2Fshopee.co.th%2Fproduct%2F1202170187%2F45450244866,200,Valid Link,True,Verified authentic product link
shopee-feed-325660673-6559818501,DoiTung Macadamia Natural Spread (200 g.) ถั่ว แมคคาเดเมีย สเปรด รสธรรมชาติ ดอยตุง,shopee-feed-catalog,shopee,https://shope.ee/an_redir?origin_link=https%3A%2F%2Fshopee.co.th%2Fproduct%2F325660673%2F6559818501,https://shope.ee/an_redir?origin_link=https%3A%2F%2Fshopee.co.th%2Fproduct%2F325660673%2F6559818501,200,Valid Link,True,Verified authentic product link
shopee-feed-46164740-46800957000,เจลกำจัดมด กำจัดมด ของแท้ ส่งไว,shopee-feed-catalog,shopee,https://shope.ee/an_redir?origin_link=https%3A%2F%2Fshopee.co.th%2Fproduct%2F46164740%2F46800957000,https://shope.ee/an_redir?origin_link=https%3A%2F%2Fshopee.co.th%2Fproduct%2F46164740%2F46800957000,200,Valid Link,True,Verified authentic product link
shopee-feed-12455213-29759423816,Sabina กางเกงชั้นใน (Set 5 ชิ้น) Microfiber Everyday Series กางเกงในทรงบิกินี่ รหัส NUZ24016BK - สีดำ,shopee-feed-catalog,shopee,https://shope.ee/an_redir?origin_link=https%3A%2F%2Fshopee.co.th%2Fproduct%2F12455213%2F29759423816,https://shope.ee/an_redir?origin_link=https%3A%2F%2Fshopee.co.th%2Fproduct%2F12455213%2F29759423816,200,Valid Link,True,Verified authentic product link
shopee-feed-217011248-12427638138,Protriva Black Seeds [2 กระปุก] ข้อ เข่าโปรทริว่า แบล็คซีดส์ น้ำมันงาดำสกัดเย็น ปวดข้อปวดเข่า,shopee-feed-catalog,shopee,https://shope.ee/an_redir?origin_link=https%3A%2F%2Fshopee.co.th%2Fproduct%2F217011248%2F12427638138,https://shope.ee/an_redir?origin_link=https%3A%2F%2Fshopee.co.th%2Fproduct%2F217011248%2F12427638138,200,Valid Link,True,Verified authentic product link
shopee-feed-168093522-58162640714,GQ Minimal Jeans Shorts กางเกงยีนส์ขาสั้น ใส่สบาย ดีไซน์มินิมอล มาพร้อมกระเป๋า 7 ช่อง,shopee-feed-catalog,shopee,https://shope.ee/an_redir?origin_link=https%3A%2F%2Fshopee.co.th%2Fproduct%2F168093522%2F58162640714,https://shope.ee/an_redir?origin_link=https%3A%2F%2Fshopee.co.th%2Fproduct%2F168093522%2F58162640714,200,Valid Link,True,Verified authentic product link
shopee-feed-1267306442-50106356182,SOLOEVER IPX8 โทรศัพท์มือถือกระเป๋ากันน้ําสามารถหน้าจอสัมผัสห้อยคอว่ายน้ําล่องแก่งดําน้ําปิดผนึกถุง,shopee-feed-catalog,shopee,https://shope.ee/an_redir?origin_link=https%3A%2F%2Fshopee.co.th%2Fproduct%2F1267306442%2F50106356182,https://shope.ee/an_redir?origin_link=https%3A%2F%2Fshopee.co.th%2Fproduct%2F1267306442%2F50106356182,200,Valid Link,True,Verified authentic product link
shopee-feed-269619224-29680495496,"Nubia Neo 3 GT 5G (12+256GB) - ปุ่มL/R Shoulder Triggers l แบต6000mAh ชาร์จไว80W l จอ 6.8""120Hz",shopee-feed-catalog,shopee,https://shope.ee/an_redir?origin_link=https%3A%2F%2Fshopee.co.th%2Fproduct%2F269619224%2F29680495496,https://shope.ee/an_redir?origin_link=https%3A%2F%2Fshopee.co.th%2Fproduct%2F269619224%2F29680495496,200,Valid Link,True,Verified authentic product link
shopee-feed-214411437-48615777958,ZabBean ถั่วแสบ ถั่วลันเตาทอดกรอบ รสเผ็ด(ไฟลุก),shopee-feed-catalog,shopee,https://shope.ee/an_redir?origin_link=https%3A%2F%2Fshopee.co.th%2Fproduct%2F214411437%2F48615777958,https://shope.ee/an_redir?origin_link=https%3A%2F%2Fshopee.co.th%2Fproduct%2F214411437%2F48615777958,200,Valid Link,True,Verified authentic product link
shopee-feed-164729718-53116721906,Nestea freshie tumbler ของแถมห้ามจำหน่าย,shopee-feed-catalog,shopee,https://shope.ee/an_redir?origin_link=https%3A%2F%2Fshopee.co.th%2Fproduct%2F164729718%2F53116721906,https://shope.ee/an_redir?origin_link=https%3A%2F%2Fshopee.co.th%2Fproduct%2F164729718%2F53116721906,200,Valid Link,True,Verified authentic product link
shopee-feed-369799942-43804416296,เซตแก้มใสปากสวย (คริสตัลคิวบ์ + ลิปมาร์เบิ้ล) Charmiss Crystal Cube PH Changing Blush Gel และ The Milky Way Marble Liqu,shopee-feed-catalog,shopee,https://shope.ee/an_redir?origin_link=https%3A%2F%2Fshopee.co.th%2Fproduct%2F369799942%2F43804416296,https://shope.ee/an_redir?origin_link=https%3A%2F%2Fshopee.co.th%2Fproduct%2F369799942%2F43804416296,200,Valid Link,True,Verified authentic product link
shopee-feed-863093341-49061902823,ไฮยีน Hygiene น้ำยาปรับผ้านุ่ม 500มล.,shopee-feed-catalog,shopee,https://shope.ee/an_redir?origin_link=https%3A%2F%2Fshopee.co.th%2Fproduct%2F863093341%2F49061902823,https://shope.ee/an_redir?origin_link=https%3A%2F%2Fshopee.co.th%2Fproduct%2F863093341%2F49061902823,200,Valid Link,True,Verified authentic product link
shopee-feed-123813846-5549364363,SPARKLE แปรงสีฟัน ไอออนิค หัวกว้าง Ionic Wide-Head ToothBrush ฟันขาว ขจัดคราบ (คละสี) (10SK00075X2),shopee-feed-catalog,shopee,https://shope.ee/an_redir?origin_link=https%3A%2F%2Fshopee.co.th%2Fproduct%2F123813846%2F5549364363,https://shope.ee/an_redir?origin_link=https%3A%2F%2Fshopee.co.th%2Fproduct%2F123813846%2F5549364363,200,Valid Link,True,Verified authentic product link
shopee-feed-224882570-19870940982,เซรั่มลดรอยสิว หน้าใส บูสผิวโกลว์ กระชับรูขุมขน สกินแคร์ผิวแพ้ง่าย HER HYNESS POWER GLOW SERUM 30ML,shopee-feed-catalog,shopee,https://shope.ee/an_redir?origin_link=https%3A%2F%2Fshopee.co.th%2Fproduct%2F224882570%2F19870940982,https://shope.ee/an_redir?origin_link=https%3A%2F%2Fshopee.co.th%2Fproduct%2F224882570%2F19870940982,200,Valid Link,True,Verified authentic product link
shopee-feed-348417061-4880072524,Goodmate Chocolate Deluxe Oat Milk กู๊ดเมท นมโอ๊ต สูตรช็อกโกแลตดีลักซ์ ขนาด 180 มล. (1 ลัง : 36 กล่อง),shopee-feed-catalog,shopee,https://shope.ee/an_redir?origin_link=https%3A%2F%2Fshopee.co.th%2Fproduct%2F348417061%2F4880072524,https://shope.ee/an_redir?origin_link=https%3A%2F%2Fshopee.co.th%2Fproduct%2F348417061%2F4880072524,200,Valid Link,True,Verified authentic product link
shopee-feed-1410368605-27074755693,"🌟 [ 3,5,10ขวด] ALLERNIN น้ำหวานเข้มข้น กลิ่นราสเบอรี่",shopee-feed-catalog,shopee,https://shope.ee/an_redir?origin_link=https%3A%2F%2Fshopee.co.th%2Fproduct%2F1410368605%2F27074755693,https://shope.ee/an_redir?origin_link=https%3A%2F%2Fshopee.co.th%2Fproduct%2F1410368605%2F27074755693,200,Valid Link,True,Verified authentic product link
shopee-feed-1623545991-43320726219,Sunnies Flask 25oz Bottle (กระบอกน้ำเก็บความร้อน-เย็น แบบปรับแต่งได้),shopee-feed-catalog,shopee,https://shope.ee/an_redir?origin_link=https%3A%2F%2Fshopee.co.th%2Fproduct%2F1623545991%2F43320726219,https://shope.ee/an_redir?origin_link=https%3A%2F%2Fshopee.co.th%2Fproduct%2F1623545991%2F43320726219,200,Valid Link,True,Verified authentic product link
shopee-feed-156651140-25297681386,โลแลน เนเจอร์โค้ด แชมพูปิดผมขาว 30 มล.,shopee-feed-catalog,shopee,https://shope.ee/an_redir?origin_link=https%3A%2F%2Fshopee.co.th%2Fproduct%2F156651140%2F25297681386,https://shope.ee/an_redir?origin_link=https%3A%2F%2Fshopee.co.th%2Fproduct%2F156651140%2F25297681386,200,Valid Link,True,Verified authentic product link
shopee-feed-941520335-48805406885,ปุยแสบปาก น้ำปลาหวานสูตรแม่ปุย สูตรหวานกำลังดี อร่อย หอม เข้มข้น กุ้งตัวใหญ่เต็มๆคำ,shopee-feed-catalog,shopee,https://shope.ee/an_redir?origin_link=https%3A%2F%2Fshopee.co.th%2Fproduct%2F941520335%2F48805406885,https://shope.ee/an_redir?origin_link=https%3A%2F%2Fshopee.co.th%2Fproduct%2F941520335%2F48805406885,200,Valid Link,True,Verified authentic product link
shopee-feed-1105630512-25450328797,แม็กกาแรต มูสลี่ผสมผลไม้ 1.5 กิโลกรัม,shopee-feed-catalog,shopee,https://shope.ee/an_redir?origin_link=https%3A%2F%2Fshopee.co.th%2Fproduct%2F1105630512%2F25450328797,https://shope.ee/an_redir?origin_link=https%3A%2F%2Fshopee.co.th%2Fproduct%2F1105630512%2F25450328797,200,Valid Link,True,Verified authentic product link
shopee-feed-1212571780-48608015167,GWP ยาหม่องนํ้ำเซียงเพียวอิ๊วสูตร 1 5 ซีซี (ลูกกลิ้ง),shopee-feed-catalog,shopee,https://shope.ee/an_redir?origin_link=https%3A%2F%2Fshopee.co.th%2Fproduct%2F1212571780%2F48608015167,https://shope.ee/an_redir?origin_link=https%3A%2F%2Fshopee.co.th%2Fproduct%2F1212571780%2F48608015167,200,Valid Link,True,Verified authentic product link
shopee-feed-136716946-19431068387,Llttle Trees แผ่นน้ำหอมปรับอากาศ (ลิขสิทธิ์แท้) จำนวนจำกัด Made in USA,shopee-feed-catalog,shopee,https://shope.ee/an_redir?origin_link=https%3A%2F%2Fshopee.co.th%2Fproduct%2F136716946%2F19431068387,https://shope.ee/an_redir?origin_link=https%3A%2F%2Fshopee.co.th%2Fproduct%2F136716946%2F19431068387,200,Valid Link,True,Verified authentic product link
shopee-feed-222833088-4225815244,555paperplus ซองขาวยาว No.9(กล่อง500ซอง) มี 18 ชนิด ดูแบบ/ความหนาที่รายละเอียดค่ะ,shopee-feed-catalog,shopee,https://shope.ee/an_redir?origin_link=https%3A%2F%2Fshopee.co.th%2Fproduct%2F222833088%2F4225815244,https://shope.ee/an_redir?origin_link=https%3A%2F%2Fshopee.co.th%2Fproduct%2F222833088%2F4225815244,200,Valid Link,True,Verified authentic product link
shopee-feed-135860014-13644042315,WSP มู่ลี่ มู่ลี่ตกแต่ง มู่ลี่ประตูพิมพ์ลายเต็มผืน 80x200 cm. รุ่น TK-36 (ลายสวยชัด มีลายให้เลือกเยอะ),shopee-feed-catalog,shopee,https://shope.ee/an_redir?origin_link=https%3A%2F%2Fshopee.co.th%2Fproduct%2F135860014%2F13644042315,https://shope.ee/an_redir?origin_link=https%3A%2F%2Fshopee.co.th%2Fproduct%2F135860014%2F13644042315,200,Valid Link,True,Verified authentic product link
shopee-feed-1382344703-40277913663,AMYJANE Tea Extract Acne-soothing Toner Pads โทนเนอร์แพด สารสกัดจากชา ปลอบประโลมผิว ควบคุมความมันส่วนเกิน,shopee-feed-catalog,shopee,https://shope.ee/an_redir?origin_link=https%3A%2F%2Fshopee.co.th%2Fproduct%2F1382344703%2F40277913663,https://shope.ee/an_redir?origin_link=https%3A%2F%2Fshopee.co.th%2Fproduct%2F1382344703%2F40277913663,200,Valid Link,True,Verified authentic product link
shopee-feed-338420881-27402392469,GLINK GLC-014 สเปรย์ลมกำจัดฝุ่น air duster 550ml กำจัดฝุ่น ละออง และ ผงเล็กๆ บนพีซี และ อุปกรณ์ต่างๆ,shopee-feed-catalog,shopee,https://shope.ee/an_redir?origin_link=https%3A%2F%2Fshopee.co.th%2Fproduct%2F338420881%2F27402392469,https://shope.ee/an_redir?origin_link=https%3A%2F%2Fshopee.co.th%2Fproduct%2F338420881%2F27402392469,200,Valid Link,True,Verified authentic product link
shopee-feed-868298740-41969577077,MR.D.I.Y. เครื่องพ่นไฟอเนกประสงค์ ขนาดพกพา คละสี,shopee-feed-catalog,shopee,https://shope.ee/an_redir?origin_link=https%3A%2F%2Fshopee.co.th%2Fproduct%2F868298740%2F41969577077,https://shope.ee/an_redir?origin_link=https%3A%2F%2Fshopee.co.th%2Fproduct%2F868298740%2F41969577077,200,Valid Link,True,Verified authentic product link
shopee-feed-423131623-26315993208,ขนมปังเลเยอร์เนยสดเซ็ท3แถม1 (4ห่อ),shopee-feed-catalog,shopee,https://shope.ee/an_redir?origin_link=https%3A%2F%2Fshopee.co.th%2Fproduct%2F423131623%2F26315993208,https://shope.ee/an_redir?origin_link=https%3A%2F%2Fshopee.co.th%2Fproduct%2F423131623%2F26315993208,200,Valid Link,True,Verified authentic product link
shopee-feed-272215411-47661779471,*ใส่โค้ดTHE40Lลด10%*Old Spice Gift กระเป๋าอเนกประสงค์สุดพรีเมียม ดีไซน์เรียบหรู,shopee-feed-catalog,shopee,https://shope.ee/an_redir?origin_link=https%3A%2F%2Fshopee.co.th%2Fproduct%2F272215411%2F47661779471,https://shope.ee/an_redir?origin_link=https%3A%2F%2Fshopee.co.th%2Fproduct%2F272215411%2F47661779471,200,Valid Link,True,Verified authentic product link
shopee-feed-296628379-21609847705,Ovaltine โอวัลติน 3อิน1 โกลด์ 30กรัม รุ่น 12 ซอง x 3 แพ็ค,shopee-feed-catalog,shopee,https://shope.ee/an_redir?origin_link=https%3A%2F%2Fshopee.co.th%2Fproduct%2F296628379%2F21609847705,https://shope.ee/an_redir?origin_link=https%3A%2F%2Fshopee.co.th%2Fproduct%2F296628379%2F21609847705,200,Valid Link,True,Verified authentic product link
shopee-feed-1145687524-24413189333,EVES [ครีมเจลอีฟส์ ใหม่] ผิวขาวกระจ่างใส เปล่งปลั่ง ผิวเนียนนุ่ม WHITE REVEAL BRIGHTENING CREAM GEL,shopee-feed-catalog,shopee,https://shope.ee/an_redir?origin_link=https%3A%2F%2Fshopee.co.th%2Fproduct%2F1145687524%2F24413189333,https://shope.ee/an_redir?origin_link=https%3A%2F%2Fshopee.co.th%2Fproduct%2F1145687524%2F24413189333,200,Valid Link,True,Verified authentic product link
shopee-feed-392162410-7182392399,ชิฟฟอนมะพร้าวน้ำหอม 8 ชิ้น นน.230g,shopee-feed-catalog,shopee,https://shope.ee/an_redir?origin_link=https%3A%2F%2Fshopee.co.th%2Fproduct%2F392162410%2F7182392399,https://shope.ee/an_redir?origin_link=https%3A%2F%2Fshopee.co.th%2Fproduct%2F392162410%2F7182392399,200,Valid Link,True,Verified authentic product link
shopee-feed-1628180610-40419188768,"ส่งฟรี รองเท้าผ้าใบ Unisex ไซส์ใหญ่ 36-45 พร้อมส่ง ผ้าใบแฟชั่น ลำลอง พื้นนุ่ม น้ำหนักเบา [LN312,LN510]",shopee-feed-catalog,shopee,https://shope.ee/an_redir?origin_link=https%3A%2F%2Fshopee.co.th%2Fproduct%2F1628180610%2F40419188768,https://shope.ee/an_redir?origin_link=https%3A%2F%2Fshopee.co.th%2Fproduct%2F1628180610%2F40419188768,200,Valid Link,True,Verified authentic product link
shopee-feed-58418206-48462627439,ซันไลต์ เลมอน เทอร์โบ 2400ml x2 x4,shopee-feed-catalog,shopee,https://shope.ee/an_redir?origin_link=https%3A%2F%2Fshopee.co.th%2Fproduct%2F58418206%2F48462627439,https://shope.ee/an_redir?origin_link=https%3A%2F%2Fshopee.co.th%2Fproduct%2F58418206%2F48462627439,200,Valid Link,True,Verified authentic product link
shopee-feed-628267390-47660791165,ANKER soundcore Liberty 5 Pro/Pro Max 'หูฟังบลูทูธ ANC4.0 Earbuds หูฟังไร้สาย Thus Al Chip D1203/D1204,shopee-feed-catalog,shopee,https://shope.ee/an_redir?origin_link=https%3A%2F%2Fshopee.co.th%2Fproduct%2F628267390%2F47660791165,https://shope.ee/an_redir?origin_link=https%3A%2F%2Fshopee.co.th%2Fproduct%2F628267390%2F47660791165,200,Valid Link,True,Verified authentic product link
shopee-feed-12409383-29460022633,Certainty Bed Sheet เซอร์เทนตี้ แผ่นรองซับ RP XXL 8ชิ้น,shopee-feed-catalog,shopee,https://shope.ee/an_redir?origin_link=https%3A%2F%2Fshopee.co.th%2Fproduct%2F12409383%2F29460022633,https://shope.ee/an_redir?origin_link=https%3A%2F%2Fshopee.co.th%2Fproduct%2F12409383%2F29460022633,200,Valid Link,True,Verified authentic product link
shopee-feed-117053721-1977234904,Goodboxpack (แพ็คละ10ใบ) กล่องเค้ก 1 ปอนด์ ทรงปกติ มีหน้าต่าง เป็นกระดาษฟู้ดเกรด ขนาดกว้าง 20 x 20 x 10 ซม.,shopee-feed-catalog,shopee,https://shope.ee/an_redir?origin_link=https%3A%2F%2Fshopee.co.th%2Fproduct%2F117053721%2F1977234904,https://shope.ee/an_redir?origin_link=https%3A%2F%2Fshopee.co.th%2Fproduct%2F117053721%2F1977234904,200,Valid Link,True,Verified authentic product link
shopee-feed-527892985-12521389255,"Coffee Dreamy ครีมเทียม ดรีมมี่ สีฟ้า ขนาด 1,000 กรัม (แพ็ก 3)",shopee-feed-catalog,shopee,https://shope.ee/an_redir?origin_link=https%3A%2F%2Fshopee.co.th%2Fproduct%2F527892985%2F12521389255,https://shope.ee/an_redir?origin_link=https%3A%2F%2Fshopee.co.th%2Fproduct%2F527892985%2F12521389255,200,Valid Link,True,Verified authentic product link
shopee-feed-157431921-14798225017,COSLUXE WINK TO THE BLINK BLINK WINKY BLINKY LIQUID SPARKLING EYELINER อายไลน์เนอร์ กลิตเตอร์,shopee-feed-catalog,shopee,https://shope.ee/an_redir?origin_link=https%3A%2F%2Fshopee.co.th%2Fproduct%2F157431921%2F14798225017,https://shope.ee/an_redir?origin_link=https%3A%2F%2Fshopee.co.th%2Fproduct%2F157431921%2F14798225017,200,Valid Link,True,Verified authentic product link
shopee-feed-16215364-53052990434,"Dreamy Save ครีมเทียม ดรีมมี่ สีแดง ขนาด 1,000 กรัม (แพ็ก6)",shopee-feed-catalog,shopee,https://shope.ee/an_redir?origin_link=https%3A%2F%2Fshopee.co.th%2Fproduct%2F16215364%2F53052990434,https://shope.ee/an_redir?origin_link=https%3A%2F%2Fshopee.co.th%2Fproduct%2F16215364%2F53052990434,200,Valid Link,True,Verified authentic product link
shopee-feed-1483910174-49806749476,Simplecare เครื่องวัดความดัน บันทึกค่าอัตโนมัติ Blood pressure monitor เสียงภาษาไทย รับประกัน 6ปี,shopee-feed-catalog,shopee,https://shope.ee/an_redir?origin_link=https%3A%2F%2Fshopee.co.th%2Fproduct%2F1483910174%2F49806749476,https://shope.ee/an_redir?origin_link=https%3A%2F%2Fshopee.co.th%2Fproduct%2F1483910174%2F49806749476,200,Valid Link,True,Verified authentic product link
shopee-feed-996445635-29301928390,พร้อมส่งในไทย** เสื้อยืดคอกลม ผ้าเรยอน สีฟ้าชมพู นิ่มใส่สบาย Y111,shopee-feed-catalog,shopee,https://shope.ee/an_redir?origin_link=https%3A%2F%2Fshopee.co.th%2Fproduct%2F996445635%2F29301928390,https://shope.ee/an_redir?origin_link=https%3A%2F%2Fshopee.co.th%2Fproduct%2F996445635%2F29301928390,200,Valid Link,True,Verified authentic product link
shopee-feed-195280249-47106091710,BAOJI บาโอจิ รองเท้าผ้าใบ รองเท้าลำลอง แฟชั่นผู้หญิง รุ่น ONLINE EXCLUSIVE ECW306,shopee-feed-catalog,shopee,https://shope.ee/an_redir?origin_link=https%3A%2F%2Fshopee.co.th%2Fproduct%2F195280249%2F47106091710,https://shope.ee/an_redir?origin_link=https%3A%2F%2Fshopee.co.th%2Fproduct%2F195280249%2F47106091710,200,Valid Link,True,Verified authentic product link
shopee-feed-14900925-56107062512,Plantnery First Toner แพลนท์เนอรี่ เฟิร์ส โทนเนอร์ รวมทุกสูตร 250 มล.,shopee-feed-catalog,shopee,https://shope.ee/an_redir?origin_link=https%3A%2F%2Fshopee.co.th%2Fproduct%2F14900925%2F56107062512,https://shope.ee/an_redir?origin_link=https%3A%2F%2Fshopee.co.th%2Fproduct%2F14900925%2F56107062512,200,Valid Link,True,Verified authentic product link
shopee-feed-1320287136-43361473815,KINGSTON DTXM 128GB FLASH DRIVE [แฟลชไดร์ฟ] USB 3.2 DATATRAVELER EXODIA M,shopee-feed-catalog,shopee,https://shope.ee/an_redir?origin_link=https%3A%2F%2Fshopee.co.th%2Fproduct%2F1320287136%2F43361473815,https://shope.ee/an_redir?origin_link=https%3A%2F%2Fshopee.co.th%2Fproduct%2F1320287136%2F43361473815,200,Valid Link,True,Verified authentic product link
shopee-feed-201159618-2970519989,Bioderma Sensibio Gel Moussant 100 ml เจลล้างหน้าผิวแพ้ง่ายสูตรไมเซล่า อ่อนโยนสำหรับผิวบอบบาง แพ้ง่าย,shopee-feed-catalog,shopee,https://shope.ee/an_redir?origin_link=https%3A%2F%2Fshopee.co.th%2Fproduct%2F201159618%2F2970519989,https://shope.ee/an_redir?origin_link=https%3A%2F%2Fshopee.co.th%2Fproduct%2F201159618%2F2970519989,200,Valid Link,True,Verified authentic product link
shopee-feed-79695887-17068206672,สมาร์ทฮาร์ท อาหารสุนัขกระป๋อง เนื้อวัวและตับ 400g/ SmartHeart Canned Dog Food Beef&Liver 400g x1 Can,shopee-feed-catalog,shopee,https://shope.ee/an_redir?origin_link=https%3A%2F%2Fshopee.co.th%2Fproduct%2F79695887%2F17068206672,https://shope.ee/an_redir?origin_link=https%3A%2F%2Fshopee.co.th%2Fproduct%2F79695887%2F17068206672,200,Valid Link,True,Verified authentic product link
shopee-feed-398774720-54962239103,"Riley.apparels - Brooklyn Low Waist Jeans 7019 [พรี Blue wash XS/S/M, Raw blue XS/S/M/L]",shopee-feed-catalog,shopee,https://shope.ee/an_redir?origin_link=https%3A%2F%2Fshopee.co.th%2Fproduct%2F398774720%2F54962239103,https://shope.ee/an_redir?origin_link=https%3A%2F%2Fshopee.co.th%2Fproduct%2F398774720%2F54962239103,200,Valid Link,True,Verified authentic product link
shopee-feed-219885734-3833004246,V CARE วีแคร์ สำลี หนานุ่มใหญ่อเนกประสงค์ 110 กรัม,shopee-feed-catalog,shopee,https://shope.ee/an_redir?origin_link=https%3A%2F%2Fshopee.co.th%2Fproduct%2F219885734%2F3833004246,https://shope.ee/an_redir?origin_link=https%3A%2F%2Fshopee.co.th%2Fproduct%2F219885734%2F3833004246,200,Valid Link,True,Verified authentic product link
shopee-feed-45838542-50910888710,CUTE PRESS SKIN FILTER TINTED SUNSCREEN 30ml ทิ้นท์กันแดดฟิลเตอร์ผิว,shopee-feed-catalog,shopee,https://shope.ee/an_redir?origin_link=https%3A%2F%2Fshopee.co.th%2Fproduct%2F45838542%2F50910888710,https://shope.ee/an_redir?origin_link=https%3A%2F%2Fshopee.co.th%2Fproduct%2F45838542%2F50910888710,200,Valid Link,True,Verified authentic product link
shopee-feed-288879043-27128848098,โลแลน เนทูร่า แฮร์ ไวตามิน บูสเตอร์ ทรีตเมนต์ Lolane Natura Hair Vitamin Booster Treatment 500g.,shopee-feed-catalog,shopee,https://shope.ee/an_redir?origin_link=https%3A%2F%2Fshopee.co.th%2Fproduct%2F288879043%2F27128848098,https://shope.ee/an_redir?origin_link=https%3A%2F%2Fshopee.co.th%2Fproduct%2F288879043%2F27128848098,200,Valid Link,True,Verified authentic product link
shopee-feed-14900925-27217447623,The Charming Garden Dragon's Blood เดอะ ชาร์มมิ่ง การ์เด้น ดราก้อน บลัด 7g,shopee-feed-catalog,shopee,https://shope.ee/an_redir?origin_link=https%3A%2F%2Fshopee.co.th%2Fproduct%2F14900925%2F27217447623,https://shope.ee/an_redir?origin_link=https%3A%2F%2Fshopee.co.th%2Fproduct%2F14900925%2F27217447623,200,Valid Link,True,Verified authentic product link
shopee-feed-345291752-53005956259,Sing - เสื้อกีฬาคอกลมลายสิงห์ 9 สีใส่ได้ทั้งชายและหญิง,shopee-feed-catalog,shopee,https://shope.ee/an_redir?origin_link=https%3A%2F%2Fshopee.co.th%2Fproduct%2F345291752%2F53005956259,https://shope.ee/an_redir?origin_link=https%3A%2F%2Fshopee.co.th%2Fproduct%2F345291752%2F53005956259,200,Valid Link,True,Verified authentic product link
shopee-feed-1154981295-24588149064,JACOB กระเป๋าถือ - Top Handle Bag - SB008/Z,shopee-feed-catalog,shopee,https://shope.ee/an_redir?origin_link=https%3A%2F%2Fshopee.co.th%2Fproduct%2F1154981295%2F24588149064,https://shope.ee/an_redir?origin_link=https%3A%2F%2Fshopee.co.th%2Fproduct%2F1154981295%2F24588149064,200,Valid Link,True,Verified authentic product link
shopee-feed-310183027-40223455555,Yanhee Go 350 ml. ยันฮี เกลือแร่ 350 มล. เครื่องดื่มวิตามินผสมเกลือแร่ กลิ่นผลไม้รวม แพ็ค 12 ขวด (เกลือแร่),shopee-feed-catalog,shopee,https://shope.ee/an_redir?origin_link=https%3A%2F%2Fshopee.co.th%2Fproduct%2F310183027%2F40223455555,https://shope.ee/an_redir?origin_link=https%3A%2F%2Fshopee.co.th%2Fproduct%2F310183027%2F40223455555,200,Valid Link,True,Verified authentic product link
shopee-feed-423131623-25022503328,หน่อไม้กรอบหม่าล่า 1ลังมีประมาณ50ห่อ,shopee-feed-catalog,shopee,https://shope.ee/an_redir?origin_link=https%3A%2F%2Fshopee.co.th%2Fproduct%2F423131623%2F25022503328,https://shope.ee/an_redir?origin_link=https%3A%2F%2Fshopee.co.th%2Fproduct%2F423131623%2F25022503328,200,Valid Link,True,Verified authentic product link
shopee-feed-311317241-20730956082,ทาเบรุ สาหร่ายย่างตัดเส้น สาหร่ายโรยหน้า 500 กรัม,shopee-feed-catalog,shopee,https://shope.ee/an_redir?origin_link=https%3A%2F%2Fshopee.co.th%2Fproduct%2F311317241%2F20730956082,https://shope.ee/an_redir?origin_link=https%3A%2F%2Fshopee.co.th%2Fproduct%2F311317241%2F20730956082,200,Valid Link,True,Verified authentic product link
shopee-feed-252664413-24422470211,มังกรคู่ เรดดี้ รสก๋วยเตี๋ยวเรือน้ำตก วุ้นเส้นกึ่งสำเร็จรูป 55 กรัม แพ็ค 6 ชิ้น,shopee-feed-catalog,shopee,https://shope.ee/an_redir?origin_link=https%3A%2F%2Fshopee.co.th%2Fproduct%2F252664413%2F24422470211,https://shope.ee/an_redir?origin_link=https%3A%2F%2Fshopee.co.th%2Fproduct%2F252664413%2F24422470211,200,Valid Link,True,Verified authentic product link
shopee-feed-287201971-23770979674,Petcho ชามเซรามิคอาหารสัตว์เลี้ยง สำหรับแมวและสุนัข ปากเอียง 15 องศา,shopee-feed-catalog,shopee,https://shope.ee/an_redir?origin_link=https%3A%2F%2Fshopee.co.th%2Fproduct%2F287201971%2F23770979674,https://shope.ee/an_redir?origin_link=https%3A%2F%2Fshopee.co.th%2Fproduct%2F287201971%2F23770979674,200,Valid Link,True,Verified authentic product link
shopee-feed-168093522-26625798693,GQ Pro MED Men Scrub Premium Collection - เสื้อสครับผู้ชาย ผ้าสะท้อนน้ำ ใส่สบาย ยับยาก (ไม่ปักชื่อ),shopee-feed-catalog,shopee,https://shope.ee/an_redir?origin_link=https%3A%2F%2Fshopee.co.th%2Fproduct%2F168093522%2F26625798693,https://shope.ee/an_redir?origin_link=https%3A%2F%2Fshopee.co.th%2Fproduct%2F168093522%2F26625798693,200,Valid Link,True,Verified authentic product link
shopee-feed-662966474-56665125890,Beverly Hills Polo Club เสื้อโปโลไหมพรม แขนสั้น รุ่น LN2F020,shopee-feed-catalog,shopee,https://shope.ee/an_redir?origin_link=https%3A%2F%2Fshopee.co.th%2Fproduct%2F662966474%2F56665125890,https://shope.ee/an_redir?origin_link=https%3A%2F%2Fshopee.co.th%2Fproduct%2F662966474%2F56665125890,200,Valid Link,True,Verified authentic product link
shopee-feed-270751376-24437308948,Anua Rice 70 Glow Milky Toner อานัว โทนเนอร์ข้าว เนื้อน้ำนม ผิวโกลว์กระจ่างใส ผิวกลาสสกิน ผิวนุ่มชุ่มชื้น แข็งแรง 250ml,shopee-feed-catalog,shopee,https://shope.ee/an_redir?origin_link=https%3A%2F%2Fshopee.co.th%2Fproduct%2F270751376%2F24437308948,https://shope.ee/an_redir?origin_link=https%3A%2F%2Fshopee.co.th%2Fproduct%2F270751376%2F24437308948,200,Valid Link,True,Verified authentic product link
shopee-feed-21612020-49007166539,"Bbia Nudy Slim Eyeliner #เปีย อายไลน์เนอร์, ดินสอเขียนขอบตา",shopee-feed-catalog,shopee,https://shope.ee/an_redir?origin_link=https%3A%2F%2Fshopee.co.th%2Fproduct%2F21612020%2F49007166539,https://shope.ee/an_redir?origin_link=https%3A%2F%2Fshopee.co.th%2Fproduct%2F21612020%2F49007166539,200,Valid Link,True,Verified authentic product link
shopee-feed-82732896-21245200435,AUKEY หัวแปลงปลั๊กต่างประเทศ Universal Travel Adapter 30-100W มาพร้อม ช่อง USB-C และ USB-A,shopee-feed-catalog,shopee,https://shope.ee/an_redir?origin_link=https%3A%2F%2Fshopee.co.th%2Fproduct%2F82732896%2F21245200435,https://shope.ee/an_redir?origin_link=https%3A%2F%2Fshopee.co.th%2Fproduct%2F82732896%2F21245200435,200,Valid Link,True,Verified authentic product link
shopee-feed-68019118-1618040569,Merries Japan Tape NB-L x1 pcs. ผ้าอ้อมเด็กเมอร์รี่ส์ชนิดเทป ไซส์ NB-L x1 ชิ้น,shopee-feed-catalog,shopee,https://shope.ee/an_redir?origin_link=https%3A%2F%2Fshopee.co.th%2Fproduct%2F68019118%2F1618040569,https://shope.ee/an_redir?origin_link=https%3A%2F%2Fshopee.co.th%2Fproduct%2F68019118%2F1618040569,200,Valid Link,True,Verified authentic product link
shopee-feed-30318389-7554902733,"PRO ผลิตภัณฑ์ ล้างจาน โปร 3,200 มล. 2 ชิ้น",shopee-feed-catalog,shopee,https://shope.ee/an_redir?origin_link=https%3A%2F%2Fshopee.co.th%2Fproduct%2F30318389%2F7554902733,https://shope.ee/an_redir?origin_link=https%3A%2F%2Fshopee.co.th%2Fproduct%2F30318389%2F7554902733,200,Valid Link,True,Verified authentic product link
shopee-feed-76673436-1420780670,"Royal Canin Exigent Aromatic 4kg อาหารเม็ดแมวโต ช่างเลือกอาหาร ชอบกลิ่นหอม อายุ 1 ปีขึ้นไป (Dry Cat Food, โรยัล คานิน)",shopee-feed-catalog,shopee,https://shope.ee/an_redir?origin_link=https%3A%2F%2Fshopee.co.th%2Fproduct%2F76673436%2F1420780670,https://shope.ee/an_redir?origin_link=https%3A%2F%2Fshopee.co.th%2Fproduct%2F76673436%2F1420780670,200,Valid Link,True,Verified authentic product link
shopee-feed-20439538-40782493416,น้ำสลัด ขนาด 380กรัม ตรา เพียวฟู้ดส์ น้ำสลัดงาคั่ว งาโชยุ น้ำสลัดซีซ่าร์ เทาซันไอซ์แลนด์ ซีฟู้ดส์,shopee-feed-catalog,shopee,https://shope.ee/an_redir?origin_link=https%3A%2F%2Fshopee.co.th%2Fproduct%2F20439538%2F40782493416,https://shope.ee/an_redir?origin_link=https%3A%2F%2Fshopee.co.th%2Fproduct%2F20439538%2F40782493416,200,Valid Link,True,Verified authentic product link
shopee-feed-1421557219-42676336725,เลื่อยไฟฟ้าแบต 8นิ้ว เลื่อยยนต์ 599V 55000mAh แบตเตอรี่ 2 ก้อน เลื่อยโซ่ไฟฟ้า Cordless Chainsaw,shopee-feed-catalog,shopee,https://shope.ee/an_redir?origin_link=https%3A%2F%2Fshopee.co.th%2Fproduct%2F1421557219%2F42676336725,https://shope.ee/an_redir?origin_link=https%3A%2F%2Fshopee.co.th%2Fproduct%2F1421557219%2F42676336725,200,Valid Link,True,Verified authentic product link
shopee-feed-35349998-50156038020,"Femfresh(เฟมเฟรช) น้ำยาทำความสะอาดจุดซ่อนเร้น มี 3 สูตร Daily Wash, Sensitive Wash, Soothing Wash",shopee-feed-catalog,shopee,https://shope.ee/an_redir?origin_link=https%3A%2F%2Fshopee.co.th%2Fproduct%2F35349998%2F50156038020,https://shope.ee/an_redir?origin_link=https%3A%2F%2Fshopee.co.th%2Fproduct%2F35349998%2F50156038020,200,Valid Link,True,Verified authentic product link
shopee-feed-944560235-22871994177,Kaniva อาหารเปียกแมว เปียกแมว คานิว่าเพาซ์ ผสม Vitamins Ball ขนาด 70 กรัม,shopee-feed-catalog,shopee,https://shope.ee/an_redir?origin_link=https%3A%2F%2Fshopee.co.th%2Fproduct%2F944560235%2F22871994177,https://shope.ee/an_redir?origin_link=https%3A%2F%2Fshopee.co.th%2Fproduct%2F944560235%2F22871994177,200,Valid Link,True,Verified authentic product link
shopee-feed-22507473-27579643500,หูฟัง QPLUS Wired Earbud Type-C/Lightning/Jack 3.5mm White by Banana IT,shopee-feed-catalog,shopee,https://shope.ee/an_redir?origin_link=https%3A%2F%2Fshopee.co.th%2Fproduct%2F22507473%2F27579643500,https://shope.ee/an_redir?origin_link=https%3A%2F%2Fshopee.co.th%2Fproduct%2F22507473%2F27579643500,200,Valid Link,True,Verified authentic product link
shopee-feed-967930091-48611674705,"Infinix HOT 70 128+6GB (เพิ่มแรมสูงสุด 18GB) I ชิปเซ็ต Helio G100 I จอ 120Hz ขนาด 6.78"" ชาร์จเร็ว 45W แบต 6000mAh",shopee-feed-catalog,shopee,https://shope.ee/an_redir?origin_link=https%3A%2F%2Fshopee.co.th%2Fproduct%2F967930091%2F48611674705,https://shope.ee/an_redir?origin_link=https%3A%2F%2Fshopee.co.th%2Fproduct%2F967930091%2F48611674705,200,Valid Link,True,Verified authentic product link
shopee-feed-62511698-21530347073,สวอช น้ำยาดันฝุ่น น้ำยาถูพื้น 4ลิตร 1ลิตร | น้ำยาทำความสะอาดพื้น,shopee-feed-catalog,shopee,https://shope.ee/an_redir?origin_link=https%3A%2F%2Fshopee.co.th%2Fproduct%2F62511698%2F21530347073,https://shope.ee/an_redir?origin_link=https%3A%2F%2Fshopee.co.th%2Fproduct%2F62511698%2F21530347073,200,Valid Link,True,Verified authentic product link
shopee-feed-15607060-54504335859,"3M™ Scotch-Brite® สก๊อตช์-ไบรต์ ฟองน้ำหุ้มผ้าตาข่าย, กรีนเนอร์คลีน, 2 ชิ้น/แพ็ค",shopee-feed-catalog,shopee,https://shope.ee/an_redir?origin_link=https%3A%2F%2Fshopee.co.th%2Fproduct%2F15607060%2F54504335859,https://shope.ee/an_redir?origin_link=https%3A%2F%2Fshopee.co.th%2Fproduct%2F15607060%2F54504335859,200,Valid Link,True,Verified authentic product link
shopee-feed-1095732389-23257939736,Pramy พรามี่ อาหารเปียกแมว ครบสูตร ขนาด 60-70 กรัม,shopee-feed-catalog,shopee,https://shope.ee/an_redir?origin_link=https%3A%2F%2Fshopee.co.th%2Fproduct%2F1095732389%2F23257939736,https://shope.ee/an_redir?origin_link=https%3A%2F%2Fshopee.co.th%2Fproduct%2F1095732389%2F23257939736,200,Valid Link,True,Verified authentic product link
shopee-feed-228988613-14195296127,"Baby and Co. New Collection ผ้าอ้อม (Nursing Cloth) ขนาด 30 ""x 30 "" แพ็ค 3 ชิ้น",shopee-feed-catalog,shopee,https://shope.ee/an_redir?origin_link=https%3A%2F%2Fshopee.co.th%2Fproduct%2F228988613%2F14195296127,https://shope.ee/an_redir?origin_link=https%3A%2F%2Fshopee.co.th%2Fproduct%2F228988613%2F14195296127,200,Valid Link,True,Verified authentic product link
shopee-feed-1021509914-24504408844,ใบตัดหญ้า 3ฟัน และ 4ฟัน 10นิ้ว รุ่นหนา 1.6มิล ใบมีดตัดหญ้า 3 ซี่ ทนทาน สําหรับ ตัดหญ้า สวน ยี่ห้อGOLD DRAGON,shopee-feed-catalog,shopee,https://shope.ee/an_redir?origin_link=https%3A%2F%2Fshopee.co.th%2Fproduct%2F1021509914%2F24504408844,https://shope.ee/an_redir?origin_link=https%3A%2F%2Fshopee.co.th%2Fproduct%2F1021509914%2F24504408844,200,Valid Link,True,Verified authentic product link
shopee-feed-936508340-56353802015,Kashiwa หม้อไฟฟ้าอเนกประสงค์ รุ่น KW-134 ขนาด 1.5 ลิตร กำลังไฟ 600 วัตต์,shopee-feed-catalog,shopee,https://shope.ee/an_redir?origin_link=https%3A%2F%2Fshopee.co.th%2Fproduct%2F936508340%2F56353802015,https://shope.ee/an_redir?origin_link=https%3A%2F%2Fshopee.co.th%2Fproduct%2F936508340%2F56353802015,200,Valid Link,True,Verified authentic product link
shopee-feed-217077552-27456811221,adidas ว่ายน้ำ & ไลฟ์สไตล์ รองเท้าแตะ Adilette Comfort Unisex สีดำ GZ5891,shopee-feed-catalog,shopee,https://shope.ee/an_redir?origin_link=https%3A%2F%2Fshopee.co.th%2Fproduct%2F217077552%2F27456811221,https://shope.ee/an_redir?origin_link=https%3A%2F%2Fshopee.co.th%2Fproduct%2F217077552%2F27456811221,200,Valid Link,True,Verified authentic product link
shopee-feed-1085999017-28135507263,ชั้นวางของตู้เย็นแม่เหล็ก 2in1 พร้อมตะขอ2ตัว | ไม่ต้องเจาะผนัง ประหยัดพื้นที่ เก็บเครื่องปรุงครบ,shopee-feed-catalog,shopee,https://shope.ee/an_redir?origin_link=https%3A%2F%2Fshopee.co.th%2Fproduct%2F1085999017%2F28135507263,https://shope.ee/an_redir?origin_link=https%3A%2F%2Fshopee.co.th%2Fproduct%2F1085999017%2F28135507263,200,Valid Link,True,Verified authentic product link
shopee-feed-252925896-3731952357,Silcot Soft Touch สำลี ซิลคอต ซอฟต์ ทัช จำนวน 82 แผ่น (3 แพ็ค),shopee-feed-catalog,shopee,https://shope.ee/an_redir?origin_link=https%3A%2F%2Fshopee.co.th%2Fproduct%2F252925896%2F3731952357,https://shope.ee/an_redir?origin_link=https%3A%2F%2Fshopee.co.th%2Fproduct%2F252925896%2F3731952357,200,Valid Link,True,Verified authentic product link
shopee-feed-9461232-29350673680,ชุดตรวจ HIV Self Test Kit ชุดตรวจเอดส์ ด้วยตนเอง แบบตรวจเลือด ประสิทธิภาพภาพสูง มีอย. Icare,shopee-feed-catalog,shopee,https://shope.ee/an_redir?origin_link=https%3A%2F%2Fshopee.co.th%2Fproduct%2F9461232%2F29350673680,https://shope.ee/an_redir?origin_link=https%3A%2F%2Fshopee.co.th%2Fproduct%2F9461232%2F29350673680,200,Valid Link,True,Verified authentic product link
shopee-feed-269622443-6536810831,Champion Bags (ถุงขยะแชมเปี้ยน) สินค้าขายดี** แบบม้วน กลิ่นหอม- มี 2 ขนาด,shopee-feed-catalog,shopee,https://shope.ee/an_redir?origin_link=https%3A%2F%2Fshopee.co.th%2Fproduct%2F269622443%2F6536810831,https://shope.ee/an_redir?origin_link=https%3A%2F%2Fshopee.co.th%2Fproduct%2F269622443%2F6536810831,200,Valid Link,True,Verified authentic product link
shopee-feed-251855090-27785428669,Dopey.Puffy / Candy Pants กางเกงขายาวลายทาง (A01),shopee-feed-catalog,shopee,https://shope.ee/an_redir?origin_link=https%3A%2F%2Fshopee.co.th%2Fproduct%2F251855090%2F27785428669,https://shope.ee/an_redir?origin_link=https%3A%2F%2Fshopee.co.th%2Fproduct%2F251855090%2F27785428669,200,Valid Link,True,Verified authentic product link
shopee-feed-252082342-25672426667,CEO Factory 10 Probiotics (60g) ซีอีโอ แฟคตอรี่ โพรไบโอติก 10 สายพันธุ์ เสริมภูมิคุ้มกันร่างกาย,shopee-feed-catalog,shopee,https://shope.ee/an_redir?origin_link=https%3A%2F%2Fshopee.co.th%2Fproduct%2F252082342%2F25672426667,https://shope.ee/an_redir?origin_link=https%3A%2F%2Fshopee.co.th%2Fproduct%2F252082342%2F25672426667,200,Valid Link,True,Verified authentic product link
shopee-feed-397869265-40578918090,DOUBLE A กระเป๋า TOTE เมฆนุ่ม ขนาด 41 x 15 x 31 ซม. น้ำเงิน/ครีม,shopee-feed-catalog,shopee,https://shope.ee/an_redir?origin_link=https%3A%2F%2Fshopee.co.th%2Fproduct%2F397869265%2F40578918090,https://shope.ee/an_redir?origin_link=https%3A%2F%2Fshopee.co.th%2Fproduct%2F397869265%2F40578918090,200,Valid Link,True,Verified authentic product link
shopee-feed-125465466-46508349300,Klean&Kare Normal Kare 100 ml น้ำเกลือ คลีนแอนด์แคร์ นอร์มอลแคร์ ปราศจากเชื้อ,shopee-feed-catalog,shopee,https://shope.ee/an_redir?origin_link=https%3A%2F%2Fshopee.co.th%2Fproduct%2F125465466%2F46508349300,https://shope.ee/an_redir?origin_link=https%3A%2F%2Fshopee.co.th%2Fproduct%2F125465466%2F46508349300,200,Valid Link,True,Verified authentic product link
shopee-feed-125004679-23579542719,Deproud Official Store - ดีพราวด์ ( ช้อปปี้การันตี ) - AHA12% กรดแดง ครีมโสม กรดโปรแม็ก (เฉพาะผิวกายแพ้ง่ายไม่แนะนำ),shopee-feed-catalog,shopee,https://shope.ee/an_redir?origin_link=https%3A%2F%2Fshopee.co.th%2Fproduct%2F125004679%2F23579542719,https://shope.ee/an_redir?origin_link=https%3A%2F%2Fshopee.co.th%2Fproduct%2F125004679%2F23579542719,200,Valid Link,True,Verified authentic product link
shopee-feed-16871400-26610883330,บัดดี้ดีน โกลด์ บราซิล อเมริกาโน่ (สูตรไม่หวาน) 2กรัม,shopee-feed-catalog,shopee,https://shope.ee/an_redir?origin_link=https%3A%2F%2Fshopee.co.th%2Fproduct%2F16871400%2F26610883330,https://shope.ee/an_redir?origin_link=https%3A%2F%2Fshopee.co.th%2Fproduct%2F16871400%2F26610883330,200,Valid Link,True,Verified authentic product link
shopee-feed-19684910-25100509446,โมเดลของเล่นรถซิ่งจิ๋วมีลาน 30 คันพร้อมกล่องเก็บพกพา รถแข่งคัวจิ๋ว,shopee-feed-catalog,shopee,https://shope.ee/an_redir?origin_link=https%3A%2F%2Fshopee.co.th%2Fproduct%2F19684910%2F25100509446,https://shope.ee/an_redir?origin_link=https%3A%2F%2Fshopee.co.th%2Fproduct%2F19684910%2F25100509446,200,Valid Link,True,Verified authentic product link
shopee-feed-873611287-42475648606,The originote Sun&Glow Combo set : hya gel Sunscreen&Sunscreen + Moisturizer,shopee-feed-catalog,shopee,https://shope.ee/an_redir?origin_link=https%3A%2F%2Fshopee.co.th%2Fproduct%2F873611287%2F42475648606,https://shope.ee/an_redir?origin_link=https%3A%2F%2Fshopee.co.th%2Fproduct%2F873611287%2F42475648606,200,Valid Link,True,Verified authentic product link
shopee-feed-53866678-1434624711,เซตาฟิล Cetaphil Pro AD Derma Skin Restoring Body Wash ครีมอาบน้ำ ลดผื่นภูมิแพ้ผิวหนัง สำหรับผิวแห้ง - แห้งคันมาก 295ml,shopee-feed-catalog,shopee,https://shope.ee/an_redir?origin_link=https%3A%2F%2Fshopee.co.th%2Fproduct%2F53866678%2F1434624711,https://shope.ee/an_redir?origin_link=https%3A%2F%2Fshopee.co.th%2Fproduct%2F53866678%2F1434624711,200,Valid Link,True,Verified authentic product link
shopee-feed-127157835-24226511192,แผ่นรองเท้า สำหรับผู้ที่ยืนทำงานทั้งวัน Dr.Scholl's Comfort & Energy Work Insoles with Massaging Gel,shopee-feed-catalog,shopee,https://shope.ee/an_redir?origin_link=https%3A%2F%2Fshopee.co.th%2Fproduct%2F127157835%2F24226511192,https://shope.ee/an_redir?origin_link=https%3A%2F%2Fshopee.co.th%2Fproduct%2F127157835%2F24226511192,200,Valid Link,True,Verified authentic product link
shopee-feed-389528981-40858676600,"2026 Xiaomi ทีวี 32 นิ้ว Google TV สมาร์ท ทีวี ลำโพงคู่ขนาด2×8W ประกัน 1 ปี Dolby Audio™, DTS:X, DTS Virtual:X*",shopee-feed-catalog,shopee,https://shope.ee/an_redir?origin_link=https%3A%2F%2Fshopee.co.th%2Fproduct%2F389528981%2F40858676600,https://shope.ee/an_redir?origin_link=https%3A%2F%2Fshopee.co.th%2Fproduct%2F389528981%2F40858676600,200,Valid Link,True,Verified authentic product link
shopee-feed-168593231-2688195063,1142 Bow Jerky / ขนมสุนัข ขนมหมา โบว์เจอร์กี้ รสตับ ขนาดบรรจุ 800กรัม ***1ถุง 165บาท,shopee-feed-catalog,shopee,https://shope.ee/an_redir?origin_link=https%3A%2F%2Fshopee.co.th%2Fproduct%2F168593231%2F2688195063,https://shope.ee/an_redir?origin_link=https%3A%2F%2Fshopee.co.th%2Fproduct%2F168593231%2F2688195063,200,Valid Link,True,Verified authentic product link
shopee-feed-29243550-24058986442,GRAND SPORT กางเกงวอร์มพิมพ์ไดเร็กข้างขา รหัส : 006381,shopee-feed-catalog,shopee,https://shope.ee/an_redir?origin_link=https%3A%2F%2Fshopee.co.th%2Fproduct%2F29243550%2F24058986442,https://shope.ee/an_redir?origin_link=https%3A%2F%2Fshopee.co.th%2Fproduct%2F29243550%2F24058986442,200,Valid Link,True,Verified authentic product link
shopee-feed-309520810-3753006628,KASHIWA หม้อหุงข้าว ไฟฟ้าอุ่นทิพย์ 1.8 ลิตร รุ่น RC-180 สีชมพู หม้อหุง หม้ออุ่นทิพย์,shopee-feed-catalog,shopee,https://shope.ee/an_redir?origin_link=https%3A%2F%2Fshopee.co.th%2Fproduct%2F309520810%2F3753006628,https://shope.ee/an_redir?origin_link=https%3A%2F%2Fshopee.co.th%2Fproduct%2F309520810%2F3753006628,200,Valid Link,True,Verified authentic product link
shopee-feed-295441887-44119686613,AMT Natural Glow Skincare Powder 6.5g (สูตรไม่มีน้ำหอม) - แป้งฝุ่นคุมมัน พร้อมกับบำรุงและกันแดด SPF20 PA++,shopee-feed-catalog,shopee,https://shope.ee/an_redir?origin_link=https%3A%2F%2Fshopee.co.th%2Fproduct%2F295441887%2F44119686613,https://shope.ee/an_redir?origin_link=https%3A%2F%2Fshopee.co.th%2Fproduct%2F295441887%2F44119686613,200,Valid Link,True,Verified authentic product link
shopee-feed-943456793-27925714520,Hello Polo กระเป๋าสะพายผญ crossbody bag เบาและทนทาน ดีไซน์เรียบง่าย วัสดุ EVA แบบกันน้ำ แฟชั่น ทำความสะอาดง่าย BH2007,shopee-feed-catalog,shopee,https://shope.ee/an_redir?origin_link=https%3A%2F%2Fshopee.co.th%2Fproduct%2F943456793%2F27925714520,https://shope.ee/an_redir?origin_link=https%3A%2F%2Fshopee.co.th%2Fproduct%2F943456793%2F27925714520,200,Valid Link,True,Verified authentic product link
shopee-feed-368683904-23681573551,PEURRi Acne Cleanser 100ml สูตร ฝาแดง ผิวมัน + ผิวผสม,shopee-feed-catalog,shopee,https://shope.ee/an_redir?origin_link=https%3A%2F%2Fshopee.co.th%2Fproduct%2F368683904%2F23681573551,https://shope.ee/an_redir?origin_link=https%3A%2F%2Fshopee.co.th%2Fproduct%2F368683904%2F23681573551,200,Valid Link,True,Verified authentic product link
shopee-feed-886234468-21456218315,"""ผลิตภัณฑ์อาหารเสริมของท่านชาย"" (ตราเอ็กซ์-บ็อกซ์) xbox ของแท้ ไม่ระบุชื่อสินค้า",shopee-feed-catalog,shopee,https://shope.ee/an_redir?origin_link=https%3A%2F%2Fshopee.co.th%2Fproduct%2F886234468%2F21456218315,https://shope.ee/an_redir?origin_link=https%3A%2F%2Fshopee.co.th%2Fproduct%2F886234468%2F21456218315,200,Valid Link,True,Verified authentic product link
shopee-feed-178992334-14997682241,DATA ปลั๊กไฟ ดาต้า 3600watt 3-6 ช่อง 1-6 สวิตช์ สาย 2-5 เมตร รุ่น LV-Series ปลั๊กพ่วง มาตรฐาน มอก. รับประกัน 3 ปี,shopee-feed-catalog,shopee,https://shope.ee/an_redir?origin_link=https%3A%2F%2Fshopee.co.th%2Fproduct%2F178992334%2F14997682241,https://shope.ee/an_redir?origin_link=https%3A%2F%2Fshopee.co.th%2Fproduct%2F178992334%2F14997682241,200,Valid Link,True,Verified authentic product link
shopee-feed-250722446-14158066826,Malkist Cracker Sugar มอลคิสท์ ขนม แครกเกอร์ รสออริจินัล 28 ก. รวม 12 ชิ้น,shopee-feed-catalog,shopee,https://shope.ee/an_redir?origin_link=https%3A%2F%2Fshopee.co.th%2Fproduct%2F250722446%2F14158066826,https://shope.ee/an_redir?origin_link=https%3A%2F%2Fshopee.co.th%2Fproduct%2F250722446%2F14158066826,200,Valid Link,True,Verified authentic product link
shopee-feed-1146805635-25270754376,VELDENT TOOTHPASTE ยาสีฟันเวลเดนท์ คละสูตร มีให้เลือก 3 สูตร ขนาด 100 กรัม,shopee-feed-catalog,shopee,https://shope.ee/an_redir?origin_link=https%3A%2F%2Fshopee.co.th%2Fproduct%2F1146805635%2F25270754376,https://shope.ee/an_redir?origin_link=https%3A%2F%2Fshopee.co.th%2Fproduct%2F1146805635%2F25270754376,200,Valid Link,True,Verified authentic product link
shopee-feed-369271053-12151127943,MOCCONA Gold Crema มอคโคน่า โกลด์ เครมมา กาแฟสำเร็จรูป ขนาด 100 กรัม (ถุง),shopee-feed-catalog,shopee,https://shope.ee/an_redir?origin_link=https%3A%2F%2Fshopee.co.th%2Fproduct%2F369271053%2F12151127943,https://shope.ee/an_redir?origin_link=https%3A%2F%2Fshopee.co.th%2Fproduct%2F369271053%2F12151127943,200,Valid Link,True,Verified authentic product link
shopee-feed-185844020-20980825529,Kaniva Indoor Pouch อาหารแมวคานิว่า ชนิดเปียก ช่วยควบคุมน้ำหนัก ลดกลิ่นมูล ขนาด 70 กรัม,shopee-feed-catalog,shopee,https://shope.ee/an_redir?origin_link=https%3A%2F%2Fshopee.co.th%2Fproduct%2F185844020%2F20980825529,https://shope.ee/an_redir?origin_link=https%3A%2F%2Fshopee.co.th%2Fproduct%2F185844020%2F20980825529,200,Valid Link,True,Verified authentic product link
shopee-feed-45548555-2011181534,Sanremo ถุงเท้าทำงาน ถุงเท้าข้อกลาง ผู้ชาย แซนรีโม กระชับเย็นสบาย ลดกลิ่นเท้า มี 9 สี NIS-SRM1 (6 P),shopee-feed-catalog,shopee,https://shope.ee/an_redir?origin_link=https%3A%2F%2Fshopee.co.th%2Fproduct%2F45548555%2F2011181534,https://shope.ee/an_redir?origin_link=https%3A%2F%2Fshopee.co.th%2Fproduct%2F45548555%2F2011181534,200,Valid Link,True,Verified authentic product link
shopee-feed-332308801-51461350672,Bio C 1000mg Daily IMU+ (30 Tabs) + Fish Oil 1000mg (80 Tabs),shopee-feed-catalog,shopee,https://shope.ee/an_redir?origin_link=https%3A%2F%2Fshopee.co.th%2Fproduct%2F332308801%2F51461350672,https://shope.ee/an_redir?origin_link=https%3A%2F%2Fshopee.co.th%2Fproduct%2F332308801%2F51461350672,200,Valid Link,True,Verified authentic product link
shopee-feed-43431223-20069499379,ยาสีฟัน คอลเกต สตรอว์เบอร์รี่ เจล ลายยูนิคอร์น และ ไดโนเสาร์ (คละลาย) แพ็ก 6 Colgate Toothpaste for Kids Strawberry Gel,shopee-feed-catalog,shopee,https://shope.ee/an_redir?origin_link=https%3A%2F%2Fshopee.co.th%2Fproduct%2F43431223%2F20069499379,https://shope.ee/an_redir?origin_link=https%3A%2F%2Fshopee.co.th%2Fproduct%2F43431223%2F20069499379,200,Valid Link,True,Verified authentic product link
shopee-feed-13037400-29705247683,VISTRA B-Complex Plus Minerals - วิสทร้า บี คอมเพล็กซ์ พลัส มิเนอรอล 36g (30 เม็ด/ขวด),shopee-feed-catalog,shopee,https://shope.ee/an_redir?origin_link=https%3A%2F%2Fshopee.co.th%2Fproduct%2F13037400%2F29705247683,https://shope.ee/an_redir?origin_link=https%3A%2F%2Fshopee.co.th%2Fproduct%2F13037400%2F29705247683,200,Valid Link,True,Verified authentic product link
shopee-feed-71014150-1273768201,LANEIGE Water Bank Blue Hyaluronic Cleansing Foam 150ml,shopee-feed-catalog,shopee,https://shope.ee/an_redir?origin_link=https%3A%2F%2Fshopee.co.th%2Fproduct%2F71014150%2F1273768201,https://shope.ee/an_redir?origin_link=https%3A%2F%2Fshopee.co.th%2Fproduct%2F71014150%2F1273768201,200,Valid Link,True,Verified authentic product link
shopee-feed-311784175-26901050333,ERORO ถุงทรายถ่วงน้ำหนัก Fitness Equipment พกพากสะดวก เหมาะสำหรับข้อมือและข้อเท้า,shopee-feed-catalog,shopee,https://shope.ee/an_redir?origin_link=https%3A%2F%2Fshopee.co.th%2Fproduct%2F311784175%2F26901050333,https://shope.ee/an_redir?origin_link=https%3A%2F%2Fshopee.co.th%2Fproduct%2F311784175%2F26901050333,200,Valid Link,True,Verified authentic product link
shopee-feed-1509413549-41500748052,SUPVIBE กระทะก้นแบน กระทะเคลือบหินไมฟาน ทำอาหารเช้า ขนาดเล็ก น้ําหนักเบา ไม่ติดกระทะ ทำความสะอาดง่าย,shopee-feed-catalog,shopee,https://shope.ee/an_redir?origin_link=https%3A%2F%2Fshopee.co.th%2Fproduct%2F1509413549%2F41500748052,https://shope.ee/an_redir?origin_link=https%3A%2F%2Fshopee.co.th%2Fproduct%2F1509413549%2F41500748052,200,Valid Link,True,Verified authentic product link
shopee-feed-45838542-42324059955,CUTE PRESS HYBRID BRIGHTENING CUSHION SPF 50 PA++++ คุชชั่นเซรั่ม เนื้อบางเบา ผิวไม่ดรอป,shopee-feed-catalog,shopee,https://shope.ee/an_redir?origin_link=https%3A%2F%2Fshopee.co.th%2Fproduct%2F45838542%2F42324059955,https://shope.ee/an_redir?origin_link=https%3A%2F%2Fshopee.co.th%2Fproduct%2F45838542%2F42324059955,200,Valid Link,True,Verified authentic product link
shopee-feed-295441887-49666859964,AMT Liposome Serum 50 mL 4 ขวด - เซรั่มฟื้นบำรุงเกราะผิว ปลอบประโลมผิว ผิวใสอิ่มน้ำ,shopee-feed-catalog,shopee,https://shope.ee/an_redir?origin_link=https%3A%2F%2Fshopee.co.th%2Fproduct%2F295441887%2F49666859964,https://shope.ee/an_redir?origin_link=https%3A%2F%2Fshopee.co.th%2Fproduct%2F295441887%2F49666859964,200,Valid Link,True,Verified authentic product link
shopee-feed-101506559-44510170126,OOcloog Plus Chalk รองเท้าเพื่อการฟื้นฟู,shopee-feed-catalog,shopee,https://shope.ee/an_redir?origin_link=https%3A%2F%2Fshopee.co.th%2Fproduct%2F101506559%2F44510170126,https://shope.ee/an_redir?origin_link=https%3A%2F%2Fshopee.co.th%2Fproduct%2F101506559%2F44510170126,200,Valid Link,True,Verified authentic product link
shopee-feed-943456793-25623639460,Hello Polo รองเท้ากีฬาผู้หญิง รองเท้าแตะลําลอง 3.5CM พื้นหนา กันลื่น ระบายอากาศได้ดี แฟชั่นฤดูร้อน EVA พื้นนิ่ม HP8026W,shopee-feed-catalog,shopee,https://shope.ee/an_redir?origin_link=https%3A%2F%2Fshopee.co.th%2Fproduct%2F943456793%2F25623639460,https://shope.ee/an_redir?origin_link=https%3A%2F%2Fshopee.co.th%2Fproduct%2F943456793%2F25623639460,200,Valid Link,True,Verified authentic product link
shopee-feed-1278126372-28338193522,อุปกรณ์ป้องกันการสูญหายแบบติดตามตำแหน่ง GPS ปลอกคอสัตว์เลี้ยง HOCO E91C เฉพาะระบบ iOS ใช้งานผ่านแอพ Find my ทนทาน,shopee-feed-catalog,shopee,https://shope.ee/an_redir?origin_link=https%3A%2F%2Fshopee.co.th%2Fproduct%2F1278126372%2F28338193522,https://shope.ee/an_redir?origin_link=https%3A%2F%2Fshopee.co.th%2Fproduct%2F1278126372%2F28338193522,200,Valid Link,True,Verified authentic product link
shopee-feed-52792555-29658433660,เจ้าสัว ข้าวตัง (เลือกรสชาติ) ขนาด 80 กรัม,shopee-feed-catalog,shopee,https://shope.ee/an_redir?origin_link=https%3A%2F%2Fshopee.co.th%2Fproduct%2F52792555%2F29658433660,https://shope.ee/an_redir?origin_link=https%3A%2F%2Fshopee.co.th%2Fproduct%2F52792555%2F29658433660,200,Valid Link,True,Verified authentic product link
shopee-feed-864098953-51361671669,ความสวย ฉบับ พส.จีน อำพันดอกท้อ รังนกหิมะ เก๋ากี้แดง พุทราจีน คอลลาเจนธรรมชาติ ช่วยบำรุงผิวพรรณ,shopee-feed-catalog,shopee,https://shope.ee/an_redir?origin_link=https%3A%2F%2Fshopee.co.th%2Fproduct%2F864098953%2F51361671669,https://shope.ee/an_redir?origin_link=https%3A%2F%2Fshopee.co.th%2Fproduct%2F864098953%2F51361671669,200,Valid Link,True,Verified authentic product link
shopee-feed-61637165-1438216818,ง่วนสูน พริกไทยเม็ดขาว 500 g ซอง White Peppercorn,shopee-feed-catalog,shopee,https://shope.ee/an_redir?origin_link=https%3A%2F%2Fshopee.co.th%2Fproduct%2F61637165%2F1438216818,https://shope.ee/an_redir?origin_link=https%3A%2F%2Fshopee.co.th%2Fproduct%2F61637165%2F1438216818,200,Valid Link,True,Verified authentic product link
shopee-feed-63388426-49152160184,Multy Dr.Althea Vitamin C Boosting Serum 30 ml. เซรั่มวิตามินซี ดร.อัลเธีย,shopee-feed-catalog,shopee,https://shope.ee/an_redir?origin_link=https%3A%2F%2Fshopee.co.th%2Fproduct%2F63388426%2F49152160184,https://shope.ee/an_redir?origin_link=https%3A%2F%2Fshopee.co.th%2Fproduct%2F63388426%2F49152160184,200,Valid Link,True,Verified authentic product link
shopee-feed-127643526-22918435346,ปุ้มปุ้ยพร้อมทาน คละรสชาติ จำนวน 7 ซอง,shopee-feed-catalog,shopee,https://shope.ee/an_redir?origin_link=https%3A%2F%2Fshopee.co.th%2Fproduct%2F127643526%2F22918435346,https://shope.ee/an_redir?origin_link=https%3A%2F%2Fshopee.co.th%2Fproduct%2F127643526%2F22918435346,200,Valid Link,True,Verified authentic product link
shopee-feed-37154460-4404410925,Master Art ดินสอดำ HB รุ่น Ribbon (ริบบิ้น) คละลาย - กระบอก 50 แท่ง,shopee-feed-catalog,shopee,https://shope.ee/an_redir?origin_link=https%3A%2F%2Fshopee.co.th%2Fproduct%2F37154460%2F4404410925,https://shope.ee/an_redir?origin_link=https%3A%2F%2Fshopee.co.th%2Fproduct%2F37154460%2F4404410925,200,Valid Link,True,Verified authentic product link
shopee-feed-1202799133-27817429232,ซอสก๋วยเตี๋ยวแห้ง ตราคีโตดิ๊ Dry Noodle Sauce,shopee-feed-catalog,shopee,https://shope.ee/an_redir?origin_link=https%3A%2F%2Fshopee.co.th%2Fproduct%2F1202799133%2F27817429232,https://shope.ee/an_redir?origin_link=https%3A%2F%2Fshopee.co.th%2Fproduct%2F1202799133%2F27817429232,200,Valid Link,True,Verified authentic product link
shopee-feed-1218117642-45006146258,ส่งสินค้าในวันเดียว ผ้ากันแดด ตาข่ายบังแดด 99% แผ่นกรอง กันแสงสะท้อน ม่านบังแดดและฉนวนกันความร้อนที่ดี,shopee-feed-catalog,shopee,https://shope.ee/an_redir?origin_link=https%3A%2F%2Fshopee.co.th%2Fproduct%2F1218117642%2F45006146258,https://shope.ee/an_redir?origin_link=https%3A%2F%2Fshopee.co.th%2Fproduct%2F1218117642%2F45006146258,200,Valid Link,True,Verified authentic product link
shopee-feed-30866128-40502503578,AMUSANT(แพ็ค3 ได้ 6 ถุง สีเขียว) น้ำยาซักผ้าสำหรับเด็ก ผสมปรับผ้านุ่ม 2in1สูตรออแกนิค ขนาด 600 มล. อมูซองต์ เด็กแรกเกิด,shopee-feed-catalog,shopee,https://shope.ee/an_redir?origin_link=https%3A%2F%2Fshopee.co.th%2Fproduct%2F30866128%2F40502503578,https://shope.ee/an_redir?origin_link=https%3A%2F%2Fshopee.co.th%2Fproduct%2F30866128%2F40502503578,200,Valid Link,True,Verified authentic product link
shopee-feed-1531725241-40411310567,TP-Link Archer MR202 AC750 Router ใส่ซิม 4G LTE Dual-Band Wi-Fi ปล่อย 2 คลื่น ประกัน 3 ปี,shopee-feed-catalog,shopee,https://shope.ee/an_redir?origin_link=https%3A%2F%2Fshopee.co.th%2Fproduct%2F1531725241%2F40411310567,https://shope.ee/an_redir?origin_link=https%3A%2F%2Fshopee.co.th%2Fproduct%2F1531725241%2F40411310567,200,Valid Link,True,Verified authentic product link
shopee-feed-77729399-23387180784,ลองบีชซอส ขนาด 900 มล. (เลือกรสชาติได้),shopee-feed-catalog,shopee,https://shope.ee/an_redir?origin_link=https%3A%2F%2Fshopee.co.th%2Fproduct%2F77729399%2F23387180784,https://shope.ee/an_redir?origin_link=https%3A%2F%2Fshopee.co.th%2Fproduct%2F77729399%2F23387180784,200,Valid Link,True,Verified authentic product link
shopee-feed-1105630512-17399471570,แม็กกาแรต แผ่นข้าวโอ๊ตอบ 400 กรัม,shopee-feed-catalog,shopee,https://shope.ee/an_redir?origin_link=https%3A%2F%2Fshopee.co.th%2Fproduct%2F1105630512%2F17399471570,https://shope.ee/an_redir?origin_link=https%3A%2F%2Fshopee.co.th%2Fproduct%2F1105630512%2F17399471570,200,Valid Link,True,Verified authentic product link
shopee-feed-577768260-49252866790,MOYUUM จุกหลอกซิลิโคน Soft-Wing Pacifier,shopee-feed-catalog,shopee,https://shope.ee/an_redir?origin_link=https%3A%2F%2Fshopee.co.th%2Fproduct%2F577768260%2F49252866790,https://shope.ee/an_redir?origin_link=https%3A%2F%2Fshopee.co.th%2Fproduct%2F577768260%2F49252866790,200,Valid Link,True,Verified authentic product link
shopee-feed-61601926-9859703425,เพียวฟู้ดส์ คาราเมล บราวน์ชูการ์ ขนาด 900 กรัม ตรา เพียวโตะ บราวน์ชูการ์ สำหรับทำ ชานมไข่มุก,shopee-feed-catalog,shopee,https://shope.ee/an_redir?origin_link=https%3A%2F%2Fshopee.co.th%2Fproduct%2F61601926%2F9859703425,https://shope.ee/an_redir?origin_link=https%3A%2F%2Fshopee.co.th%2Fproduct%2F61601926%2F9859703425,200,Valid Link,True,Verified authentic product link
shopee-feed-1280278100-48857176476,SURE 4in1 เจลบอลซักผ้า ชัวร์ 8X ขจัดคราบฝังแน่น➕น้ำยาซักผ้➕ปรับผ้านุ่ม➕​​น้ำยาฆ่าเชื้อ​➕​​สารป้องกันสีซีดจาง​(30ลูก),shopee-feed-catalog,shopee,https://shope.ee/an_redir?origin_link=https%3A%2F%2Fshopee.co.th%2Fproduct%2F1280278100%2F48857176476,https://shope.ee/an_redir?origin_link=https%3A%2F%2Fshopee.co.th%2Fproduct%2F1280278100%2F48857176476,200,Valid Link,True,Verified authentic product link
shopee-feed-308013524-22952045915,GEN-DM MF Vanilla Flavor เจ็น-ดีเอ็ม เอ็มเอฟ กลิ่นวานิลลา 2.5 ก.ก ชนิดผง สำหรับผู้ให้อาหารทางสายให้อาหาร จำนวน 2 ถุง,shopee-feed-catalog,shopee,https://shope.ee/an_redir?origin_link=https%3A%2F%2Fshopee.co.th%2Fproduct%2F308013524%2F22952045915,https://shope.ee/an_redir?origin_link=https%3A%2F%2Fshopee.co.th%2Fproduct%2F308013524%2F22952045915,200,Valid Link,True,Verified authentic product link
shopee-feed-1221600347-50451945584,PALA ชุดแปรงแต่งหน้า 5ชิ้น แปรงแต่งหน้า แปรงปัดแก้ม TRAVEL BRUSH SET ขนแปรงบางเบา นุ่มละเอียด ไม่บาดผิว มีกระเป๋า,shopee-feed-catalog,shopee,https://shope.ee/an_redir?origin_link=https%3A%2F%2Fshopee.co.th%2Fproduct%2F1221600347%2F50451945584,https://shope.ee/an_redir?origin_link=https%3A%2F%2Fshopee.co.th%2Fproduct%2F1221600347%2F50451945584,200,Valid Link,True,Verified authentic product link
shopee-feed-26169989-12817333012,IWACHI ไดร์เป่าผม hair dryer GY-2100 1800W พับเก็บได้ พกพาสะดวก ปรับลมได้ 3 ระดับ ปรับลมร้อน/ลมธรรมชาติ/ลมเย็น,shopee-feed-catalog,shopee,https://shope.ee/an_redir?origin_link=https%3A%2F%2Fshopee.co.th%2Fproduct%2F26169989%2F12817333012,https://shope.ee/an_redir?origin_link=https%3A%2F%2Fshopee.co.th%2Fproduct%2F26169989%2F12817333012,200,Valid Link,True,Verified authentic product link
shopee-feed-119383836-24273005905,Se-ed (ซีเอ็ด) : หนังสือ The Psychology of Money : จิตวิทยาว่าด้วยเงิน,shopee-feed-catalog,shopee,https://shope.ee/an_redir?origin_link=https%3A%2F%2Fshopee.co.th%2Fproduct%2F119383836%2F24273005905,https://shope.ee/an_redir?origin_link=https%3A%2F%2Fshopee.co.th%2Fproduct%2F119383836%2F24273005905,200,Valid Link,True,Verified authentic product link
shopee-feed-242877667-20418125283,STARBUCKS BY NESCAFE DOLCE GUSTO เนสกาแฟ โดลเช่ กุสโต้ แคปซูลกาแฟ MATCHA LATTE มัจฉะ ลาเต้ 12 แคปซูล 1 กล่อง,shopee-feed-catalog,shopee,https://shope.ee/an_redir?origin_link=https%3A%2F%2Fshopee.co.th%2Fproduct%2F242877667%2F20418125283,https://shope.ee/an_redir?origin_link=https%3A%2F%2Fshopee.co.th%2Fproduct%2F242877667%2F20418125283,200,Valid Link,True,Verified authentic product link
shopee-feed-1072310932-24059502551,กล่องเก็บเครื่องสำอาง กล่องเก็บของอเนกประสงค์ เก็บอุปกรณ์เครื่องเขียน ลิ้นชักมินิมอล,shopee-feed-catalog,shopee,https://shope.ee/an_redir?origin_link=https%3A%2F%2Fshopee.co.th%2Fproduct%2F1072310932%2F24059502551,https://shope.ee/an_redir?origin_link=https%3A%2F%2Fshopee.co.th%2Fproduct%2F1072310932%2F24059502551,200,Valid Link,True,Verified authentic product link
shopee-feed-1488191462-57103663121,UKIKI Data Cable สายชาร์จ Type C to L 20W สายสั้น 21cm แข็งแรง ชาร์จเร็ว,shopee-feed-catalog,shopee,https://shope.ee/an_redir?origin_link=https%3A%2F%2Fshopee.co.th%2Fproduct%2F1488191462%2F57103663121,https://shope.ee/an_redir?origin_link=https%3A%2F%2Fshopee.co.th%2Fproduct%2F1488191462%2F57103663121,200,Valid Link,True,Verified authentic product link
shopee-feed-662966474-40807472700,Beverly Hills Polo Club หมวกแก๊ป ผ้า Cotton ปักโลโก้ม้า,shopee-feed-catalog,shopee,https://shope.ee/an_redir?origin_link=https%3A%2F%2Fshopee.co.th%2Fproduct%2F662966474%2F40807472700,https://shope.ee/an_redir?origin_link=https%3A%2F%2Fshopee.co.th%2Fproduct%2F662966474%2F40807472700,200,Valid Link,True,Verified authentic product link
shopee-feed-1517434866-40252307497,Hensawa ฟิล์มกันมอง privacy สำหรับ OPPO A3 A3X A5X A6X A6 PRO A6S a98 a96 a95 a94 a79 a77 a76 a60 a58 a57 a18 a17 4G 5G,shopee-feed-catalog,shopee,https://shope.ee/an_redir?origin_link=https%3A%2F%2Fshopee.co.th%2Fproduct%2F1517434866%2F40252307497,https://shope.ee/an_redir?origin_link=https%3A%2F%2Fshopee.co.th%2Fproduct%2F1517434866%2F40252307497,200,Valid Link,True,Verified authentic product link
shopee-feed-26303031-50259844922,FeenMix แร่ธาตุสำหรับต้นยางพารา บำรุงต้นยางพารา ปลอดสารเร่ง,shopee-feed-catalog,shopee,https://shope.ee/an_redir?origin_link=https%3A%2F%2Fshopee.co.th%2Fproduct%2F26303031%2F50259844922,https://shope.ee/an_redir?origin_link=https%3A%2F%2Fshopee.co.th%2Fproduct%2F26303031%2F50259844922,200,Valid Link,True,Verified authentic product link
shopee-feed-240186209-14513169555,ซองไปรษณีย์ ถุง พัสดุ เอกสาร กันน้ำ ถุง แพ็คละ 100 ใบ (พร้อมส่ง),shopee-feed-catalog,shopee,https://shope.ee/an_redir?origin_link=https%3A%2F%2Fshopee.co.th%2Fproduct%2F240186209%2F14513169555,https://shope.ee/an_redir?origin_link=https%3A%2F%2Fshopee.co.th%2Fproduct%2F240186209%2F14513169555,200,Valid Link,True,Verified authentic product link
shopee-feed-54473054-20816249109,Hisense เครื่องซักผ้าฝาบนสองถัง สีขาว ความจุ 14 กก. รุ่น WSRB1401W,shopee-feed-catalog,shopee,https://shope.ee/an_redir?origin_link=https%3A%2F%2Fshopee.co.th%2Fproduct%2F54473054%2F20816249109,https://shope.ee/an_redir?origin_link=https%3A%2F%2Fshopee.co.th%2Fproduct%2F54473054%2F20816249109,200,Valid Link,True,Verified authentic product link
shopee-feed-859353447-22262255391,Wonder Smile Toothpaste ยาสีฟันสำหรับผู้ใหญ่ ปากเหม็น ฟันเหลือง หินปูนหนา จัดการได้ ง่ายนิดเดียว,shopee-feed-catalog,shopee,https://shope.ee/an_redir?origin_link=https%3A%2F%2Fshopee.co.th%2Fproduct%2F859353447%2F22262255391,https://shope.ee/an_redir?origin_link=https%3A%2F%2Fshopee.co.th%2Fproduct%2F859353447%2F22262255391,200,Valid Link,True,Verified authentic product link
shopee-feed-185363988-6812595450,ก้านไม้หอม ปรับอากาศ ขนาด 50 ml ใช้ได้นาน 1-2เดือน น้ำหอมปรับอากาศ น้ำมันหอมระเหย Reed Diffuser,shopee-feed-catalog,shopee,https://shope.ee/an_redir?origin_link=https%3A%2F%2Fshopee.co.th%2Fproduct%2F185363988%2F6812595450,https://shope.ee/an_redir?origin_link=https%3A%2F%2Fshopee.co.th%2Fproduct%2F185363988%2F6812595450,200,Valid Link,True,Verified authentic product link
shopee-feed-211207144-5911644515,Amsel Coenzyme Q10 Plus Vitamin E (60 แคปซูล),shopee-feed-catalog,shopee,https://shope.ee/an_redir?origin_link=https%3A%2F%2Fshopee.co.th%2Fproduct%2F211207144%2F5911644515,https://shope.ee/an_redir?origin_link=https%3A%2F%2Fshopee.co.th%2Fproduct%2F211207144%2F5911644515,200,Valid Link,True,Verified authentic product link
shopee-feed-201488045-49704394613,Dodolove แผ่นแปะซิลิโคน ซิลิโคนแผ่นแปะ ดูแลรอยนูน รอยผ่าตัด รอยสิว สำหรับดูแลแผลเป็น,shopee-feed-catalog,shopee,https://shope.ee/an_redir?origin_link=https%3A%2F%2Fshopee.co.th%2Fproduct%2F201488045%2F49704394613,https://shope.ee/an_redir?origin_link=https%3A%2F%2Fshopee.co.th%2Fproduct%2F201488045%2F49704394613,200,Valid Link,True,Verified authentic product link
shopee-feed-28930752-54661279356,MS01 l FYNE Skin Barrier +Prebiotic +Postbiotic Serum in Sheet Calm Hydration,shopee-feed-catalog,shopee,https://shope.ee/an_redir?origin_link=https%3A%2F%2Fshopee.co.th%2Fproduct%2F28930752%2F54661279356,https://shope.ee/an_redir?origin_link=https%3A%2F%2Fshopee.co.th%2Fproduct%2F28930752%2F54661279356,200,Valid Link,True,Verified authentic product link
shopee-feed-133327872-2505608599,SOLEX กุญแจรหัสล็อคกระเป๋าเดินทาง NO.TSA 33 W,shopee-feed-catalog,shopee,https://shope.ee/an_redir?origin_link=https%3A%2F%2Fshopee.co.th%2Fproduct%2F133327872%2F2505608599,https://shope.ee/an_redir?origin_link=https%3A%2F%2Fshopee.co.th%2Fproduct%2F133327872%2F2505608599,200,Valid Link,True,Verified authentic product link
shopee-feed-1509413549-41550697749,SUPVIBE กระทะอาหารเช้า กระทะไข่ม้วน ทามาโกะยากิ Tamagoyaki ทอดไข่ สี่เหลี่ยม เคลือบไมฟาน ไม่ติดกระทะ,shopee-feed-catalog,shopee,https://shope.ee/an_redir?origin_link=https%3A%2F%2Fshopee.co.th%2Fproduct%2F1509413549%2F41550697749,https://shope.ee/an_redir?origin_link=https%3A%2F%2Fshopee.co.th%2Fproduct%2F1509413549%2F41550697749,200,Valid Link,True,Verified authentic product link
shopee-feed-173120449-40109570626,ชาตรามือ ชานมเอิร์ลเกรย์ปรุงสำเร็จชนิดผง 3in1 - แบบซอง,shopee-feed-catalog,shopee,https://shope.ee/an_redir?origin_link=https%3A%2F%2Fshopee.co.th%2Fproduct%2F173120449%2F40109570626,https://shope.ee/an_redir?origin_link=https%3A%2F%2Fshopee.co.th%2Fproduct%2F173120449%2F40109570626,200,Valid Link,True,Verified authentic product link
shopee-feed-371619118-27571970558,ครีมทาริดสีดวง จุฬาพลัส สูตรเย็นและอ่อนโยน,shopee-feed-catalog,shopee,https://shope.ee/an_redir?origin_link=https%3A%2F%2Fshopee.co.th%2Fproduct%2F371619118%2F27571970558,https://shope.ee/an_redir?origin_link=https%3A%2F%2Fshopee.co.th%2Fproduct%2F371619118%2F27571970558,200,Valid Link,True,Verified authentic product link
shopee-feed-344105894-26026652634,CAMEL เครื่องซักผ้า เครื่องฆ่าเชื้อกึ่งอัตโนมัติขนาดเล็ก 7.5KG แบบถังเดี่ยว สีขาว สีดำ ง่ายต่อการใช้งาน,shopee-feed-catalog,shopee,https://shope.ee/an_redir?origin_link=https%3A%2F%2Fshopee.co.th%2Fproduct%2F344105894%2F26026652634,https://shope.ee/an_redir?origin_link=https%3A%2F%2Fshopee.co.th%2Fproduct%2F344105894%2F26026652634,200,Valid Link,True,Verified authentic product link
shopee-feed-126219157-22403230545,Dentyne Blueberry เดนทีน หมากฝรั่งกลิ่นบลูเบอร์รี แบบแท่ง 5 แผ่น (12.5g),shopee-feed-catalog,shopee,https://shope.ee/an_redir?origin_link=https%3A%2F%2Fshopee.co.th%2Fproduct%2F126219157%2F22403230545,https://shope.ee/an_redir?origin_link=https%3A%2F%2Fshopee.co.th%2Fproduct%2F126219157%2F22403230545,200,Valid Link,True,Verified authentic product link
shopee-feed-32611349-28287151264,โลชั่นโทนอัพ ผิวไบร์ท กันแดด UZI Gluta Whitening SPF50 10X Tone Up Lotion | โลชั่นผิวขาว โทนอัพ กันแดด ครีมผิวขาว บำรุง,shopee-feed-catalog,shopee,https://shope.ee/an_redir?origin_link=https%3A%2F%2Fshopee.co.th%2Fproduct%2F32611349%2F28287151264,https://shope.ee/an_redir?origin_link=https%3A%2F%2Fshopee.co.th%2Fproduct%2F32611349%2F28287151264,200,Valid Link,True,Verified authentic product link
shopee-feed-454010068-28193919176,4in1 ขาตั้งโน้ตบุ๊ก แท็บเล็ต โทรศัพท์ แล็ปท็อป อลูมิเนียมอัลลอยด์ ขาตั้งมือถือ ปรับได้ ไม้เซลฟี่ ขนาดเล็ก พกพาสะดวก,shopee-feed-catalog,shopee,https://shope.ee/an_redir?origin_link=https%3A%2F%2Fshopee.co.th%2Fproduct%2F454010068%2F28193919176,https://shope.ee/an_redir?origin_link=https%3A%2F%2Fshopee.co.th%2Fproduct%2F454010068%2F28193919176,200,Valid Link,True,Verified authentic product link
shopee-feed-37154460-1027726870,Elephant สมุดบิล บิลเงินสด จำนวน 5 เล่ม,shopee-feed-catalog,shopee,https://shope.ee/an_redir?origin_link=https%3A%2F%2Fshopee.co.th%2Fproduct%2F37154460%2F1027726870,https://shope.ee/an_redir?origin_link=https%3A%2F%2Fshopee.co.th%2Fproduct%2F37154460%2F1027726870,200,Valid Link,True,Verified authentic product link
shopee-feed-782919974-23932144530,Multi Xtra Plus The Na วิตามินรวม 1 ก. 30 เม็ด มัลติ เอ็กซ์ตร้า พลัส วิตามินบีรวม multivitamin,shopee-feed-catalog,shopee,https://shope.ee/an_redir?origin_link=https%3A%2F%2Fshopee.co.th%2Fproduct%2F782919974%2F23932144530,https://shope.ee/an_redir?origin_link=https%3A%2F%2Fshopee.co.th%2Fproduct%2F782919974%2F23932144530,200,Valid Link,True,Verified authentic product link
shopee-feed-1128748692-50601594582,"Xiaomi Vacuum Cleaner P30 ｜แรงดูดสูงสุดที่ 22,000Pa｜แบตเตอรี่ใช้งานต่อเนื่องได้ถึง 40 นาที｜ระบบกรองที่แม่นยำ",shopee-feed-catalog,shopee,https://shope.ee/an_redir?origin_link=https%3A%2F%2Fshopee.co.th%2Fproduct%2F1128748692%2F50601594582,https://shope.ee/an_redir?origin_link=https%3A%2F%2Fshopee.co.th%2Fproduct%2F1128748692%2F50601594582,200,Valid Link,True,Verified authentic product link
shopee-feed-16621457-24004407741,Vaseline HB SPF30 PA++ Twin 300ml วาสลีนเอสพีเอฟ30PA++แพ็คคู่ 300มล,shopee-feed-catalog,shopee,https://shope.ee/an_redir?origin_link=https%3A%2F%2Fshopee.co.th%2Fproduct%2F16621457%2F24004407741,https://shope.ee/an_redir?origin_link=https%3A%2F%2Fshopee.co.th%2Fproduct%2F16621457%2F24004407741,200,Valid Link,True,Verified authentic product link
shopee-feed-126219157-24112663413,Halls XS Sugar-Free Cola Chill ฮอลล์ เอ็กซ์เอส ลูกอมชูการ์ฟรี กลิ่นโคล่าและเมนทอล 12g,shopee-feed-catalog,shopee,https://shope.ee/an_redir?origin_link=https%3A%2F%2Fshopee.co.th%2Fproduct%2F126219157%2F24112663413,https://shope.ee/an_redir?origin_link=https%3A%2F%2Fshopee.co.th%2Fproduct%2F126219157%2F24112663413,200,Valid Link,True,Verified authentic product link
shopee-feed-551686165-43433231956,"CLAIRE : (Mochi-0) แว่นกรองแสงไม่มีค่าสายตา รุ่น ""Mochi"" แว่นกรองแสงสีฟ้า กันแดดUV ออกแดดเปลี่ยน ""ชา"" | Glasses",shopee-feed-catalog,shopee,https://shope.ee/an_redir?origin_link=https%3A%2F%2Fshopee.co.th%2Fproduct%2F551686165%2F43433231956,https://shope.ee/an_redir?origin_link=https%3A%2F%2Fshopee.co.th%2Fproduct%2F551686165%2F43433231956,200,Valid Link,True,Verified authentic product link
shopee-feed-310952221-10986847623,Buzz Netura อาหารแมวพรีเมียมโฮลิสติก-เกรนฟรี สูตรเนื้อปลาและเนื้อไก่ สำหรับลูกแมว > 1 เดือน และ แมวโต > 1 ปีขึ้นไป 4 kg,shopee-feed-catalog,shopee,https://shope.ee/an_redir?origin_link=https%3A%2F%2Fshopee.co.th%2Fproduct%2F310952221%2F10986847623,https://shope.ee/an_redir?origin_link=https%3A%2F%2Fshopee.co.th%2Fproduct%2F310952221%2F10986847623,200,Valid Link,True,Verified authentic product link
shopee-feed-82732896-1398526752,AUKEY PowerPlus Sprint พาวเวอร์แบงชาร์จเร็ว 10000mAh ขนาดเล็ก PD20W SCP22.5W รุ่นPB-N83S/PB-Y55,shopee-feed-catalog,shopee,https://shope.ee/an_redir?origin_link=https%3A%2F%2Fshopee.co.th%2Fproduct%2F82732896%2F1398526752,https://shope.ee/an_redir?origin_link=https%3A%2F%2Fshopee.co.th%2Fproduct%2F82732896%2F1398526752,200,Valid Link,True,Verified authentic product link
shopee-feed-26990026-23286621381,ข้าวขาวกข43 5Kg คัดพิเศษ ปลอดสาร ไม่ใช้สารกันมอด แบรนด์ไร่พระจันทร์ ข้าวกข43 กข43 RD43 ข้าวขาว ข้าว,shopee-feed-catalog,shopee,https://shope.ee/an_redir?origin_link=https%3A%2F%2Fshopee.co.th%2Fproduct%2F26990026%2F23286621381,https://shope.ee/an_redir?origin_link=https%3A%2F%2Fshopee.co.th%2Fproduct%2F26990026%2F23286621381,200,Valid Link,True,Verified authentic product link
shopee-feed-379782356-25320262819,FLAXSEED POWDER เครื่องดื่มผงโปรตีนจากเมล็ดแฟกซ์ (ตราวิษามิน) ปลอด GMO ปลอดกลูเตน ออแกรนิก จำนวน 1 ถุง ปริมาณ 100 กรัม,shopee-feed-catalog,shopee,https://shope.ee/an_redir?origin_link=https%3A%2F%2Fshopee.co.th%2Fproduct%2F379782356%2F25320262819,https://shope.ee/an_redir?origin_link=https%3A%2F%2Fshopee.co.th%2Fproduct%2F379782356%2F25320262819,200,Valid Link,True,Verified authentic product link
shopee-feed-257926112-20183613494,Happy Bites Melty Munchies แฮปปี้ไบท์ ขนมข้าวหอมมะลิอบกรอบเด็ก12+ 30g 2รสชาติ ขนมเสริมพัฒนาการ ฝึก Finger Food อาหารเด็ก,shopee-feed-catalog,shopee,https://shope.ee/an_redir?origin_link=https%3A%2F%2Fshopee.co.th%2Fproduct%2F257926112%2F20183613494,https://shope.ee/an_redir?origin_link=https%3A%2F%2Fshopee.co.th%2Fproduct%2F257926112%2F20183613494,200,Valid Link,True,Verified authentic product link
shopee-feed-184273157-24511634824,ครีมสวิสแล็บ บำรุงผิว แลดูชุ่มชื้นดูกระจ่างใส SWISSLAB Nature Power,shopee-feed-catalog,shopee,https://shope.ee/an_redir?origin_link=https%3A%2F%2Fshopee.co.th%2Fproduct%2F184273157%2F24511634824,https://shope.ee/an_redir?origin_link=https%3A%2F%2Fshopee.co.th%2Fproduct%2F184273157%2F24511634824,200,Valid Link,True,Verified authentic product link
shopee-feed-45838542-1696175535,CUTE PRESS JET SET DOLLY EYE MASCARA (NEW DESIGN) มาสคาร่า ขนตาเด้ง งอนตลอดวัน ไม่แพนด้า,shopee-feed-catalog,shopee,https://shope.ee/an_redir?origin_link=https%3A%2F%2Fshopee.co.th%2Fproduct%2F45838542%2F1696175535,https://shope.ee/an_redir?origin_link=https%3A%2F%2Fshopee.co.th%2Fproduct%2F45838542%2F1696175535,200,Valid Link,True,Verified authentic product link
shopee-feed-401238751-25705011033,โฉมใหม่ ดีโอ โรลออน 4 สูตร แพ็ค 6 ขวด,shopee-feed-catalog,shopee,https://shope.ee/an_redir?origin_link=https%3A%2F%2Fshopee.co.th%2Fproduct%2F401238751%2F25705011033,https://shope.ee/an_redir?origin_link=https%3A%2F%2Fshopee.co.th%2Fproduct%2F401238751%2F25705011033,200,Valid Link,True,Verified authentic product link
shopee-feed-119576736-41532112717,นมกล่อง ยกลังx4ลัง นมยูเอชที นมไฮคิวสูตร3 สตาร์ท พรีไบโอโพรเทก รสจืด 180 มล (144 กล่อง) UHT HiQ Start,shopee-feed-catalog,shopee,https://shope.ee/an_redir?origin_link=https%3A%2F%2Fshopee.co.th%2Fproduct%2F119576736%2F41532112717,https://shope.ee/an_redir?origin_link=https%3A%2F%2Fshopee.co.th%2Fproduct%2F119576736%2F41532112717,200,Valid Link,True,Verified authentic product link
shopee-feed-261470761-27219149825,ANKER Soundcore V20i Open-Ear Earbuds หูฟังบลูทูธ Bluetooth 5.4 เสียงเบสหนัก IP55 หูฟังบลูทูธไร้สาย เบาบางกระชับ A3876,shopee-feed-catalog,shopee,https://shope.ee/an_redir?origin_link=https%3A%2F%2Fshopee.co.th%2Fproduct%2F261470761%2F27219149825,https://shope.ee/an_redir?origin_link=https%3A%2F%2Fshopee.co.th%2Fproduct%2F261470761%2F27219149825,200,Valid Link,True,Verified authentic product link
shopee-feed-183924768-23590030394,Moshi Moshi Perfume น้ำหอมโมชิโมชิ น้ำหอมผู้ชาย หอมติดทนนาน ขนาด 50 ml. รุ่น 8100020961 และ 8100020967-20968,shopee-feed-catalog,shopee,https://shope.ee/an_redir?origin_link=https%3A%2F%2Fshopee.co.th%2Fproduct%2F183924768%2F23590030394,https://shope.ee/an_redir?origin_link=https%3A%2F%2Fshopee.co.th%2Fproduct%2F183924768%2F23590030394,200,Valid Link,True,Verified authentic product link
shopee-feed-121205602-24950848285,เซราวี CERAVE BLEMISH CONTROL CLEANSER คลีนเซอร์ สูตรสำหรับผิวเป็นสิวง่าย 5 มล. [สินค้าสมนาคุณงดจำหน่าย],shopee-feed-catalog,shopee,https://shope.ee/an_redir?origin_link=https%3A%2F%2Fshopee.co.th%2Fproduct%2F121205602%2F24950848285,https://shope.ee/an_redir?origin_link=https%3A%2F%2Fshopee.co.th%2Fproduct%2F121205602%2F24950848285,200,Valid Link,True,Verified authentic product link
shopee-feed-59722054-968733127,Hi-jet กระดาษโฟโต้ผิวมัน Inkjet Fruit Series Glossy Photo Paper 120 แกรม A4 100 แผ่น,shopee-feed-catalog,shopee,https://shope.ee/an_redir?origin_link=https%3A%2F%2Fshopee.co.th%2Fproduct%2F59722054%2F968733127,https://shope.ee/an_redir?origin_link=https%3A%2F%2Fshopee.co.th%2Fproduct%2F59722054%2F968733127,200,Valid Link,True,Verified authentic product link
shopee-feed-1202170187-24745836943,Edifier X5 Pro 2025 หูฟังไร้สาย True Wireless พร้อมระบบตัดเสียงรบกวน ANC บลูทูธ V6.0 6 ไมโครโฟน การโทรที่ชัดเจน IP55,shopee-feed-catalog,shopee,https://shope.ee/an_redir?origin_link=https%3A%2F%2Fshopee.co.th%2Fproduct%2F1202170187%2F24745836943,https://shope.ee/an_redir?origin_link=https%3A%2F%2Fshopee.co.th%2Fproduct%2F1202170187%2F24745836943,200,Valid Link,True,Verified authentic product link
shopee-feed-13037400-28905240794,Gluta Complex 1000 Plus Red Orange Extract 30เม็ด + Marine Collagen TriPeptide 1300mg.& CO-Q10 30เม็ด,shopee-feed-catalog,shopee,https://shope.ee/an_redir?origin_link=https%3A%2F%2Fshopee.co.th%2Fproduct%2F13037400%2F28905240794,https://shope.ee/an_redir?origin_link=https%3A%2F%2Fshopee.co.th%2Fproduct%2F13037400%2F28905240794,200,Valid Link,True,Verified authentic product link
shopee-feed-45330974-26461923475,Bata บาจา รองเท้าคัทชูแบบสวม พิธีการ ทางการใส่ทำงาน สำหรับผู้ชาย สีดำ 8316131,shopee-feed-catalog,shopee,https://shope.ee/an_redir?origin_link=https%3A%2F%2Fshopee.co.th%2Fproduct%2F45330974%2F26461923475,https://shope.ee/an_redir?origin_link=https%3A%2F%2Fshopee.co.th%2Fproduct%2F45330974%2F26461923475,200,Valid Link,True,Verified authentic product link
shopee-feed-68017181-1280560815,เบบี้มายด์ สบู่เหลว ดับเบิ้ลมิลล์ ออร์แกนิค ถุงเติม 350 มล.x3 / Babi Mild Double Milk Bath Refill 350ml x3,shopee-feed-catalog,shopee,https://shope.ee/an_redir?origin_link=https%3A%2F%2Fshopee.co.th%2Fproduct%2F68017181%2F1280560815,https://shope.ee/an_redir?origin_link=https%3A%2F%2Fshopee.co.th%2Fproduct%2F68017181%2F1280560815,200,Valid Link,True,Verified authentic product link
shopee-feed-906660326-41002302321,WellPlus ที่นอนยางพาราเสริมสปริงพรีเมียม รุ่น Somnix หนา 10 นิ้ว โครงสร้างแข็งแรง นุ่มเด้งนอนสบาย รองรับน้ำหนักได้ดี,shopee-feed-catalog,shopee,https://shope.ee/an_redir?origin_link=https%3A%2F%2Fshopee.co.th%2Fproduct%2F906660326%2F41002302321,https://shope.ee/an_redir?origin_link=https%3A%2F%2Fshopee.co.th%2Fproduct%2F906660326%2F41002302321,200,Valid Link,True,Verified authentic product link
